index,name,strand,assay_title,ontology_curie,biosample_name,biosample_type,biosample_life_stage,data_source,endedness,genetically_modified,nonzero_mean,output_type,gtex_tissue,histone_mark,transcription_factor
0,CL:0000084 ATAC-seq,.,ATAC-seq,CL:0000084,T-cell,primary_cell,adult,encode,paired,False,0.7397409677505493,OutputType.ATAC,,,
1,CL:0000100 ATAC-seq,.,ATAC-seq,CL:0000100,motor neuron,in_vitro_differentiated_cells,adult,encode,paired,False,0.27313634753227234,OutputType.ATAC,,,
2,CL:0000236 ATAC-seq,.,ATAC-seq,CL:0000236,B cell,primary_cell,adult,encode,paired,False,4.7000813484191895,OutputType.ATAC,,,
3,CL:0000623 ATAC-seq,.,ATAC-seq,CL:0000623,natural killer cell,primary_cell,adult,encode,paired,False,0.9387146234512329,OutputType.ATAC,,,
4,CL:0000624 ATAC-seq,.,ATAC-seq,CL:0000624,"CD4-positive, alpha-beta T cell",primary_cell,adult,encode,paired,False,4.365206241607666,OutputType.ATAC,,,
5,CL:0000625 ATAC-seq,.,ATAC-seq,CL:0000625,"CD8-positive, alpha-beta T cell",primary_cell,adult,encode,paired,False,4.313536643981934,OutputType.ATAC,,,
6,CL:0000787 ATAC-seq,.,ATAC-seq,CL:0000787,memory B cell,primary_cell,adult,encode,paired,False,2.8392298221588135,OutputType.ATAC,,,
7,CL:0000788 ATAC-seq,.,ATAC-seq,CL:0000788,naive B cell,primary_cell,adult,encode,paired,False,1.5962289571762085,OutputType.ATAC,,,
8,CL:0000792 ATAC-seq,.,ATAC-seq,CL:0000792,"CD4-positive, CD25-positive, alpha-beta regulatory T cell",primary_cell,adult,encode,paired,False,1.5548043251037598,OutputType.ATAC,,,
9,CL:0000895 ATAC-seq,.,ATAC-seq,CL:0000895,"naive thymus-derived CD4-positive, alpha-beta T cell",primary_cell,adult,encode,paired,False,1.0227291584014893,OutputType.ATAC,,,
10,CL:0000899 ATAC-seq,.,ATAC-seq,CL:0000899,T-helper 17 cell,primary_cell,adult,encode,paired,False,1.5611252784729004,OutputType.ATAC,,,
11,CL:0000900 ATAC-seq,.,ATAC-seq,CL:0000900,"naive thymus-derived CD8-positive, alpha-beta T cell",primary_cell,adult,encode,paired,False,1.8816421031951904,OutputType.ATAC,,,
12,CL:0000907 ATAC-seq,.,ATAC-seq,CL:0000907,"central memory CD8-positive, alpha-beta T cell",primary_cell,adult,encode,paired,False,4.821074485778809,OutputType.ATAC,,,
13,CL:0000913 ATAC-seq,.,ATAC-seq,CL:0000913,"effector memory CD8-positive, alpha-beta T cell",primary_cell,adult,encode,paired,False,2.472047805786133,OutputType.ATAC,,,
14,CL:1001606 ATAC-seq,.,ATAC-seq,CL:1001606,foreskin keratinocyte,primary_cell,newborn,encode,paired,False,0.4663943946361542,OutputType.ATAC,,,
15,CLO:0013950 ATAC-seq,.,ATAC-seq,CLO:0013950,GM21619,cell_line,adult,encode,paired,False,1.7834908962249756,OutputType.ATAC,,,
16,CLO:0014043 ATAC-seq,.,ATAC-seq,CLO:0014043,GM21717,cell_line,adult,encode,paired,False,1.2564560174942017,OutputType.ATAC,,,
17,CLO:0014078 ATAC-seq,.,ATAC-seq,CLO:0014078,GM21529,cell_line,adult,encode,paired,False,1.5800923109054565,OutputType.ATAC,,,
18,CLO:0014080 ATAC-seq,.,ATAC-seq,CLO:0014080,GM21528,cell_line,adult,encode,paired,False,1.3013041019439697,OutputType.ATAC,,,
19,CLO:0014083 ATAC-seq,.,ATAC-seq,CLO:0014083,GM21526,cell_line,adult,encode,paired,False,1.3625142574310303,OutputType.ATAC,,,
20,CLO:0014097 ATAC-seq,.,ATAC-seq,CLO:0014097,GM21576,cell_line,adult,encode,paired,False,1.7179261445999146,OutputType.ATAC,,,
21,CLO:0014163 ATAC-seq,.,ATAC-seq,CLO:0014163,GM21447,cell_line,adult,encode,paired,False,2.170809030532837,OutputType.ATAC,,,
22,CLO:0014886 ATAC-seq,.,ATAC-seq,CLO:0014886,GM21723,cell_line,adult,encode,paired,False,1.3347936868667603,OutputType.ATAC,,,
23,CLO:0014941 ATAC-seq,.,ATAC-seq,CLO:0014941,GM21825,cell_line,adult,encode,paired,False,1.5821340084075928,OutputType.ATAC,,,
24,CLO:0015884 ATAC-seq,.,ATAC-seq,CLO:0015884,GM21390,cell_line,adult,encode,paired,False,1.7690157890319824,OutputType.ATAC,,,
25,CLO:0015895 ATAC-seq,.,ATAC-seq,CLO:0015895,GM21381,cell_line,adult,encode,paired,False,1.7851890325546265,OutputType.ATAC,,,
26,CLO:0015900 ATAC-seq,.,ATAC-seq,CLO:0015900,GM21367,cell_line,adult,encode,paired,False,2.0021002292633057,OutputType.ATAC,,,
27,CLO:0015908 ATAC-seq,.,ATAC-seq,CLO:0015908,GM21360,cell_line,adult,encode,paired,False,1.826042890548706,OutputType.ATAC,,,
28,CLO:0015947 ATAC-seq,.,ATAC-seq,CLO:0015947,GM21423,cell_line,adult,encode,paired,False,1.6216312646865845,OutputType.ATAC,,,
29,CLO:0024877 ATAC-seq,.,ATAC-seq,CLO:0024877,GM18511,cell_line,adult,encode,paired,False,1.3245776891708374,OutputType.ATAC,,,
30,CLO:0024886 ATAC-seq,.,ATAC-seq,CLO:0024886,GM18519,cell_line,adult,encode,paired,False,1.904711365699768,OutputType.ATAC,,,
31,CLO:0024890 ATAC-seq,.,ATAC-seq,CLO:0024890,GM18517,cell_line,adult,encode,paired,False,1.3415968418121338,OutputType.ATAC,,,
32,CLO:0024898 ATAC-seq,.,ATAC-seq,CLO:0024898,GM18520,cell_line,adult,encode,paired,False,1.8731361627578735,OutputType.ATAC,,,
33,CLO:0024919 ATAC-seq,.,ATAC-seq,CLO:0024919,GM18508,cell_line,adult,encode,paired,False,2.859638214111328,OutputType.ATAC,,,
34,CLO:0024933 ATAC-seq,.,ATAC-seq,CLO:0024933,GM18499,cell_line,adult,encode,paired,False,3.3136110305786133,OutputType.ATAC,,,
35,CLO:0024937 ATAC-seq,.,ATAC-seq,CLO:0024937,GM18498,cell_line,adult,encode,paired,False,1.1740740537643433,OutputType.ATAC,,,
36,CLO:0025816 ATAC-seq,.,ATAC-seq,CLO:0025816,GM19035,cell_line,adult,encode,paired,False,1.7000188827514648,OutputType.ATAC,,,
37,CLO:0026238 ATAC-seq,.,ATAC-seq,CLO:0026238,GM18907,cell_line,adult,encode,paired,False,0.7575818300247192,OutputType.ATAC,,,
38,CLO:0026245 ATAC-seq,.,ATAC-seq,CLO:0026245,GM18873,cell_line,adult,encode,paired,False,1.4657907485961914,OutputType.ATAC,,,
39,CLO:0026249 ATAC-seq,.,ATAC-seq,CLO:0026249,GM18870,cell_line,adult,encode,paired,False,1.5401667356491089,OutputType.ATAC,,,
40,CLO:0026250 ATAC-seq,.,ATAC-seq,CLO:0026250,GM18867,cell_line,adult,encode,paired,False,1.0017602443695068,OutputType.ATAC,,,
41,CLO:0026253 ATAC-seq,.,ATAC-seq,CLO:0026253,GM18868,cell_line,adult,encode,paired,False,1.1957333087921143,OutputType.ATAC,,,
42,CLO:0026256 ATAC-seq,.,ATAC-seq,CLO:0026256,GM18861,cell_line,adult,encode,paired,False,1.6442385911941528,OutputType.ATAC,,,
43,CLO:0026258 ATAC-seq,.,ATAC-seq,CLO:0026258,GM18858,cell_line,adult,encode,paired,False,2.154571056365967,OutputType.ATAC,,,
44,CLO:0026782 ATAC-seq,.,ATAC-seq,CLO:0026782,GM19397,cell_line,adult,encode,paired,False,1.8430635929107666,OutputType.ATAC,,,
45,CLO:0026790 ATAC-seq,.,ATAC-seq,CLO:0026790,GM19395,cell_line,adult,encode,paired,False,1.3690444231033325,OutputType.ATAC,,,
46,CLO:0026824 ATAC-seq,.,ATAC-seq,CLO:0026824,GM19438,cell_line,adult,encode,paired,False,2.8961288928985596,OutputType.ATAC,,,
47,CLO:0026846 ATAC-seq,.,ATAC-seq,CLO:0026846,GM19452,cell_line,adult,encode,paired,False,2.1193931102752686,OutputType.ATAC,,,
48,CLO:0026863 ATAC-seq,.,ATAC-seq,CLO:0026863,GM19455,cell_line,adult,encode,paired,False,2.0495858192443848,OutputType.ATAC,,,
49,CLO:0026874 ATAC-seq,.,ATAC-seq,CLO:0026874,GM19463,cell_line,adult,encode,paired,False,2.3056650161743164,OutputType.ATAC,,,
50,CLO:0026877 ATAC-seq,.,ATAC-seq,CLO:0026877,GM19467,cell_line,adult,encode,paired,False,1.7229173183441162,OutputType.ATAC,,,
51,CLO:0027429 ATAC-seq,.,ATAC-seq,CLO:0027429,GM19372,cell_line,adult,encode,paired,False,2.746520519256592,OutputType.ATAC,,,
52,CLO:0027432 ATAC-seq,.,ATAC-seq,CLO:0027432,GM19351,cell_line,adult,encode,paired,False,1.6009893417358398,OutputType.ATAC,,,
53,CLO:0027443 ATAC-seq,.,ATAC-seq,CLO:0027443,GM19324,cell_line,adult,encode,paired,False,1.1978780031204224,OutputType.ATAC,,,
54,CLO:0027445 ATAC-seq,.,ATAC-seq,CLO:0027445,GM19328,cell_line,adult,encode,paired,False,2.474120855331421,OutputType.ATAC,,,
55,EFO:0001086 ATAC-seq,.,ATAC-seq,EFO:0001086,A549,cell_line,adult,encode,single,False,1.4976966381072998,OutputType.ATAC,,,
56,EFO:0001187 ATAC-seq,.,ATAC-seq,EFO:0001187,HepG2,cell_line,child,encode,paired,False,0.3457242250442505,OutputType.ATAC,,,
57,EFO:0001196 ATAC-seq,.,ATAC-seq,EFO:0001196,IMR-90,cell_line,embryonic,encode,paired,False,1.5381346940994263,OutputType.ATAC,,,
58,EFO:0001203 ATAC-seq,.,ATAC-seq,EFO:0001203,MCF-7,cell_line,adult,encode,paired,False,1.545133113861084,OutputType.ATAC,,,
59,EFO:0001221 ATAC-seq,.,ATAC-seq,EFO:0001221,NCI-H929,cell_line,adult,encode,paired,False,0.8327634930610657,OutputType.ATAC,,,
60,EFO:0002067 ATAC-seq,.,ATAC-seq,EFO:0002067,K562,cell_line,adult,encode,paired,False,0.3458327054977417,OutputType.ATAC,,,
61,EFO:0002074 ATAC-seq,.,ATAC-seq,EFO:0002074,PC-3,cell_line,adult,encode,paired,False,1.5142802000045776,OutputType.ATAC,,,
62,EFO:0002713 ATAC-seq,.,ATAC-seq,EFO:0002713,Panc1,cell_line,adult,encode,paired,False,1.317395806312561,OutputType.ATAC,,,
63,EFO:0002784 ATAC-seq,.,ATAC-seq,EFO:0002784,GM12878,cell_line,adult,encode,paired,False,0.37652507424354553,OutputType.ATAC,,,
64,EFO:0002824 ATAC-seq,.,ATAC-seq,EFO:0002824,HCT116,cell_line,adult,encode,paired,False,1.5315731763839722,OutputType.ATAC,,,
65,EFO:0005332 ATAC-seq,.,ATAC-seq,EFO:0005332,GM18505,cell_line,adult,encode,paired,False,1.7733904123306274,OutputType.ATAC,,,
66,EFO:0007074 ATAC-seq,.,ATAC-seq,EFO:0007074,DND-41,cell_line,child,encode,paired,False,1.5603737831115723,OutputType.ATAC,,,
67,EFO:0007610 ATAC-seq,.,ATAC-seq,EFO:0007610,RWPE2,cell_line,unknown,encode,paired,False,1.0684702396392822,OutputType.ATAC,,,
68,EFO:0007950 ATAC-seq,.,ATAC-seq,EFO:0007950,GM23338,cell_line,adult,encode,paired,False,0.39514708518981934,OutputType.ATAC,,,
69,EFO:0009747 ATAC-seq,.,ATAC-seq,EFO:0009747,WTC11,cell_line,adult,encode,paired,False,1.1249884366989136,OutputType.ATAC,,,
70,EFO:0010835 ATAC-seq,.,ATAC-seq,EFO:0010835,GM19023,cell_line,adult,encode,paired,False,2.2722747325897217,OutputType.ATAC,,,
71,EFO:0010836 ATAC-seq,.,ATAC-seq,EFO:0010836,GM19025,cell_line,adult,encode,paired,False,2.6639323234558105,OutputType.ATAC,,,
72,EFO:0010837 ATAC-seq,.,ATAC-seq,EFO:0010837,GM19043,cell_line,adult,encode,paired,False,2.891838312149048,OutputType.ATAC,,,
73,EFO:0010838 ATAC-seq,.,ATAC-seq,EFO:0010838,GM21515,cell_line,adult,encode,paired,False,1.4099575281143188,OutputType.ATAC,,,
74,EFO:0010839 ATAC-seq,.,ATAC-seq,EFO:0010839,GM21737,cell_line,adult,encode,paired,False,1.7709256410598755,OutputType.ATAC,,,
75,EFO:0010840 ATAC-seq,.,ATAC-seq,EFO:0010840,GM21786,cell_line,adult,encode,paired,False,2.0250661373138428,OutputType.ATAC,,,
76,EFO:0010841 ATAC-seq,.,ATAC-seq,EFO:0010841,HG02571,cell_line,adult,encode,paired,False,2.0339393615722656,OutputType.ATAC,,,
77,EFO:0010842 ATAC-seq,.,ATAC-seq,EFO:0010842,HG02588,cell_line,adult,encode,paired,False,1.6361886262893677,OutputType.ATAC,,,
78,EFO:0010843 ATAC-seq,.,ATAC-seq,EFO:0010843,HG02610,cell_line,adult,encode,paired,False,1.073131799697876,OutputType.ATAC,,,
79,EFO:0010844 ATAC-seq,.,ATAC-seq,EFO:0010844,HG02623,cell_line,adult,encode,paired,False,2.20443058013916,OutputType.ATAC,,,
80,EFO:0010846 ATAC-seq,.,ATAC-seq,EFO:0010846,HG02678,cell_line,adult,encode,paired,False,1.3135043382644653,OutputType.ATAC,,,
81,EFO:0010847 ATAC-seq,.,ATAC-seq,EFO:0010847,HG02759,cell_line,adult,encode,paired,False,1.389145851135254,OutputType.ATAC,,,
82,EFO:0010848 ATAC-seq,.,ATAC-seq,EFO:0010848,HG02763,cell_line,adult,encode,paired,False,1.718657374382019,OutputType.ATAC,,,
83,EFO:0010850 ATAC-seq,.,ATAC-seq,EFO:0010850,HG02840,cell_line,adult,encode,paired,False,1.8972817659378052,OutputType.ATAC,,,
84,EFO:0010851 ATAC-seq,.,ATAC-seq,EFO:0010851,HG02852,cell_line,adult,encode,paired,False,1.8264821767807007,OutputType.ATAC,,,
85,EFO:0010852 ATAC-seq,.,ATAC-seq,EFO:0010852,HG02870,cell_line,adult,encode,paired,False,1.808053970336914,OutputType.ATAC,,,
86,EFO:0010853 ATAC-seq,.,ATAC-seq,EFO:0010853,HG02884,cell_line,adult,encode,paired,False,2.4083950519561768,OutputType.ATAC,,,
87,EFO:0010855 ATAC-seq,.,ATAC-seq,EFO:0010855,HG02938,cell_line,adult,encode,paired,False,2.012936592102051,OutputType.ATAC,,,
88,EFO:0010856 ATAC-seq,.,ATAC-seq,EFO:0010856,HG02943,cell_line,adult,encode,paired,False,2.342193603515625,OutputType.ATAC,,,
89,EFO:0010857 ATAC-seq,.,ATAC-seq,EFO:0010857,HG02970,cell_line,adult,encode,paired,False,1.6933996677398682,OutputType.ATAC,,,
90,EFO:0010858 ATAC-seq,.,ATAC-seq,EFO:0010858,HG02973,cell_line,adult,encode,paired,False,1.6970741748809814,OutputType.ATAC,,,
91,EFO:0010859 ATAC-seq,.,ATAC-seq,EFO:0010859,HG02981,cell_line,adult,encode,paired,False,1.7394976615905762,OutputType.ATAC,,,
92,EFO:0010860 ATAC-seq,.,ATAC-seq,EFO:0010860,HG03025,cell_line,adult,encode,paired,False,2.08929181098938,OutputType.ATAC,,,
93,EFO:0010861 ATAC-seq,.,ATAC-seq,EFO:0010861,HG03039,cell_line,adult,encode,paired,False,1.887401819229126,OutputType.ATAC,,,
94,EFO:0010862 ATAC-seq,.,ATAC-seq,EFO:0010862,HG03045,cell_line,adult,encode,paired,False,1.4358277320861816,OutputType.ATAC,,,
95,EFO:0010863 ATAC-seq,.,ATAC-seq,EFO:0010863,HG03060,cell_line,adult,encode,paired,False,2.9752275943756104,OutputType.ATAC,,,
96,EFO:0010864 ATAC-seq,.,ATAC-seq,EFO:0010864,HG03064,cell_line,adult,encode,paired,False,2.4102463722229004,OutputType.ATAC,,,
97,EFO:0010865 ATAC-seq,.,ATAC-seq,EFO:0010865,HG03066,cell_line,adult,encode,paired,False,3.017244577407837,OutputType.ATAC,,,
98,EFO:0010866 ATAC-seq,.,ATAC-seq,EFO:0010866,HG03095,cell_line,adult,encode,paired,False,1.8795949220657349,OutputType.ATAC,,,
99,EFO:0010867 ATAC-seq,.,ATAC-seq,EFO:0010867,HG03097,cell_line,adult,encode,paired,False,1.5082517862319946,OutputType.ATAC,,,
100,EFO:0010868 ATAC-seq,.,ATAC-seq,EFO:0010868,HG03103,cell_line,adult,encode,paired,False,2.6086442470550537,OutputType.ATAC,,,
101,EFO:0010869 ATAC-seq,.,ATAC-seq,EFO:0010869,HG03108,cell_line,adult,encode,paired,False,2.047980546951294,OutputType.ATAC,,,
102,EFO:0010870 ATAC-seq,.,ATAC-seq,EFO:0010870,HG03135,cell_line,adult,encode,paired,False,1.6855212450027466,OutputType.ATAC,,,
103,EFO:0010871 ATAC-seq,.,ATAC-seq,EFO:0010871,HG03139,cell_line,adult,encode,paired,False,2.3533685207366943,OutputType.ATAC,,,
104,EFO:0010872 ATAC-seq,.,ATAC-seq,EFO:0010872,HG03159,cell_line,adult,encode,paired,False,1.4590009450912476,OutputType.ATAC,,,
105,EFO:0010873 ATAC-seq,.,ATAC-seq,EFO:0010873,HG03175,cell_line,adult,encode,paired,False,1.2928885221481323,OutputType.ATAC,,,
106,EFO:0010874 ATAC-seq,.,ATAC-seq,EFO:0010874,HG03196,cell_line,adult,encode,paired,False,1.3755143880844116,OutputType.ATAC,,,
107,EFO:0010875 ATAC-seq,.,ATAC-seq,EFO:0010875,HG03280,cell_line,adult,encode,paired,False,1.638237476348877,OutputType.ATAC,,,
108,EFO:0010876 ATAC-seq,.,ATAC-seq,EFO:0010876,HG03342,cell_line,adult,encode,paired,False,1.416108250617981,OutputType.ATAC,,,
109,EFO:0010878 ATAC-seq,.,ATAC-seq,EFO:0010878,HG03378,cell_line,adult,encode,paired,False,1.1888407468795776,OutputType.ATAC,,,
110,EFO:0010879 ATAC-seq,.,ATAC-seq,EFO:0010879,HG03432,cell_line,adult,encode,paired,False,0.9875123500823975,OutputType.ATAC,,,
111,EFO:0010880 ATAC-seq,.,ATAC-seq,EFO:0010880,HG03439,cell_line,adult,encode,paired,False,1.4904228448867798,OutputType.ATAC,,,
112,EFO:0010881 ATAC-seq,.,ATAC-seq,EFO:0010881,HG03442,cell_line,adult,encode,paired,False,1.7023717164993286,OutputType.ATAC,,,
113,EFO:0010882 ATAC-seq,.,ATAC-seq,EFO:0010882,HG03457,cell_line,adult,encode,paired,False,2.2997376918792725,OutputType.ATAC,,,
114,EFO:0010883 ATAC-seq,.,ATAC-seq,EFO:0010883,HG03460,cell_line,adult,encode,paired,False,2.209341287612915,OutputType.ATAC,,,
115,EFO:0010884 ATAC-seq,.,ATAC-seq,EFO:0010884,HG03469,cell_line,adult,encode,paired,False,2.4358503818511963,OutputType.ATAC,,,
116,EFO:0010885 ATAC-seq,.,ATAC-seq,EFO:0010885,HG03520,cell_line,adult,encode,paired,False,2.1533608436584473,OutputType.ATAC,,,
117,EFO:0010886 ATAC-seq,.,ATAC-seq,EFO:0010886,HG03521,cell_line,adult,encode,paired,False,2.1313838958740234,OutputType.ATAC,,,
118,EFO:0010888 ATAC-seq,.,ATAC-seq,EFO:0010888,HG03565,cell_line,adult,encode,paired,False,1.8451646566390991,OutputType.ATAC,,,
119,EFO:0010889 ATAC-seq,.,ATAC-seq,EFO:0010889,HG03571,cell_line,adult,encode,paired,False,1.9630107879638672,OutputType.ATAC,,,
120,NTR:0000491 ATAC-seq,.,ATAC-seq,NTR:0000491,Right ventricle myocardium inferior,tissue,adult,encode,paired,False,0.9412150382995605,OutputType.ATAC,,,
121,NTR:0000492 ATAC-seq,.,ATAC-seq,NTR:0000492,Right ventricle myocardium superior,tissue,adult,encode,paired,False,0.7204328179359436,OutputType.ATAC,,,
122,NTR:0000494 ATAC-seq,.,ATAC-seq,NTR:0000494,left ventricle myocardium superior,tissue,adult,encode,paired,False,0.427097350358963,OutputType.ATAC,,,
123,UBERON:0000056 ATAC-seq,.,ATAC-seq,UBERON:0000056,ureter,tissue,adult,encode,paired,False,0.48642194271087646,OutputType.ATAC,,,
124,UBERON:0000317 ATAC-seq,.,ATAC-seq,UBERON:0000317,colonic mucosa,tissue,adult,encode,paired,False,0.2913193702697754,OutputType.ATAC,,,
125,UBERON:0000945 ATAC-seq,.,ATAC-seq,UBERON:0000945,stomach,tissue,adult,encode,paired,False,1.1229300498962402,OutputType.ATAC,,,
126,UBERON:0000992 ATAC-seq,.,ATAC-seq,UBERON:0000992,ovary,tissue,adult,encode,paired,False,0.14541088044643402,OutputType.ATAC,,,
127,UBERON:0000995 ATAC-seq,.,ATAC-seq,UBERON:0000995,uterus,tissue,adult,encode,paired,False,0.3675922751426697,OutputType.ATAC,,,
128,UBERON:0001072 ATAC-seq,.,ATAC-seq,UBERON:0001072,posterior vena cava,tissue,adult,encode,paired,False,0.3368026912212372,OutputType.ATAC,,,
129,UBERON:0001114 ATAC-seq,.,ATAC-seq,UBERON:0001114,right lobe of liver,tissue,adult,encode,paired,False,0.5050563216209412,OutputType.ATAC,,,
130,UBERON:0001115 ATAC-seq,.,ATAC-seq,UBERON:0001115,left lobe of liver,tissue,adult,encode,paired,False,0.3790719211101532,OutputType.ATAC,,,
131,UBERON:0001150 ATAC-seq,.,ATAC-seq,UBERON:0001150,body of pancreas,tissue,adult,encode,paired,False,1.4392449855804443,OutputType.ATAC,,,
132,UBERON:0001157 ATAC-seq,.,ATAC-seq,UBERON:0001157,transverse colon,tissue,adult,encode,paired,False,1.2739818096160889,OutputType.ATAC,,,
133,UBERON:0001159 ATAC-seq,.,ATAC-seq,UBERON:0001159,sigmoid colon,tissue,adult,encode,paired,False,1.3383288383483887,OutputType.ATAC,,,
134,UBERON:0001259 ATAC-seq,.,ATAC-seq,UBERON:0001259,mucosa of urinary bladder,tissue,adult,encode,paired,False,0.6834927201271057,OutputType.ATAC,,,
135,UBERON:0001264 ATAC-seq,.,ATAC-seq,UBERON:0001264,pancreas,tissue,adult,encode,paired,False,0.28255096077919006,OutputType.ATAC,,,
136,UBERON:0001322 ATAC-seq,.,ATAC-seq,UBERON:0001322,sciatic nerve,tissue,adult,encode,paired,False,0.6590536236763,OutputType.ATAC,,,
137,UBERON:0002046 ATAC-seq,.,ATAC-seq,UBERON:0002046,thyroid gland,tissue,adult,encode,paired,False,1.391801118850708,OutputType.ATAC,,,
138,UBERON:0002048 ATAC-seq,.,ATAC-seq,UBERON:0002048,lung,tissue,adult,encode,paired,False,2.9806368350982666,OutputType.ATAC,,,
139,UBERON:0002078 ATAC-seq,.,ATAC-seq,UBERON:0002078,right cardiac atrium,tissue,adult,encode,paired,False,0.2509532570838928,OutputType.ATAC,,,
140,UBERON:0002079 ATAC-seq,.,ATAC-seq,UBERON:0002079,left cardiac atrium,tissue,adult,encode,paired,False,0.32439956068992615,OutputType.ATAC,,,
141,UBERON:0002080 ATAC-seq,.,ATAC-seq,UBERON:0002080,heart right ventricle,tissue,adult,encode,paired,False,0.1907806694507599,OutputType.ATAC,,,
142,UBERON:0002084 ATAC-seq,.,ATAC-seq,UBERON:0002084,heart left ventricle,tissue,adult,encode,paired,False,0.23439067602157593,OutputType.ATAC,,,
143,UBERON:0002099 ATAC-seq,.,ATAC-seq,UBERON:0002099,cardiac septum,tissue,adult,encode,paired,False,1.774492621421814,OutputType.ATAC,,,
144,UBERON:0002106 ATAC-seq,.,ATAC-seq,UBERON:0002106,spleen,tissue,adult,encode,paired,False,0.18534542620182037,OutputType.ATAC,,,
145,UBERON:0002107 ATAC-seq,.,ATAC-seq,UBERON:0002107,liver,tissue,adult,encode,paired,False,0.3416995704174042,OutputType.ATAC,,,
146,UBERON:0002113 ATAC-seq,.,ATAC-seq,UBERON:0002113,kidney,tissue,adult,encode,paired,False,0.40251538157463074,OutputType.ATAC,,,
147,UBERON:0002168 ATAC-seq,.,ATAC-seq,UBERON:0002168,left lung,tissue,child,encode,paired,False,0.4284360408782959,OutputType.ATAC,,,
148,UBERON:0002170 ATAC-seq,.,ATAC-seq,UBERON:0002170,upper lobe of right lung,tissue,adult,encode,paired,False,0.2896386384963989,OutputType.ATAC,,,
149,UBERON:0002171 ATAC-seq,.,ATAC-seq,UBERON:0002171,lower lobe of right lung,tissue,adult,encode,paired,False,0.2252897024154663,OutputType.ATAC,,,
150,UBERON:0002190 ATAC-seq,.,ATAC-seq,UBERON:0002190,subcutaneous adipose tissue,tissue,adult,encode,paired,False,0.9239097833633423,OutputType.ATAC,,,
151,UBERON:0002369 ATAC-seq,.,ATAC-seq,UBERON:0002369,adrenal gland,tissue,adult,encode,paired,False,0.9822091460227966,OutputType.ATAC,,,
152,UBERON:0002394 ATAC-seq,.,ATAC-seq,UBERON:0002394,bile duct,tissue,adult,encode,paired,False,0.4307073652744293,OutputType.ATAC,,,
153,UBERON:0002469 ATAC-seq,.,ATAC-seq,UBERON:0002469,esophagus mucosa,tissue,adult,encode,paired,False,0.3933384418487549,OutputType.ATAC,,,
154,UBERON:0003889 ATAC-seq,.,ATAC-seq,UBERON:0003889,fallopian tube,tissue,adult,encode,paired,False,0.25850507616996765,OutputType.ATAC,,,
155,UBERON:0004550 ATAC-seq,.,ATAC-seq,UBERON:0004550,gastroesophageal sphincter,tissue,adult,encode,paired,False,0.9912630915641785,OutputType.ATAC,,,
156,UBERON:0004992 ATAC-seq,.,ATAC-seq,UBERON:0004992,mucosa of descending colon,tissue,adult,encode,paired,False,0.2983551621437073,OutputType.ATAC,,,
157,UBERON:0005033 ATAC-seq,.,ATAC-seq,UBERON:0005033,mucosa of gallbladder,tissue,child,encode,paired,False,0.8860199451446533,OutputType.ATAC,,,
158,UBERON:0007610 ATAC-seq,.,ATAC-seq,UBERON:0007610,tibial artery,tissue,adult,encode,paired,False,1.0918642282485962,OutputType.ATAC,,,
159,UBERON:0008367 ATAC-seq,.,ATAC-seq,UBERON:0008367,breast epithelium,tissue,adult,encode,paired,False,0.5911307334899902,OutputType.ATAC,,,
160,UBERON:0008450 ATAC-seq,.,ATAC-seq,UBERON:0008450,psoas muscle,tissue,adult,encode,paired,False,0.6796603798866272,OutputType.ATAC,,,
161,UBERON:0008952 ATAC-seq,.,ATAC-seq,UBERON:0008952,upper lobe of left lung,tissue,adult,encode,paired,False,0.31991297006607056,OutputType.ATAC,,,
162,UBERON:0008953 ATAC-seq,.,ATAC-seq,UBERON:0008953,lower lobe of left lung,tissue,adult,encode,paired,False,0.3122468590736389,OutputType.ATAC,,,
163,UBERON:0008971 ATAC-seq,.,ATAC-seq,UBERON:0008971,left colon,tissue,adult,encode,paired,False,0.6758714914321899,OutputType.ATAC,,,
164,UBERON:0010414 ATAC-seq,.,ATAC-seq,UBERON:0010414,omental fat pad,tissue,adult,encode,paired,False,1.1185219287872314,OutputType.ATAC,,,
165,UBERON:0011907 ATAC-seq,.,ATAC-seq,UBERON:0011907,gastrocnemius medialis,tissue,adult,encode,paired,False,0.8114848732948303,OutputType.ATAC,,,
166,UBERON:0015143 ATAC-seq,.,ATAC-seq,UBERON:0015143,mesenteric fat pad,tissue,adult,encode,paired,False,0.4202614426612854,OutputType.ATAC,,,
0,LQhCAGE CL:0000077,+,LQhCAGE,CL:0000077,mesothelial cell,primary_cell,,fantom,,,272.4184265136719,OutputType.CAGE,,,
1,LQhCAGE CL:0000136,+,LQhCAGE,CL:0000136,fat cell,primary_cell,,fantom,,,41.71626663208008,OutputType.CAGE,,,
2,LQhCAGE CL:0000767,+,LQhCAGE,CL:0000767,basophil,primary_cell,,fantom,,,59.45576095581055,OutputType.CAGE,,,
3,LQhCAGE CL:0000771,+,LQhCAGE,CL:0000771,eosinophil,primary_cell,,fantom,,,119.22451782226562,OutputType.CAGE,,,
4,LQhCAGE CL:0000775,+,LQhCAGE,CL:0000775,neutrophil,primary_cell,,fantom,,,339.38720703125,OutputType.CAGE,,,
5,LQhCAGE CL:0000784,+,LQhCAGE,CL:0000784,plasmacytoid dendritic cell,primary_cell,,fantom,,,103.1607666015625,OutputType.CAGE,,,
6,LQhCAGE CL:0000840,+,LQhCAGE,CL:0000840,immature conventional dendritic cell,primary_cell,,fantom,,,826.5433959960938,OutputType.CAGE,,,
7,LQhCAGE CL:0000895,+,LQhCAGE,CL:0000895,"naive thymus-derived CD4-positive, alpha-beta T cell",primary_cell,,fantom,,,91.95846557617188,OutputType.CAGE,,,
8,LQhCAGE CL:0002092,+,LQhCAGE,CL:0002092,bone marrow cell,primary_cell,,fantom,,,112.50702667236328,OutputType.CAGE,,,
9,LQhCAGE CL:0002166,+,LQhCAGE,CL:0002166,epithelial cell of Malassez,primary_cell,,fantom,,,278.642333984375,OutputType.CAGE,,,
10,LQhCAGE CL:0002167,+,LQhCAGE,CL:0002167,olfactory epithelial cell,primary_cell,,fantom,,,78.36111450195312,OutputType.CAGE,,,
11,LQhCAGE CL:0002193,+,LQhCAGE,CL:0002193,myelocyte,primary_cell,,fantom,,,242.18133544921875,OutputType.CAGE,,,
12,LQhCAGE CL:0002397,+,LQhCAGE,CL:0002397,"CD14-positive, CD16-positive monocyte",primary_cell,,fantom,,,75.36024475097656,OutputType.CAGE,,,
13,LQhCAGE CL:0002677,+,LQhCAGE,CL:0002677,naive regulatory T cell,primary_cell,,fantom,,,60.0953369140625,OutputType.CAGE,,,
14,LQhCAGE UBERON:0012168,+,LQhCAGE,UBERON:0012168,umbilical cord blood,primary_cell,,fantom,,,1110.8236083984375,OutputType.CAGE,,,
15,hCAGE CL:0000047,+,hCAGE,CL:0000047,neuronal stem cell,primary_cell,,fantom,,,12.134684562683105,OutputType.CAGE,,,
16,hCAGE CL:0000062,+,hCAGE,CL:0000062,osteoblast,primary_cell,,fantom,,,30.61863136291504,OutputType.CAGE,,,
17,hCAGE CL:0000077,+,hCAGE,CL:0000077,mesothelial cell,primary_cell,,fantom,,,41.45215606689453,OutputType.CAGE,,,
18,hCAGE CL:0000097,+,hCAGE,CL:0000097,mast cell,primary_cell,,fantom,,,6.240642070770264,OutputType.CAGE,,,
19,hCAGE CL:0000134,+,hCAGE,CL:0000134,mesenchymal cell,primary_cell,,fantom,,,37.52719497680664,OutputType.CAGE,,,
20,hCAGE CL:0000138,+,hCAGE,CL:0000138,chondrocyte,primary_cell,,fantom,,,21.439882278442383,OutputType.CAGE,,,
21,hCAGE CL:0000182,+,hCAGE,CL:0000182,hepatocyte,primary_cell,,fantom,,,34.04872131347656,OutputType.CAGE,,,
22,hCAGE CL:0000188,+,hCAGE,CL:0000188,cell of skeletal muscle,primary_cell,,fantom,,,24.676044464111328,OutputType.CAGE,,,
23,hCAGE CL:0000214,+,hCAGE,CL:0000214,synovial cell,primary_cell,,fantom,,,14.118721961975098,OutputType.CAGE,,,
24,hCAGE CL:0000216,+,hCAGE,CL:0000216,Sertoli cell,primary_cell,,fantom,,,276.9911193847656,OutputType.CAGE,,,
25,hCAGE CL:0000235,+,hCAGE,CL:0000235,macrophage,primary_cell,,fantom,,,39.823516845703125,OutputType.CAGE,,,
26,hCAGE CL:0000307,+,hCAGE,CL:0000307,tracheal epithelial cell,primary_cell,,fantom,,,43.87181091308594,OutputType.CAGE,,,
27,hCAGE CL:0000312,+,hCAGE,CL:0000312,keratinocyte,primary_cell,,fantom,,,33.14148712158203,OutputType.CAGE,,,
28,hCAGE CL:0000322,+,hCAGE,CL:0000322,pneumocyte,primary_cell,,fantom,,,134.20896911621094,OutputType.CAGE,,,
29,hCAGE CL:0000388,+,hCAGE,CL:0000388,tendon cell,primary_cell,,fantom,,,55.28364944458008,OutputType.CAGE,,,
30,hCAGE CL:0000453,+,hCAGE,CL:0000453,Langerhans cell,primary_cell,,fantom,,,16.974895477294922,OutputType.CAGE,,,
31,hCAGE CL:0000515,+,hCAGE,CL:0000515,skeletal muscle myoblast,primary_cell,,fantom,,,33.86757278442383,OutputType.CAGE,,,
32,hCAGE CL:0000540,+,hCAGE,CL:0000540,neuron,primary_cell,,fantom,,,10.895456314086914,OutputType.CAGE,,,
33,hCAGE CL:0000558,+,hCAGE,CL:0000558,reticulocyte,primary_cell,,fantom,,,46.566463470458984,OutputType.CAGE,,,
34,hCAGE CL:0000569,+,hCAGE,CL:0000569,cardiac mesenchymal cell,primary_cell,,fantom,,,31.969520568847656,OutputType.CAGE,,,
35,hCAGE CL:0000575,+,hCAGE,CL:0000575,corneal epithelial cell,primary_cell,,fantom,,,100.49095153808594,OutputType.CAGE,,,
36,hCAGE CL:0000576,+,hCAGE,CL:0000576,monocyte,primary_cell,,fantom,,,15.824190139770508,OutputType.CAGE,,,
37,hCAGE CL:0000594,+,hCAGE,CL:0000594,skeletal muscle satellite cell,primary_cell,,fantom,,,25.070316314697266,OutputType.CAGE,,,
38,hCAGE CL:0000623,+,hCAGE,CL:0000623,natural killer cell,primary_cell,,fantom,,,17.459035873413086,OutputType.CAGE,,,
39,hCAGE CL:0000650,+,hCAGE,CL:0000650,mesangial cell,primary_cell,,fantom,,,88.14716339111328,OutputType.CAGE,,,
40,hCAGE CL:0000708,+,hCAGE,CL:0000708,leptomeningeal cell,primary_cell,,fantom,,,47.9016227722168,OutputType.CAGE,,,
41,hCAGE CL:0000731,+,hCAGE,CL:0000731,urothelial cell,primary_cell,,fantom,,,67.40660858154297,OutputType.CAGE,,,
42,hCAGE CL:0000746,+,hCAGE,CL:0000746,cardiac muscle cell,primary_cell,,fantom,,,72.80142974853516,OutputType.CAGE,,,
43,hCAGE CL:0000767,+,hCAGE,CL:0000767,basophil,primary_cell,,fantom,,,62.97188949584961,OutputType.CAGE,,,
44,hCAGE CL:0000775,+,hCAGE,CL:0000775,neutrophil,primary_cell,,fantom,,,36.77899932861328,OutputType.CAGE,,,
45,hCAGE CL:0000784,+,hCAGE,CL:0000784,plasmacytoid dendritic cell,primary_cell,,fantom,,,89.53435516357422,OutputType.CAGE,,,
46,hCAGE CL:0000798,+,hCAGE,CL:0000798,gamma-delta T cell,primary_cell,,fantom,,,66.08777618408203,OutputType.CAGE,,,
47,hCAGE CL:0000840,+,hCAGE,CL:0000840,immature conventional dendritic cell,primary_cell,,fantom,,,32.85494613647461,OutputType.CAGE,,,
48,hCAGE CL:0001016,+,hCAGE,CL:0001016,immature CD1a-positive Langerhans cell,primary_cell,,fantom,,,27.767858505249023,OutputType.CAGE,,,
49,hCAGE CL:0002057,+,hCAGE,CL:0002057,"CD14-positive, CD16-negative classical monocyte",primary_cell,,fantom,,,17.50489616394043,OutputType.CAGE,,,
50,hCAGE CL:0002138,+,hCAGE,CL:0002138,endothelial cell of lymphatic vessel,primary_cell,,fantom,,,57.86992263793945,OutputType.CAGE,,,
51,hCAGE CL:0002140,+,hCAGE,CL:0002140,acinar cell of sebaceous gland,primary_cell,,fantom,,,89.7684555053711,OutputType.CAGE,,,
52,hCAGE CL:0002144,+,hCAGE,CL:0002144,capillary endothelial cell,primary_cell,,fantom,,,66.49445343017578,OutputType.CAGE,,,
53,hCAGE CL:0002166,+,hCAGE,CL:0002166,epithelial cell of Malassez,primary_cell,,fantom,,,40.9921989440918,OutputType.CAGE,,,
54,hCAGE CL:0002167,+,hCAGE,CL:0002167,olfactory epithelial cell,primary_cell,,fantom,,,18.670610427856445,OutputType.CAGE,,,
55,hCAGE CL:0002188,+,hCAGE,CL:0002188,glomerular endothelial cell,primary_cell,,fantom,,,45.9676513671875,OutputType.CAGE,,,
56,hCAGE CL:0002224,+,hCAGE,CL:0002224,lens epithelial cell,primary_cell,,fantom,,,24.04073143005371,OutputType.CAGE,,,
57,hCAGE CL:0002231,+,hCAGE,CL:0002231,epithelial cell of prostate,primary_cell,,fantom,,,25.89071273803711,OutputType.CAGE,,,
58,hCAGE CL:0002252,+,hCAGE,CL:0002252,epithelial cell of esophagus,primary_cell,,fantom,,,180.217529296875,OutputType.CAGE,,,
59,hCAGE CL:0002304,+,hCAGE,CL:0002304,non-pigmented ciliary epithelial cell,primary_cell,,fantom,,,22.071800231933594,OutputType.CAGE,,,
60,hCAGE CL:0002306,+,hCAGE,CL:0002306,epithelial cell of proximal tubule,primary_cell,,fantom,,,71.96795654296875,OutputType.CAGE,,,
61,hCAGE CL:0002327,+,hCAGE,CL:0002327,mammary gland epithelial cell,primary_cell,,fantom,,,26.254535675048828,OutputType.CAGE,,,
62,hCAGE CL:0002328,+,hCAGE,CL:0002328,bronchial epithelial cell,primary_cell,,fantom,,,36.56751251220703,OutputType.CAGE,,,
63,hCAGE CL:0002363,+,hCAGE,CL:0002363,keratocyte,primary_cell,,fantom,,,73.38771057128906,OutputType.CAGE,,,
64,hCAGE CL:0002367,+,hCAGE,CL:0002367,trabecular meshwork cell,primary_cell,,fantom,,,105.23827362060547,OutputType.CAGE,,,
65,hCAGE CL:0002368,+,hCAGE,CL:0002368,respiratory epithelial cell,primary_cell,,fantom,,,33.22234344482422,OutputType.CAGE,,,
66,hCAGE CL:0002372,+,hCAGE,CL:0002372,myotube,primary_cell,,fantom,,,42.713294982910156,OutputType.CAGE,,,
67,hCAGE CL:0002397,+,hCAGE,CL:0002397,"CD14-positive, CD16-positive monocyte",primary_cell,,fantom,,,13.204062461853027,OutputType.CAGE,,,
68,hCAGE CL:0002453,+,hCAGE,CL:0002453,oligodendrocyte precursor cell,primary_cell,,fantom,,,151.70761108398438,OutputType.CAGE,,,
69,hCAGE CL:0002504,+,hCAGE,CL:0002504,enteric smooth muscle cell,primary_cell,,fantom,,,35.44852828979492,OutputType.CAGE,,,
70,hCAGE CL:0002521,+,hCAGE,CL:0002521,subcutaneous fat cell,primary_cell,,fantom,,,77.64310455322266,OutputType.CAGE,,,
71,hCAGE CL:0002536,+,hCAGE,CL:0002536,amniotic epithelial cell,primary_cell,,fantom,,,76.5748062133789,OutputType.CAGE,,,
72,hCAGE CL:0002537,+,hCAGE,CL:0002537,amnion mesenchymal stem cell,primary_cell,,fantom,,,89.0509033203125,OutputType.CAGE,,,
73,hCAGE CL:0002539,+,hCAGE,CL:0002539,aortic smooth muscle cell,primary_cell,,fantom,,,63.35017776489258,OutputType.CAGE,,,
74,hCAGE CL:0002540,+,hCAGE,CL:0002540,mesenchymal stem cell of the bone marrow,primary_cell,,fantom,,,27.279977798461914,OutputType.CAGE,,,
75,hCAGE CL:0002543,+,hCAGE,CL:0002543,vein endothelial cell,primary_cell,,fantom,,,67.78170776367188,OutputType.CAGE,,,
76,hCAGE CL:0002544,+,hCAGE,CL:0002544,aortic endothelial cell,primary_cell,,fantom,,,64.3360824584961,OutputType.CAGE,,,
77,hCAGE CL:0002545,+,hCAGE,CL:0002545,thoracic aorta endothelial cell,primary_cell,,fantom,,,122.50443267822266,OutputType.CAGE,,,
78,hCAGE CL:0002547,+,hCAGE,CL:0002547,fibroblast of the aortic adventitia,primary_cell,,fantom,,,37.147178649902344,OutputType.CAGE,,,
79,hCAGE CL:0002548,+,hCAGE,CL:0002548,cardiac fibroblast,primary_cell,,fantom,,,29.91438102722168,OutputType.CAGE,,,
80,hCAGE CL:0002549,+,hCAGE,CL:0002549,fibroblast of choroid plexus,primary_cell,,fantom,,,71.33724975585938,OutputType.CAGE,,,
81,hCAGE CL:0002550,+,hCAGE,CL:0002550,fibroblast of the conjuctiva,primary_cell,,fantom,,,21.54827880859375,OutputType.CAGE,,,
82,hCAGE CL:0002551,+,hCAGE,CL:0002551,fibroblast of dermis,primary_cell,,fantom,,,19.51736068725586,OutputType.CAGE,,,
83,hCAGE CL:0002552,+,hCAGE,CL:0002552,fibroblast of gingiva,primary_cell,,fantom,,,9.673295021057129,OutputType.CAGE,,,
84,hCAGE CL:0002553,+,hCAGE,CL:0002553,lung fibroblast,primary_cell,,fantom,,,47.210205078125,OutputType.CAGE,,,
85,hCAGE CL:0002554,+,hCAGE,CL:0002554,fibroblast of lymphatic vessel,primary_cell,,fantom,,,165.5852508544922,OutputType.CAGE,,,
86,hCAGE CL:0002555,+,hCAGE,CL:0002555,fibroblast of mammary gland,primary_cell,,fantom,,,183.86680603027344,OutputType.CAGE,,,
87,hCAGE CL:0002556,+,hCAGE,CL:0002556,fibroblast of periodontium,primary_cell,,fantom,,,27.91110610961914,OutputType.CAGE,,,
88,hCAGE CL:0002557,+,hCAGE,CL:0002557,fibroblast of pulmonary artery,primary_cell,,fantom,,,62.941715240478516,OutputType.CAGE,,,
89,hCAGE CL:0002558,+,hCAGE,CL:0002558,fibroblast of villous mesenchyme,primary_cell,,fantom,,,87.75638580322266,OutputType.CAGE,,,
90,hCAGE CL:0002561,+,hCAGE,CL:0002561,outer root sheath cell,primary_cell,,fantom,,,96.74041748046875,OutputType.CAGE,,,
91,hCAGE CL:0002563,+,hCAGE,CL:0002563,intestinal epithelial cell,primary_cell,,fantom,,,69.25311279296875,OutputType.CAGE,,,
92,hCAGE CL:0002564,+,hCAGE,CL:0002564,nucleus pulposus cell of intervertebral disc,primary_cell,,fantom,,,50.26506423950195,OutputType.CAGE,,,
93,hCAGE CL:0002565,+,hCAGE,CL:0002565,iris pigment epithelial cell,primary_cell,,fantom,,,41.941837310791016,OutputType.CAGE,,,
94,hCAGE CL:0002566,+,hCAGE,CL:0002566,dark melanocyte,primary_cell,,fantom,,,33.85832595825195,OutputType.CAGE,,,
95,hCAGE CL:0002567,+,hCAGE,CL:0002567,light melanocyte,primary_cell,,fantom,,,91.54637908935547,OutputType.CAGE,,,
96,hCAGE CL:0002568,+,hCAGE,CL:0002568,mesenchymal stem cell of Wharton's jelly,primary_cell,,fantom,,,74.28569030761719,OutputType.CAGE,,,
97,hCAGE CL:0002569,+,hCAGE,CL:0002569,mesenchymal stem cell of umbilical cord,primary_cell,,fantom,,,57.37498474121094,OutputType.CAGE,,,
98,hCAGE CL:0002570,+,hCAGE,CL:0002570,mesenchymal stem cell of adipose,primary_cell,,fantom,,,36.561710357666016,OutputType.CAGE,,,
99,hCAGE CL:0002571,+,hCAGE,CL:0002571,hepatic mesenchymal stem cell,primary_cell,,fantom,,,18.6415958404541,OutputType.CAGE,,,
100,hCAGE CL:0002572,+,hCAGE,CL:0002572,vertebral mesenchymal stem cell,primary_cell,,fantom,,,157.3568572998047,OutputType.CAGE,,,
101,hCAGE CL:0002573,+,hCAGE,CL:0002573,Schwann cell,primary_cell,,fantom,,,67.37821960449219,OutputType.CAGE,,,
102,hCAGE CL:0002574,+,hCAGE,CL:0002574,stromal cell of pancreas,primary_cell,,fantom,,,54.611366271972656,OutputType.CAGE,,,
103,hCAGE CL:0002575,+,hCAGE,CL:0002575,central nervous system pericyte,primary_cell,,fantom,,,59.45750427246094,OutputType.CAGE,,,
104,hCAGE CL:0002576,+,hCAGE,CL:0002576,perineural cell,primary_cell,,fantom,,,47.03921127319336,OutputType.CAGE,,,
105,hCAGE CL:0002577,+,hCAGE,CL:0002577,placental epithelial cell,primary_cell,,fantom,,,76.00321197509766,OutputType.CAGE,,,
106,hCAGE CL:0002579,+,hCAGE,CL:0002579,omentum preadipocyte,primary_cell,,fantom,,,26.805828094482422,OutputType.CAGE,,,
107,hCAGE CL:0002580,+,hCAGE,CL:0002580,preadipocyte of the breast,primary_cell,,fantom,,,62.83474349975586,OutputType.CAGE,,,
108,hCAGE CL:0002581,+,hCAGE,CL:0002581,perirenal preadipocyte,primary_cell,,fantom,,,397.037353515625,OutputType.CAGE,,,
109,hCAGE CL:0002582,+,hCAGE,CL:0002582,visceral preadipocyte,primary_cell,,fantom,,,23.0330753326416,OutputType.CAGE,,,
110,hCAGE CL:0002583,+,hCAGE,CL:0002583,subcutaneous preadipocyte,primary_cell,,fantom,,,33.97900390625,OutputType.CAGE,,,
111,hCAGE CL:0002584,+,hCAGE,CL:0002584,renal cortical epithelial cell,primary_cell,,fantom,,,41.12630081176758,OutputType.CAGE,,,
112,hCAGE CL:0002586,+,hCAGE,CL:0002586,retinal pigment epithelial cell,primary_cell,,fantom,,,59.10931396484375,OutputType.CAGE,,,
113,hCAGE CL:0002588,+,hCAGE,CL:0002588,smooth muscle cell of the umbilical vein,primary_cell,,fantom,,,48.645050048828125,OutputType.CAGE,,,
114,hCAGE CL:0002589,+,hCAGE,CL:0002589,smooth muscle cell of the brachiocephalic vasculature,primary_cell,,fantom,,,26.21996307373047,OutputType.CAGE,,,
115,hCAGE CL:0002590,+,hCAGE,CL:0002590,smooth muscle cell of the brain vasculature,primary_cell,,fantom,,,54.19729995727539,OutputType.CAGE,,,
116,hCAGE CL:0002591,+,hCAGE,CL:0002591,smooth muscle cell of the pulmonary artery,primary_cell,,fantom,,,60.34335708618164,OutputType.CAGE,,,
117,hCAGE CL:0002592,+,hCAGE,CL:0002592,smooth muscle cell of the coronary artery,primary_cell,,fantom,,,75.50702667236328,OutputType.CAGE,,,
118,hCAGE CL:0002593,+,hCAGE,CL:0002593,smooth muscle cell of the internal thoracic artery,primary_cell,,fantom,,,30.01109504699707,OutputType.CAGE,,,
119,hCAGE CL:0002594,+,hCAGE,CL:0002594,smooth muscle cell of the umbilical artery,primary_cell,,fantom,,,48.85675048828125,OutputType.CAGE,,,
120,hCAGE CL:0002595,+,hCAGE,CL:0002595,smooth muscle cell of the subclavian artery,primary_cell,,fantom,,,84.72882843017578,OutputType.CAGE,,,
121,hCAGE CL:0002596,+,hCAGE,CL:0002596,smooth muscle cell of the carotid artery,primary_cell,,fantom,,,107.90396118164062,OutputType.CAGE,,,
122,hCAGE CL:0002597,+,hCAGE,CL:0002597,smooth muscle cell of bladder,primary_cell,,fantom,,,305.0801696777344,OutputType.CAGE,,,
123,hCAGE CL:0002598,+,hCAGE,CL:0002598,bronchial smooth muscle cell,primary_cell,,fantom,,,157.73635864257812,OutputType.CAGE,,,
124,hCAGE CL:0002599,+,hCAGE,CL:0002599,smooth muscle cell of the esophagus,primary_cell,,fantom,,,41.33835220336914,OutputType.CAGE,,,
125,hCAGE CL:0002600,+,hCAGE,CL:0002600,smooth muscle cell of trachea,primary_cell,,fantom,,,57.2053108215332,OutputType.CAGE,,,
126,hCAGE CL:0002601,+,hCAGE,CL:0002601,uterine smooth muscle cell,primary_cell,,fantom,,,74.29872131347656,OutputType.CAGE,,,
127,hCAGE CL:0002602,+,hCAGE,CL:0002602,annulus pulposus cell,primary_cell,,fantom,,,65.11280059814453,OutputType.CAGE,,,
128,hCAGE CL:0002603,+,hCAGE,CL:0002603,astrocyte of the cerebellum,primary_cell,,fantom,,,51.632850646972656,OutputType.CAGE,,,
129,hCAGE CL:0002605,+,hCAGE,CL:0002605,astrocyte of the cerebral cortex,primary_cell,,fantom,,,28.462190628051758,OutputType.CAGE,,,
130,hCAGE CL:0002615,+,hCAGE,CL:0002615,adipocyte of omentum tissue,primary_cell,,fantom,,,49.05179214477539,OutputType.CAGE,,,
131,hCAGE CL:0002616,+,hCAGE,CL:0002616,perirenal adipocyte cell,primary_cell,,fantom,,,215.66867065429688,OutputType.CAGE,,,
132,hCAGE CL:0002617,+,hCAGE,CL:0002617,adipocyte of breast,primary_cell,,fantom,,,44.72285842895508,OutputType.CAGE,,,
133,hCAGE CL:0002618,+,hCAGE,CL:0002618,endothelial cell of umbilical vein,primary_cell,,fantom,,,32.87194061279297,OutputType.CAGE,,,
134,hCAGE CL:0002620,+,hCAGE,CL:0002620,skin fibroblast,primary_cell,,fantom,,,16.08747100830078,OutputType.CAGE,,,
135,hCAGE CL:0002621,+,hCAGE,CL:0002621,gingival epithelial cell,primary_cell,,fantom,,,49.712242126464844,OutputType.CAGE,,,
136,hCAGE CL:0002622,+,hCAGE,CL:0002622,prostate stromal cell,primary_cell,,fantom,,,32.768733978271484,OutputType.CAGE,,,
137,hCAGE CL:0002623,+,hCAGE,CL:0002623,acinar cell of salivary gland,primary_cell,,fantom,,,34.9274787902832,OutputType.CAGE,,,
138,hCAGE CL:0002677,+,hCAGE,CL:0002677,naive regulatory T cell,primary_cell,,fantom,,,61.674278259277344,OutputType.CAGE,,,
139,hCAGE CL:1000280,+,hCAGE,CL:1000280,smooth muscle cell of colon,primary_cell,,fantom,,,36.03932189941406,OutputType.CAGE,,,
140,hCAGE CL:1000413,+,hCAGE,CL:1000413,endothelial cell of artery,primary_cell,,fantom,,,60.48858642578125,OutputType.CAGE,,,
141,hCAGE CL:1000428,+,hCAGE,CL:1000428,stem cell of epidermis,primary_cell,,fantom,,,120.64453125,OutputType.CAGE,,,
142,hCAGE CL:1000487,+,hCAGE,CL:1000487,smooth muscle cell of prostate,primary_cell,,fantom,,,38.214168548583984,OutputType.CAGE,,,
143,hCAGE CL:1000494,+,hCAGE,CL:1000494,nephron tubule epithelial cell,primary_cell,,fantom,,,40.157440185546875,OutputType.CAGE,,,
144,hCAGE EFO:0001086,+,hCAGE,EFO:0001086,A549,cell_line,,fantom,,,98.9642562866211,OutputType.CAGE,,,
145,hCAGE EFO:0001099,+,hCAGE,EFO:0001099,Caco-2,cell_line,,fantom,,,88.74836730957031,OutputType.CAGE,,,
146,hCAGE EFO:0001182,+,hCAGE,EFO:0001182,HEK293,cell_line,,fantom,,,41.831764221191406,OutputType.CAGE,,,
147,hCAGE EFO:0001187,+,hCAGE,EFO:0001187,HepG2,cell_line,,fantom,,,22.447940826416016,OutputType.CAGE,,,
148,hCAGE EFO:0001253,+,hCAGE,EFO:0001253,THP-1,cell_line,,fantom,,,56.61591339111328,OutputType.CAGE,,,
149,hCAGE EFO:0002059,+,hCAGE,EFO:0002059,HT1080,cell_line,,fantom,,,65.99971771240234,OutputType.CAGE,,,
150,hCAGE EFO:0002067,+,hCAGE,EFO:0002067,K562,cell_line,,fantom,,,35.16718292236328,OutputType.CAGE,,,
151,hCAGE EFO:0002074,+,hCAGE,EFO:0002074,PC-3,cell_line,,fantom,,,47.83613204956055,OutputType.CAGE,,,
152,hCAGE EFO:0002101,+,hCAGE,EFO:0002101,A172,cell_line,,fantom,,,35.259254455566406,OutputType.CAGE,,,
153,hCAGE EFO:0002179,+,hCAGE,EFO:0002179,G401,cell_line,,fantom,,,54.055908203125,OutputType.CAGE,,,
154,hCAGE EFO:0002285,+,hCAGE,EFO:0002285,NCI-H226,cell_line,,fantom,,,86.6911849975586,OutputType.CAGE,,,
155,hCAGE EFO:0002324,+,hCAGE,EFO:0002324,Raji,cell_line,,fantom,,,57.717403411865234,OutputType.CAGE,,,
156,hCAGE EFO:0002784,+,hCAGE,EFO:0002784,GM12878,cell_line,,fantom,,,21.34037971496582,OutputType.CAGE,,,
157,hCAGE EFO:0002791,+,hCAGE,EFO:0002791,HeLa-S3,cell_line,,fantom,,,23.797666549682617,OutputType.CAGE,,,
158,hCAGE EFO:0002793,+,hCAGE,EFO:0002793,HL-60,cell_line,,fantom,,,79.93690490722656,OutputType.CAGE,,,
159,hCAGE EFO:0002796,+,hCAGE,EFO:0002796,Jurkat,cell_line,,fantom,,,64.35321807861328,OutputType.CAGE,,,
160,hCAGE EFO:0002860,+,hCAGE,EFO:0002860,SK-N-MC,cell_line,,fantom,,,180.7675323486328,OutputType.CAGE,,,
161,hCAGE EFO:0003044,+,hCAGE,EFO:0003044,NCI-H460,cell_line,,fantom,,,78.24180603027344,OutputType.CAGE,,,
162,hCAGE EFO:0005441,+,hCAGE,EFO:0005441,DU 145,cell_line,,fantom,,,57.9163932800293,OutputType.CAGE,,,
163,hCAGE UBERON:0000002,+,hCAGE,UBERON:0000002,uterine cervix,tissue,,fantom,,,35.90520477294922,OutputType.CAGE,,,
164,hCAGE UBERON:0000007,+,hCAGE,UBERON:0000007,pituitary gland,tissue,,fantom,,,38.91667938232422,OutputType.CAGE,,,
165,hCAGE UBERON:0000014,+,hCAGE,UBERON:0000014,zone of skin,tissue,,fantom,,,90.9419937133789,OutputType.CAGE,,,
166,hCAGE UBERON:0000019,+,hCAGE,UBERON:0000019,camera-type eye,tissue,,fantom,,,73.05904388427734,OutputType.CAGE,,,
167,hCAGE UBERON:0000029,+,hCAGE,UBERON:0000029,lymph node,tissue,,fantom,,,132.45211791992188,OutputType.CAGE,,,
168,hCAGE UBERON:0000057,+,hCAGE,UBERON:0000057,urethra,tissue,,fantom,,,21.93443489074707,OutputType.CAGE,,,
169,hCAGE UBERON:0000178,+,hCAGE,UBERON:0000178,blood,primary_cell,,fantom,,,13.531624794006348,OutputType.CAGE,,,
170,hCAGE UBERON:0000305,+,hCAGE,UBERON:0000305,amnion,primary_cell,,fantom,,,44.147254943847656,OutputType.CAGE,,,
171,hCAGE UBERON:0000310,+,hCAGE,UBERON:0000310,breast,tissue,,fantom,,,203.0039520263672,OutputType.CAGE,,,
172,hCAGE UBERON:0000341,+,hCAGE,UBERON:0000341,throat,tissue,,fantom,,,36.27021789550781,OutputType.CAGE,,,
173,hCAGE UBERON:0000473,+,hCAGE,UBERON:0000473,testis,tissue,,fantom,,,19.597055435180664,OutputType.CAGE,,,
174,hCAGE UBERON:0000920,+,hCAGE,UBERON:0000920,egg chorion,primary_cell,,fantom,,,31.856163024902344,OutputType.CAGE,,,
175,hCAGE UBERON:0000941,+,hCAGE,UBERON:0000941,cranial nerve II,tissue,,fantom,,,43.41749954223633,OutputType.CAGE,,,
176,hCAGE UBERON:0000945,+,hCAGE,UBERON:0000945,stomach,tissue,,fantom,,,149.30126953125,OutputType.CAGE,,,
177,hCAGE UBERON:0000947,+,hCAGE,UBERON:0000947,aorta,tissue,,fantom,,,51.7029914855957,OutputType.CAGE,,,
178,hCAGE UBERON:0000948,+,hCAGE,UBERON:0000948,heart,tissue,,fantom,,,21.7347412109375,OutputType.CAGE,,,
179,hCAGE UBERON:0000955,+,hCAGE,UBERON:0000955,brain,tissue,,fantom,,,28.4322452545166,OutputType.CAGE,,,
180,hCAGE UBERON:0000966,+,hCAGE,UBERON:0000966,retina,tissue,,fantom,,,32.83579635620117,OutputType.CAGE,,,
181,hCAGE UBERON:0000988,+,hCAGE,UBERON:0000988,pons,tissue,,fantom,,,28.069860458374023,OutputType.CAGE,,,
182,hCAGE UBERON:0000989,+,hCAGE,UBERON:0000989,penis,tissue,,fantom,,,55.62895965576172,OutputType.CAGE,,,
183,hCAGE UBERON:0000992,+,hCAGE,UBERON:0000992,female gonad,tissue,,fantom,,,46.649906158447266,OutputType.CAGE,,,
184,hCAGE UBERON:0000995,+,hCAGE,UBERON:0000995,uterus,tissue,,fantom,,,59.67921447753906,OutputType.CAGE,,,
185,hCAGE UBERON:0000996,+,hCAGE,UBERON:0000996,vagina,tissue,,fantom,,,192.70404052734375,OutputType.CAGE,,,
186,hCAGE UBERON:0000998,+,hCAGE,UBERON:0000998,seminal vesicle,tissue,,fantom,,,43.64366149902344,OutputType.CAGE,,,
187,hCAGE UBERON:0001000,+,hCAGE,UBERON:0001000,vas deferens,tissue,,fantom,,,68.61293029785156,OutputType.CAGE,,,
188,hCAGE UBERON:0001013,+,hCAGE,UBERON:0001013,adipose tissue,tissue,,fantom,,,21.103422164916992,OutputType.CAGE,,,
189,hCAGE UBERON:0001043,+,hCAGE,UBERON:0001043,esophagus,tissue,,fantom,,,51.76528549194336,OutputType.CAGE,,,
190,hCAGE UBERON:0001044,+,hCAGE,UBERON:0001044,saliva-secreting gland,tissue,,fantom,,,148.62879943847656,OutputType.CAGE,,,
191,hCAGE UBERON:0001052,+,hCAGE,UBERON:0001052,rectum,tissue,,fantom,,,130.85585021972656,OutputType.CAGE,,,
192,hCAGE UBERON:0001103,+,hCAGE,UBERON:0001103,diaphragm,tissue,,fantom,,,117.9341049194336,OutputType.CAGE,,,
193,hCAGE UBERON:0001134,+,hCAGE,UBERON:0001134,skeletal muscle tissue,tissue,,fantom,,,50.37820816040039,OutputType.CAGE,,,
194,hCAGE UBERON:0001135,+,hCAGE,UBERON:0001135,smooth muscle tissue,tissue,,fantom,,,28.285898208618164,OutputType.CAGE,,,
195,hCAGE UBERON:0001154,+,hCAGE,UBERON:0001154,vermiform appendix,tissue,,fantom,,,80.126708984375,OutputType.CAGE,,,
196,hCAGE UBERON:0001155,+,hCAGE,UBERON:0001155,colon,tissue,,fantom,,,35.34465789794922,OutputType.CAGE,,,
197,hCAGE UBERON:0001255,+,hCAGE,UBERON:0001255,urinary bladder,tissue,,fantom,,,48.4241943359375,OutputType.CAGE,,,
198,hCAGE UBERON:0001264,+,hCAGE,UBERON:0001264,pancreas,tissue,,fantom,,,188.36380004882812,OutputType.CAGE,,,
199,hCAGE UBERON:0001301,+,hCAGE,UBERON:0001301,epididymis,tissue,,fantom,,,41.035892486572266,OutputType.CAGE,,,
200,hCAGE UBERON:0001359,+,hCAGE,UBERON:0001359,cerebrospinal fluid,tissue,,fantom,,,66.41242980957031,OutputType.CAGE,,,
201,hCAGE UBERON:0001389,+,hCAGE,UBERON:0001389,soleus muscle,tissue,,fantom,,,52.885318756103516,OutputType.CAGE,,,
202,hCAGE UBERON:0001602,+,hCAGE,UBERON:0001602,medial rectus extraocular muscle,tissue,,fantom,,,72.61691284179688,OutputType.CAGE,,,
203,hCAGE UBERON:0001603,+,hCAGE,UBERON:0001603,lateral rectus extra-ocular muscle,tissue,,fantom,,,64.0296401977539,OutputType.CAGE,,,
204,hCAGE UBERON:0001637,+,hCAGE,UBERON:0001637,artery,tissue,,fantom,,,176.23216247558594,OutputType.CAGE,,,
205,hCAGE UBERON:0001638,+,hCAGE,UBERON:0001638,vein,tissue,,fantom,,,73.34970092773438,OutputType.CAGE,,,
206,hCAGE UBERON:0001723,+,hCAGE,UBERON:0001723,tongue,tissue,,fantom,,,45.90983963012695,OutputType.CAGE,,,
207,hCAGE UBERON:0001736,+,hCAGE,UBERON:0001736,submandibular gland,tissue,,fantom,,,97.6734390258789,OutputType.CAGE,,,
208,hCAGE UBERON:0001797,+,hCAGE,UBERON:0001797,vitreous humor,tissue,,fantom,,,51.01124954223633,OutputType.CAGE,,,
209,hCAGE UBERON:0001831,+,hCAGE,UBERON:0001831,parotid gland,tissue,,fantom,,,186.81967163085938,OutputType.CAGE,,,
210,hCAGE UBERON:0001870,+,hCAGE,UBERON:0001870,frontal cortex,tissue,,fantom,,,25.70257568359375,OutputType.CAGE,,,
211,hCAGE UBERON:0001871,+,hCAGE,UBERON:0001871,temporal lobe,tissue,,fantom,,,17.146074295043945,OutputType.CAGE,,,
212,hCAGE UBERON:0001872,+,hCAGE,UBERON:0001872,parietal lobe,tissue,,fantom,,,10.531946182250977,OutputType.CAGE,,,
213,hCAGE UBERON:0001873,+,hCAGE,UBERON:0001873,caudate nucleus,tissue,,fantom,,,17.615751266479492,OutputType.CAGE,,,
214,hCAGE UBERON:0001874,+,hCAGE,UBERON:0001874,putamen,tissue,,fantom,,,17.454984664916992,OutputType.CAGE,,,
215,hCAGE UBERON:0001875,+,hCAGE,UBERON:0001875,globus pallidus,tissue,,fantom,,,8.468856811523438,OutputType.CAGE,,,
216,hCAGE UBERON:0001876,+,hCAGE,UBERON:0001876,amygdala,tissue,,fantom,,,17.60308837890625,OutputType.CAGE,,,
217,hCAGE UBERON:0001882,+,hCAGE,UBERON:0001882,nucleus accumbens,tissue,,fantom,,,27.704946517944336,OutputType.CAGE,,,
218,hCAGE UBERON:0001894,+,hCAGE,UBERON:0001894,diencephalon,tissue,,fantom,,,68.8881607055664,OutputType.CAGE,,,
219,hCAGE UBERON:0001896,+,hCAGE,UBERON:0001896,medulla oblongata,tissue,,fantom,,,13.257373809814453,OutputType.CAGE,,,
220,hCAGE UBERON:0001897,+,hCAGE,UBERON:0001897,dorsal plus ventral thalamus,tissue,,fantom,,,11.435539245605469,OutputType.CAGE,,,
221,hCAGE UBERON:0001905,+,hCAGE,UBERON:0001905,pineal body,tissue,,fantom,,,27.537044525146484,OutputType.CAGE,,,
222,hCAGE UBERON:0001954,+,hCAGE,UBERON:0001954,Ammon's horn,tissue,,fantom,,,15.256468772888184,OutputType.CAGE,,,
223,hCAGE UBERON:0001987,+,hCAGE,UBERON:0001987,placenta,tissue,,fantom,,,48.42684555053711,OutputType.CAGE,,,
224,hCAGE UBERON:0002021,+,hCAGE,UBERON:0002021,occipital lobe,tissue,,fantom,,,9.989048957824707,OutputType.CAGE,,,
225,hCAGE UBERON:0002022,+,hCAGE,UBERON:0002022,insula,tissue,,fantom,,,25.655611038208008,OutputType.CAGE,,,
226,hCAGE UBERON:0002037,+,hCAGE,UBERON:0002037,cerebellum,tissue,,fantom,,,12.268932342529297,OutputType.CAGE,,,
227,hCAGE UBERON:0002038,+,hCAGE,UBERON:0002038,substantia nigra,tissue,,fantom,,,21.84133529663086,OutputType.CAGE,,,
228,hCAGE UBERON:0002046,+,hCAGE,UBERON:0002046,thyroid gland,tissue,,fantom,,,22.91981315612793,OutputType.CAGE,,,
229,hCAGE UBERON:0002048,+,hCAGE,UBERON:0002048,lung,tissue,,fantom,,,30.655853271484375,OutputType.CAGE,,,
230,hCAGE UBERON:0002079,+,hCAGE,UBERON:0002079,left cardiac atrium,tissue,,fantom,,,165.6048126220703,OutputType.CAGE,,,
231,hCAGE UBERON:0002084,+,hCAGE,UBERON:0002084,heart left ventricle,tissue,,fantom,,,191.14132690429688,OutputType.CAGE,,,
232,hCAGE UBERON:0002106,+,hCAGE,UBERON:0002106,spleen,tissue,,fantom,,,28.623931884765625,OutputType.CAGE,,,
233,hCAGE UBERON:0002107,+,hCAGE,UBERON:0002107,liver,tissue,,fantom,,,63.86726379394531,OutputType.CAGE,,,
234,hCAGE UBERON:0002108,+,hCAGE,UBERON:0002108,small intestine,tissue,,fantom,,,68.11326599121094,OutputType.CAGE,,,
235,hCAGE UBERON:0002110,+,hCAGE,UBERON:0002110,gallbladder,tissue,,fantom,,,72.35385131835938,OutputType.CAGE,,,
236,hCAGE UBERON:0002113,+,hCAGE,UBERON:0002113,kidney,tissue,,fantom,,,23.436513900756836,OutputType.CAGE,,,
237,hCAGE UBERON:0002114,+,hCAGE,UBERON:0002114,duodenum,tissue,,fantom,,,62.15086364746094,OutputType.CAGE,,,
238,hCAGE UBERON:0002118,+,hCAGE,UBERON:0002118,right ovary,primary_cell,,fantom,,,29.06232452392578,OutputType.CAGE,,,
239,hCAGE UBERON:0002119,+,hCAGE,UBERON:0002119,left ovary,primary_cell,,fantom,,,37.69746398925781,OutputType.CAGE,,,
240,hCAGE UBERON:0002134,+,hCAGE,UBERON:0002134,tricuspid valve,tissue,,fantom,,,33.244747161865234,OutputType.CAGE,,,
241,hCAGE UBERON:0002135,+,hCAGE,UBERON:0002135,mitral valve,tissue,,fantom,,,50.091373443603516,OutputType.CAGE,,,
242,hCAGE UBERON:0002146,+,hCAGE,UBERON:0002146,pulmonary valve,tissue,,fantom,,,19.755334854125977,OutputType.CAGE,,,
243,hCAGE UBERON:0002148,+,hCAGE,UBERON:0002148,locus ceruleus,tissue,,fantom,,,9.926314353942871,OutputType.CAGE,,,
244,hCAGE UBERON:0002171,+,hCAGE,UBERON:0002171,lower lobe of right lung,tissue,,fantom,,,65.2254638671875,OutputType.CAGE,,,
245,hCAGE UBERON:0002240,+,hCAGE,UBERON:0002240,spinal cord,tissue,,fantom,,,15.438720703125,OutputType.CAGE,,,
246,hCAGE UBERON:0002331,+,hCAGE,UBERON:0002331,umbilical cord,tissue,,fantom,,,234.72250366210938,OutputType.CAGE,,,
247,hCAGE UBERON:0002336,+,hCAGE,UBERON:0002336,corpus callosum,tissue,,fantom,,,31.147842407226562,OutputType.CAGE,,,
248,hCAGE UBERON:0002360,+,hCAGE,UBERON:0002360,meninx,tissue,,fantom,,,67.7375717163086,OutputType.CAGE,,,
249,hCAGE UBERON:0002363,+,hCAGE,UBERON:0002363,dura mater,tissue,,fantom,,,34.17447280883789,OutputType.CAGE,,,
250,hCAGE UBERON:0002367,+,hCAGE,UBERON:0002367,prostate gland,tissue,,fantom,,,47.3486328125,OutputType.CAGE,,,
251,hCAGE UBERON:0002369,+,hCAGE,UBERON:0002369,adrenal gland,tissue,,fantom,,,829.8981323242188,OutputType.CAGE,,,
252,hCAGE UBERON:0002370,+,hCAGE,UBERON:0002370,thymus,tissue,,fantom,,,22.066835403442383,OutputType.CAGE,,,
253,hCAGE UBERON:0002371,+,hCAGE,UBERON:0002371,bone marrow,tissue,,fantom,,,23.103410720825195,OutputType.CAGE,,,
254,hCAGE UBERON:0002372,+,hCAGE,UBERON:0002372,tonsil,tissue,,fantom,,,45.03621292114258,OutputType.CAGE,,,
255,hCAGE UBERON:0002448,+,hCAGE,UBERON:0002448,fungiform papilla,tissue,,fantom,,,17.252410888671875,OutputType.CAGE,,,
256,hCAGE UBERON:0002581,+,hCAGE,UBERON:0002581,postcentral gyrus,tissue,,fantom,,,30.33321762084961,OutputType.CAGE,,,
257,hCAGE UBERON:0002702,+,hCAGE,UBERON:0002702,middle frontal gyrus,tissue,,fantom,,,15.349337577819824,OutputType.CAGE,,,
258,hCAGE UBERON:0002771,+,hCAGE,UBERON:0002771,middle temporal gyrus,tissue,,fantom,,,10.49127197265625,OutputType.CAGE,,,
259,hCAGE UBERON:0002902,+,hCAGE,UBERON:0002902,occipital pole,tissue,,fantom,,,36.809513092041016,OutputType.CAGE,,,
260,hCAGE UBERON:0003112,+,hCAGE,UBERON:0003112,olfactory region,tissue,,fantom,,,32.72511672973633,OutputType.CAGE,,,
261,hCAGE UBERON:0003126,+,hCAGE,UBERON:0003126,trachea,tissue,,fantom,,,33.11235046386719,OutputType.CAGE,,,
262,hCAGE UBERON:0003701,+,hCAGE,UBERON:0003701,calcaneal tendon,tissue,,fantom,,,37.92416000366211,OutputType.CAGE,,,
263,hCAGE UBERON:0003729,+,hCAGE,UBERON:0003729,mouth mucosa,primary_cell,,fantom,,,74.475830078125,OutputType.CAGE,,,
264,hCAGE UBERON:0004225,+,hCAGE,UBERON:0004225,respiratory system smooth muscle,primary_cell,,fantom,,,21.150630950927734,OutputType.CAGE,,,
265,hCAGE UBERON:0005795,+,hCAGE,UBERON:0005795,embryonic uterus,tissue,,fantom,,,100.48787689208984,OutputType.CAGE,,,
266,hCAGE UBERON:0006322,+,hCAGE,UBERON:0006322,inferior rectus extraocular muscle,tissue,,fantom,,,34.49079513549805,OutputType.CAGE,,,
267,hCAGE UBERON:0006323,+,hCAGE,UBERON:0006323,superior rectus extraocular muscle,tissue,,fantom,,,46.73567199707031,OutputType.CAGE,,,
268,hCAGE UBERON:0006659,+,hCAGE,UBERON:0006659,cruciate ligament of knee,tissue,,fantom,,,23.395980834960938,OutputType.CAGE,,,
269,hCAGE UBERON:0007023,+,hCAGE,UBERON:0007023,adult organism,primary_cell,,fantom,,,53.7227668762207,OutputType.CAGE,,,
270,hCAGE UBERON:0007190,+,hCAGE,UBERON:0007190,paracentral gyrus,tissue,,fantom,,,29.09084129333496,OutputType.CAGE,,,
271,hCAGE UBERON:0008198,+,hCAGE,UBERON:0008198,nail plate,tissue,,fantom,,,43.569461822509766,OutputType.CAGE,,,
272,hCAGE UBERON:0013777,+,hCAGE,UBERON:0013777,skin of palm of manus,tissue,,fantom,,,43.870784759521484,OutputType.CAGE,,,
273,LQhCAGE CL:0000077,-,LQhCAGE,CL:0000077,mesothelial cell,primary_cell,,fantom,,,272.4184265136719,OutputType.CAGE,,,
274,LQhCAGE CL:0000136,-,LQhCAGE,CL:0000136,fat cell,primary_cell,,fantom,,,41.71626663208008,OutputType.CAGE,,,
275,LQhCAGE CL:0000767,-,LQhCAGE,CL:0000767,basophil,primary_cell,,fantom,,,59.45576095581055,OutputType.CAGE,,,
276,LQhCAGE CL:0000771,-,LQhCAGE,CL:0000771,eosinophil,primary_cell,,fantom,,,119.22451782226562,OutputType.CAGE,,,
277,LQhCAGE CL:0000775,-,LQhCAGE,CL:0000775,neutrophil,primary_cell,,fantom,,,339.38720703125,OutputType.CAGE,,,
278,LQhCAGE CL:0000784,-,LQhCAGE,CL:0000784,plasmacytoid dendritic cell,primary_cell,,fantom,,,103.1607666015625,OutputType.CAGE,,,
279,LQhCAGE CL:0000840,-,LQhCAGE,CL:0000840,immature conventional dendritic cell,primary_cell,,fantom,,,826.5433959960938,OutputType.CAGE,,,
280,LQhCAGE CL:0000895,-,LQhCAGE,CL:0000895,"naive thymus-derived CD4-positive, alpha-beta T cell",primary_cell,,fantom,,,91.95846557617188,OutputType.CAGE,,,
281,LQhCAGE CL:0002092,-,LQhCAGE,CL:0002092,bone marrow cell,primary_cell,,fantom,,,112.50702667236328,OutputType.CAGE,,,
282,LQhCAGE CL:0002166,-,LQhCAGE,CL:0002166,epithelial cell of Malassez,primary_cell,,fantom,,,278.642333984375,OutputType.CAGE,,,
283,LQhCAGE CL:0002167,-,LQhCAGE,CL:0002167,olfactory epithelial cell,primary_cell,,fantom,,,78.36111450195312,OutputType.CAGE,,,
284,LQhCAGE CL:0002193,-,LQhCAGE,CL:0002193,myelocyte,primary_cell,,fantom,,,242.18133544921875,OutputType.CAGE,,,
285,LQhCAGE CL:0002397,-,LQhCAGE,CL:0002397,"CD14-positive, CD16-positive monocyte",primary_cell,,fantom,,,75.36024475097656,OutputType.CAGE,,,
286,LQhCAGE CL:0002677,-,LQhCAGE,CL:0002677,naive regulatory T cell,primary_cell,,fantom,,,60.0953369140625,OutputType.CAGE,,,
287,LQhCAGE UBERON:0012168,-,LQhCAGE,UBERON:0012168,umbilical cord blood,primary_cell,,fantom,,,1110.8236083984375,OutputType.CAGE,,,
288,hCAGE CL:0000047,-,hCAGE,CL:0000047,neuronal stem cell,primary_cell,,fantom,,,12.134684562683105,OutputType.CAGE,,,
289,hCAGE CL:0000062,-,hCAGE,CL:0000062,osteoblast,primary_cell,,fantom,,,30.61863136291504,OutputType.CAGE,,,
290,hCAGE CL:0000077,-,hCAGE,CL:0000077,mesothelial cell,primary_cell,,fantom,,,41.45215606689453,OutputType.CAGE,,,
291,hCAGE CL:0000097,-,hCAGE,CL:0000097,mast cell,primary_cell,,fantom,,,6.240642070770264,OutputType.CAGE,,,
292,hCAGE CL:0000134,-,hCAGE,CL:0000134,mesenchymal cell,primary_cell,,fantom,,,37.52719497680664,OutputType.CAGE,,,
293,hCAGE CL:0000138,-,hCAGE,CL:0000138,chondrocyte,primary_cell,,fantom,,,21.439882278442383,OutputType.CAGE,,,
294,hCAGE CL:0000182,-,hCAGE,CL:0000182,hepatocyte,primary_cell,,fantom,,,34.04872131347656,OutputType.CAGE,,,
295,hCAGE CL:0000188,-,hCAGE,CL:0000188,cell of skeletal muscle,primary_cell,,fantom,,,24.676044464111328,OutputType.CAGE,,,
296,hCAGE CL:0000214,-,hCAGE,CL:0000214,synovial cell,primary_cell,,fantom,,,14.118721961975098,OutputType.CAGE,,,
297,hCAGE CL:0000216,-,hCAGE,CL:0000216,Sertoli cell,primary_cell,,fantom,,,276.9911193847656,OutputType.CAGE,,,
298,hCAGE CL:0000235,-,hCAGE,CL:0000235,macrophage,primary_cell,,fantom,,,39.823516845703125,OutputType.CAGE,,,
299,hCAGE CL:0000307,-,hCAGE,CL:0000307,tracheal epithelial cell,primary_cell,,fantom,,,43.87181091308594,OutputType.CAGE,,,
300,hCAGE CL:0000312,-,hCAGE,CL:0000312,keratinocyte,primary_cell,,fantom,,,33.14148712158203,OutputType.CAGE,,,
301,hCAGE CL:0000322,-,hCAGE,CL:0000322,pneumocyte,primary_cell,,fantom,,,134.20896911621094,OutputType.CAGE,,,
302,hCAGE CL:0000388,-,hCAGE,CL:0000388,tendon cell,primary_cell,,fantom,,,55.28364944458008,OutputType.CAGE,,,
303,hCAGE CL:0000453,-,hCAGE,CL:0000453,Langerhans cell,primary_cell,,fantom,,,16.974895477294922,OutputType.CAGE,,,
304,hCAGE CL:0000515,-,hCAGE,CL:0000515,skeletal muscle myoblast,primary_cell,,fantom,,,33.86757278442383,OutputType.CAGE,,,
305,hCAGE CL:0000540,-,hCAGE,CL:0000540,neuron,primary_cell,,fantom,,,10.895456314086914,OutputType.CAGE,,,
306,hCAGE CL:0000558,-,hCAGE,CL:0000558,reticulocyte,primary_cell,,fantom,,,46.566463470458984,OutputType.CAGE,,,
307,hCAGE CL:0000569,-,hCAGE,CL:0000569,cardiac mesenchymal cell,primary_cell,,fantom,,,31.969520568847656,OutputType.CAGE,,,
308,hCAGE CL:0000575,-,hCAGE,CL:0000575,corneal epithelial cell,primary_cell,,fantom,,,100.49095153808594,OutputType.CAGE,,,
309,hCAGE CL:0000576,-,hCAGE,CL:0000576,monocyte,primary_cell,,fantom,,,15.824190139770508,OutputType.CAGE,,,
310,hCAGE CL:0000594,-,hCAGE,CL:0000594,skeletal muscle satellite cell,primary_cell,,fantom,,,25.070316314697266,OutputType.CAGE,,,
311,hCAGE CL:0000623,-,hCAGE,CL:0000623,natural killer cell,primary_cell,,fantom,,,17.459035873413086,OutputType.CAGE,,,
312,hCAGE CL:0000650,-,hCAGE,CL:0000650,mesangial cell,primary_cell,,fantom,,,88.14716339111328,OutputType.CAGE,,,
313,hCAGE CL:0000708,-,hCAGE,CL:0000708,leptomeningeal cell,primary_cell,,fantom,,,47.9016227722168,OutputType.CAGE,,,
314,hCAGE CL:0000731,-,hCAGE,CL:0000731,urothelial cell,primary_cell,,fantom,,,67.40660858154297,OutputType.CAGE,,,
315,hCAGE CL:0000746,-,hCAGE,CL:0000746,cardiac muscle cell,primary_cell,,fantom,,,72.80142974853516,OutputType.CAGE,,,
316,hCAGE CL:0000767,-,hCAGE,CL:0000767,basophil,primary_cell,,fantom,,,62.97188949584961,OutputType.CAGE,,,
317,hCAGE CL:0000775,-,hCAGE,CL:0000775,neutrophil,primary_cell,,fantom,,,36.77899932861328,OutputType.CAGE,,,
318,hCAGE CL:0000784,-,hCAGE,CL:0000784,plasmacytoid dendritic cell,primary_cell,,fantom,,,89.53435516357422,OutputType.CAGE,,,
319,hCAGE CL:0000798,-,hCAGE,CL:0000798,gamma-delta T cell,primary_cell,,fantom,,,66.08777618408203,OutputType.CAGE,,,
320,hCAGE CL:0000840,-,hCAGE,CL:0000840,immature conventional dendritic cell,primary_cell,,fantom,,,32.85494613647461,OutputType.CAGE,,,
321,hCAGE CL:0001016,-,hCAGE,CL:0001016,immature CD1a-positive Langerhans cell,primary_cell,,fantom,,,27.767858505249023,OutputType.CAGE,,,
322,hCAGE CL:0002057,-,hCAGE,CL:0002057,"CD14-positive, CD16-negative classical monocyte",primary_cell,,fantom,,,17.50489616394043,OutputType.CAGE,,,
323,hCAGE CL:0002138,-,hCAGE,CL:0002138,endothelial cell of lymphatic vessel,primary_cell,,fantom,,,57.86992263793945,OutputType.CAGE,,,
324,hCAGE CL:0002140,-,hCAGE,CL:0002140,acinar cell of sebaceous gland,primary_cell,,fantom,,,89.7684555053711,OutputType.CAGE,,,
325,hCAGE CL:0002144,-,hCAGE,CL:0002144,capillary endothelial cell,primary_cell,,fantom,,,66.49445343017578,OutputType.CAGE,,,
326,hCAGE CL:0002166,-,hCAGE,CL:0002166,epithelial cell of Malassez,primary_cell,,fantom,,,40.9921989440918,OutputType.CAGE,,,
327,hCAGE CL:0002167,-,hCAGE,CL:0002167,olfactory epithelial cell,primary_cell,,fantom,,,18.670610427856445,OutputType.CAGE,,,
328,hCAGE CL:0002188,-,hCAGE,CL:0002188,glomerular endothelial cell,primary_cell,,fantom,,,45.9676513671875,OutputType.CAGE,,,
329,hCAGE CL:0002224,-,hCAGE,CL:0002224,lens epithelial cell,primary_cell,,fantom,,,24.04073143005371,OutputType.CAGE,,,
330,hCAGE CL:0002231,-,hCAGE,CL:0002231,epithelial cell of prostate,primary_cell,,fantom,,,25.89071273803711,OutputType.CAGE,,,
331,hCAGE CL:0002252,-,hCAGE,CL:0002252,epithelial cell of esophagus,primary_cell,,fantom,,,180.217529296875,OutputType.CAGE,,,
332,hCAGE CL:0002304,-,hCAGE,CL:0002304,non-pigmented ciliary epithelial cell,primary_cell,,fantom,,,22.071800231933594,OutputType.CAGE,,,
333,hCAGE CL:0002306,-,hCAGE,CL:0002306,epithelial cell of proximal tubule,primary_cell,,fantom,,,71.96795654296875,OutputType.CAGE,,,
334,hCAGE CL:0002327,-,hCAGE,CL:0002327,mammary gland epithelial cell,primary_cell,,fantom,,,26.254535675048828,OutputType.CAGE,,,
335,hCAGE CL:0002328,-,hCAGE,CL:0002328,bronchial epithelial cell,primary_cell,,fantom,,,36.56751251220703,OutputType.CAGE,,,
336,hCAGE CL:0002363,-,hCAGE,CL:0002363,keratocyte,primary_cell,,fantom,,,73.38771057128906,OutputType.CAGE,,,
337,hCAGE CL:0002367,-,hCAGE,CL:0002367,trabecular meshwork cell,primary_cell,,fantom,,,105.23827362060547,OutputType.CAGE,,,
338,hCAGE CL:0002368,-,hCAGE,CL:0002368,respiratory epithelial cell,primary_cell,,fantom,,,33.22234344482422,OutputType.CAGE,,,
339,hCAGE CL:0002372,-,hCAGE,CL:0002372,myotube,primary_cell,,fantom,,,42.713294982910156,OutputType.CAGE,,,
340,hCAGE CL:0002397,-,hCAGE,CL:0002397,"CD14-positive, CD16-positive monocyte",primary_cell,,fantom,,,13.204062461853027,OutputType.CAGE,,,
341,hCAGE CL:0002453,-,hCAGE,CL:0002453,oligodendrocyte precursor cell,primary_cell,,fantom,,,151.70761108398438,OutputType.CAGE,,,
342,hCAGE CL:0002504,-,hCAGE,CL:0002504,enteric smooth muscle cell,primary_cell,,fantom,,,35.44852828979492,OutputType.CAGE,,,
343,hCAGE CL:0002521,-,hCAGE,CL:0002521,subcutaneous fat cell,primary_cell,,fantom,,,77.64310455322266,OutputType.CAGE,,,
344,hCAGE CL:0002536,-,hCAGE,CL:0002536,amniotic epithelial cell,primary_cell,,fantom,,,76.5748062133789,OutputType.CAGE,,,
345,hCAGE CL:0002537,-,hCAGE,CL:0002537,amnion mesenchymal stem cell,primary_cell,,fantom,,,89.0509033203125,OutputType.CAGE,,,
346,hCAGE CL:0002539,-,hCAGE,CL:0002539,aortic smooth muscle cell,primary_cell,,fantom,,,63.35017776489258,OutputType.CAGE,,,
347,hCAGE CL:0002540,-,hCAGE,CL:0002540,mesenchymal stem cell of the bone marrow,primary_cell,,fantom,,,27.279977798461914,OutputType.CAGE,,,
348,hCAGE CL:0002543,-,hCAGE,CL:0002543,vein endothelial cell,primary_cell,,fantom,,,67.78170776367188,OutputType.CAGE,,,
349,hCAGE CL:0002544,-,hCAGE,CL:0002544,aortic endothelial cell,primary_cell,,fantom,,,64.3360824584961,OutputType.CAGE,,,
350,hCAGE CL:0002545,-,hCAGE,CL:0002545,thoracic aorta endothelial cell,primary_cell,,fantom,,,122.50443267822266,OutputType.CAGE,,,
351,hCAGE CL:0002547,-,hCAGE,CL:0002547,fibroblast of the aortic adventitia,primary_cell,,fantom,,,37.147178649902344,OutputType.CAGE,,,
352,hCAGE CL:0002548,-,hCAGE,CL:0002548,cardiac fibroblast,primary_cell,,fantom,,,29.91438102722168,OutputType.CAGE,,,
353,hCAGE CL:0002549,-,hCAGE,CL:0002549,fibroblast of choroid plexus,primary_cell,,fantom,,,71.33724975585938,OutputType.CAGE,,,
354,hCAGE CL:0002550,-,hCAGE,CL:0002550,fibroblast of the conjuctiva,primary_cell,,fantom,,,21.54827880859375,OutputType.CAGE,,,
355,hCAGE CL:0002551,-,hCAGE,CL:0002551,fibroblast of dermis,primary_cell,,fantom,,,19.51736068725586,OutputType.CAGE,,,
356,hCAGE CL:0002552,-,hCAGE,CL:0002552,fibroblast of gingiva,primary_cell,,fantom,,,9.673295021057129,OutputType.CAGE,,,
357,hCAGE CL:0002553,-,hCAGE,CL:0002553,lung fibroblast,primary_cell,,fantom,,,47.210205078125,OutputType.CAGE,,,
358,hCAGE CL:0002554,-,hCAGE,CL:0002554,fibroblast of lymphatic vessel,primary_cell,,fantom,,,165.5852508544922,OutputType.CAGE,,,
359,hCAGE CL:0002555,-,hCAGE,CL:0002555,fibroblast of mammary gland,primary_cell,,fantom,,,183.86680603027344,OutputType.CAGE,,,
360,hCAGE CL:0002556,-,hCAGE,CL:0002556,fibroblast of periodontium,primary_cell,,fantom,,,27.91110610961914,OutputType.CAGE,,,
361,hCAGE CL:0002557,-,hCAGE,CL:0002557,fibroblast of pulmonary artery,primary_cell,,fantom,,,62.941715240478516,OutputType.CAGE,,,
362,hCAGE CL:0002558,-,hCAGE,CL:0002558,fibroblast of villous mesenchyme,primary_cell,,fantom,,,87.75638580322266,OutputType.CAGE,,,
363,hCAGE CL:0002561,-,hCAGE,CL:0002561,outer root sheath cell,primary_cell,,fantom,,,96.74041748046875,OutputType.CAGE,,,
364,hCAGE CL:0002563,-,hCAGE,CL:0002563,intestinal epithelial cell,primary_cell,,fantom,,,69.25311279296875,OutputType.CAGE,,,
365,hCAGE CL:0002564,-,hCAGE,CL:0002564,nucleus pulposus cell of intervertebral disc,primary_cell,,fantom,,,50.26506423950195,OutputType.CAGE,,,
366,hCAGE CL:0002565,-,hCAGE,CL:0002565,iris pigment epithelial cell,primary_cell,,fantom,,,41.941837310791016,OutputType.CAGE,,,
367,hCAGE CL:0002566,-,hCAGE,CL:0002566,dark melanocyte,primary_cell,,fantom,,,33.85832595825195,OutputType.CAGE,,,
368,hCAGE CL:0002567,-,hCAGE,CL:0002567,light melanocyte,primary_cell,,fantom,,,91.54637908935547,OutputType.CAGE,,,
369,hCAGE CL:0002568,-,hCAGE,CL:0002568,mesenchymal stem cell of Wharton's jelly,primary_cell,,fantom,,,74.28569030761719,OutputType.CAGE,,,
370,hCAGE CL:0002569,-,hCAGE,CL:0002569,mesenchymal stem cell of umbilical cord,primary_cell,,fantom,,,57.37498474121094,OutputType.CAGE,,,
371,hCAGE CL:0002570,-,hCAGE,CL:0002570,mesenchymal stem cell of adipose,primary_cell,,fantom,,,36.561710357666016,OutputType.CAGE,,,
372,hCAGE CL:0002571,-,hCAGE,CL:0002571,hepatic mesenchymal stem cell,primary_cell,,fantom,,,18.6415958404541,OutputType.CAGE,,,
373,hCAGE CL:0002572,-,hCAGE,CL:0002572,vertebral mesenchymal stem cell,primary_cell,,fantom,,,157.3568572998047,OutputType.CAGE,,,
374,hCAGE CL:0002573,-,hCAGE,CL:0002573,Schwann cell,primary_cell,,fantom,,,67.37821960449219,OutputType.CAGE,,,
375,hCAGE CL:0002574,-,hCAGE,CL:0002574,stromal cell of pancreas,primary_cell,,fantom,,,54.611366271972656,OutputType.CAGE,,,
376,hCAGE CL:0002575,-,hCAGE,CL:0002575,central nervous system pericyte,primary_cell,,fantom,,,59.45750427246094,OutputType.CAGE,,,
377,hCAGE CL:0002576,-,hCAGE,CL:0002576,perineural cell,primary_cell,,fantom,,,47.03921127319336,OutputType.CAGE,,,
378,hCAGE CL:0002577,-,hCAGE,CL:0002577,placental epithelial cell,primary_cell,,fantom,,,76.00321197509766,OutputType.CAGE,,,
379,hCAGE CL:0002579,-,hCAGE,CL:0002579,omentum preadipocyte,primary_cell,,fantom,,,26.805828094482422,OutputType.CAGE,,,
380,hCAGE CL:0002580,-,hCAGE,CL:0002580,preadipocyte of the breast,primary_cell,,fantom,,,62.83474349975586,OutputType.CAGE,,,
381,hCAGE CL:0002581,-,hCAGE,CL:0002581,perirenal preadipocyte,primary_cell,,fantom,,,397.037353515625,OutputType.CAGE,,,
382,hCAGE CL:0002582,-,hCAGE,CL:0002582,visceral preadipocyte,primary_cell,,fantom,,,23.0330753326416,OutputType.CAGE,,,
383,hCAGE CL:0002583,-,hCAGE,CL:0002583,subcutaneous preadipocyte,primary_cell,,fantom,,,33.97900390625,OutputType.CAGE,,,
384,hCAGE CL:0002584,-,hCAGE,CL:0002584,renal cortical epithelial cell,primary_cell,,fantom,,,41.12630081176758,OutputType.CAGE,,,
385,hCAGE CL:0002586,-,hCAGE,CL:0002586,retinal pigment epithelial cell,primary_cell,,fantom,,,59.10931396484375,OutputType.CAGE,,,
386,hCAGE CL:0002588,-,hCAGE,CL:0002588,smooth muscle cell of the umbilical vein,primary_cell,,fantom,,,48.645050048828125,OutputType.CAGE,,,
387,hCAGE CL:0002589,-,hCAGE,CL:0002589,smooth muscle cell of the brachiocephalic vasculature,primary_cell,,fantom,,,26.21996307373047,OutputType.CAGE,,,
388,hCAGE CL:0002590,-,hCAGE,CL:0002590,smooth muscle cell of the brain vasculature,primary_cell,,fantom,,,54.19729995727539,OutputType.CAGE,,,
389,hCAGE CL:0002591,-,hCAGE,CL:0002591,smooth muscle cell of the pulmonary artery,primary_cell,,fantom,,,60.34335708618164,OutputType.CAGE,,,
390,hCAGE CL:0002592,-,hCAGE,CL:0002592,smooth muscle cell of the coronary artery,primary_cell,,fantom,,,75.50702667236328,OutputType.CAGE,,,
391,hCAGE CL:0002593,-,hCAGE,CL:0002593,smooth muscle cell of the internal thoracic artery,primary_cell,,fantom,,,30.01109504699707,OutputType.CAGE,,,
392,hCAGE CL:0002594,-,hCAGE,CL:0002594,smooth muscle cell of the umbilical artery,primary_cell,,fantom,,,48.85675048828125,OutputType.CAGE,,,
393,hCAGE CL:0002595,-,hCAGE,CL:0002595,smooth muscle cell of the subclavian artery,primary_cell,,fantom,,,84.72882843017578,OutputType.CAGE,,,
394,hCAGE CL:0002596,-,hCAGE,CL:0002596,smooth muscle cell of the carotid artery,primary_cell,,fantom,,,107.90396118164062,OutputType.CAGE,,,
395,hCAGE CL:0002597,-,hCAGE,CL:0002597,smooth muscle cell of bladder,primary_cell,,fantom,,,305.0801696777344,OutputType.CAGE,,,
396,hCAGE CL:0002598,-,hCAGE,CL:0002598,bronchial smooth muscle cell,primary_cell,,fantom,,,157.73635864257812,OutputType.CAGE,,,
397,hCAGE CL:0002599,-,hCAGE,CL:0002599,smooth muscle cell of the esophagus,primary_cell,,fantom,,,41.33835220336914,OutputType.CAGE,,,
398,hCAGE CL:0002600,-,hCAGE,CL:0002600,smooth muscle cell of trachea,primary_cell,,fantom,,,57.2053108215332,OutputType.CAGE,,,
399,hCAGE CL:0002601,-,hCAGE,CL:0002601,uterine smooth muscle cell,primary_cell,,fantom,,,74.29872131347656,OutputType.CAGE,,,
400,hCAGE CL:0002602,-,hCAGE,CL:0002602,annulus pulposus cell,primary_cell,,fantom,,,65.11280059814453,OutputType.CAGE,,,
401,hCAGE CL:0002603,-,hCAGE,CL:0002603,astrocyte of the cerebellum,primary_cell,,fantom,,,51.632850646972656,OutputType.CAGE,,,
402,hCAGE CL:0002605,-,hCAGE,CL:0002605,astrocyte of the cerebral cortex,primary_cell,,fantom,,,28.462190628051758,OutputType.CAGE,,,
403,hCAGE CL:0002615,-,hCAGE,CL:0002615,adipocyte of omentum tissue,primary_cell,,fantom,,,49.05179214477539,OutputType.CAGE,,,
404,hCAGE CL:0002616,-,hCAGE,CL:0002616,perirenal adipocyte cell,primary_cell,,fantom,,,215.66867065429688,OutputType.CAGE,,,
405,hCAGE CL:0002617,-,hCAGE,CL:0002617,adipocyte of breast,primary_cell,,fantom,,,44.72285842895508,OutputType.CAGE,,,
406,hCAGE CL:0002618,-,hCAGE,CL:0002618,endothelial cell of umbilical vein,primary_cell,,fantom,,,32.87194061279297,OutputType.CAGE,,,
407,hCAGE CL:0002620,-,hCAGE,CL:0002620,skin fibroblast,primary_cell,,fantom,,,16.08747100830078,OutputType.CAGE,,,
408,hCAGE CL:0002621,-,hCAGE,CL:0002621,gingival epithelial cell,primary_cell,,fantom,,,49.712242126464844,OutputType.CAGE,,,
409,hCAGE CL:0002622,-,hCAGE,CL:0002622,prostate stromal cell,primary_cell,,fantom,,,32.768733978271484,OutputType.CAGE,,,
410,hCAGE CL:0002623,-,hCAGE,CL:0002623,acinar cell of salivary gland,primary_cell,,fantom,,,34.9274787902832,OutputType.CAGE,,,
411,hCAGE CL:0002677,-,hCAGE,CL:0002677,naive regulatory T cell,primary_cell,,fantom,,,61.674278259277344,OutputType.CAGE,,,
412,hCAGE CL:1000280,-,hCAGE,CL:1000280,smooth muscle cell of colon,primary_cell,,fantom,,,36.03932189941406,OutputType.CAGE,,,
413,hCAGE CL:1000413,-,hCAGE,CL:1000413,endothelial cell of artery,primary_cell,,fantom,,,60.48858642578125,OutputType.CAGE,,,
414,hCAGE CL:1000428,-,hCAGE,CL:1000428,stem cell of epidermis,primary_cell,,fantom,,,120.64453125,OutputType.CAGE,,,
415,hCAGE CL:1000487,-,hCAGE,CL:1000487,smooth muscle cell of prostate,primary_cell,,fantom,,,38.214168548583984,OutputType.CAGE,,,
416,hCAGE CL:1000494,-,hCAGE,CL:1000494,nephron tubule epithelial cell,primary_cell,,fantom,,,40.157440185546875,OutputType.CAGE,,,
417,hCAGE EFO:0001086,-,hCAGE,EFO:0001086,A549,cell_line,,fantom,,,98.9642562866211,OutputType.CAGE,,,
418,hCAGE EFO:0001099,-,hCAGE,EFO:0001099,Caco-2,cell_line,,fantom,,,88.74836730957031,OutputType.CAGE,,,
419,hCAGE EFO:0001182,-,hCAGE,EFO:0001182,HEK293,cell_line,,fantom,,,41.831764221191406,OutputType.CAGE,,,
420,hCAGE EFO:0001187,-,hCAGE,EFO:0001187,HepG2,cell_line,,fantom,,,22.447940826416016,OutputType.CAGE,,,
421,hCAGE EFO:0001253,-,hCAGE,EFO:0001253,THP-1,cell_line,,fantom,,,56.61591339111328,OutputType.CAGE,,,
422,hCAGE EFO:0002059,-,hCAGE,EFO:0002059,HT1080,cell_line,,fantom,,,65.99971771240234,OutputType.CAGE,,,
423,hCAGE EFO:0002067,-,hCAGE,EFO:0002067,K562,cell_line,,fantom,,,35.16718292236328,OutputType.CAGE,,,
424,hCAGE EFO:0002074,-,hCAGE,EFO:0002074,PC-3,cell_line,,fantom,,,47.83613204956055,OutputType.CAGE,,,
425,hCAGE EFO:0002101,-,hCAGE,EFO:0002101,A172,cell_line,,fantom,,,35.259254455566406,OutputType.CAGE,,,
426,hCAGE EFO:0002179,-,hCAGE,EFO:0002179,G401,cell_line,,fantom,,,54.055908203125,OutputType.CAGE,,,
427,hCAGE EFO:0002285,-,hCAGE,EFO:0002285,NCI-H226,cell_line,,fantom,,,86.6911849975586,OutputType.CAGE,,,
428,hCAGE EFO:0002324,-,hCAGE,EFO:0002324,Raji,cell_line,,fantom,,,57.717403411865234,OutputType.CAGE,,,
429,hCAGE EFO:0002784,-,hCAGE,EFO:0002784,GM12878,cell_line,,fantom,,,21.34037971496582,OutputType.CAGE,,,
430,hCAGE EFO:0002791,-,hCAGE,EFO:0002791,HeLa-S3,cell_line,,fantom,,,23.797666549682617,OutputType.CAGE,,,
431,hCAGE EFO:0002793,-,hCAGE,EFO:0002793,HL-60,cell_line,,fantom,,,79.93690490722656,OutputType.CAGE,,,
432,hCAGE EFO:0002796,-,hCAGE,EFO:0002796,Jurkat,cell_line,,fantom,,,64.35321807861328,OutputType.CAGE,,,
433,hCAGE EFO:0002860,-,hCAGE,EFO:0002860,SK-N-MC,cell_line,,fantom,,,180.7675323486328,OutputType.CAGE,,,
434,hCAGE EFO:0003044,-,hCAGE,EFO:0003044,NCI-H460,cell_line,,fantom,,,78.24180603027344,OutputType.CAGE,,,
435,hCAGE EFO:0005441,-,hCAGE,EFO:0005441,DU 145,cell_line,,fantom,,,57.9163932800293,OutputType.CAGE,,,
436,hCAGE UBERON:0000002,-,hCAGE,UBERON:0000002,uterine cervix,tissue,,fantom,,,35.90520477294922,OutputType.CAGE,,,
437,hCAGE UBERON:0000007,-,hCAGE,UBERON:0000007,pituitary gland,tissue,,fantom,,,38.91667938232422,OutputType.CAGE,,,
438,hCAGE UBERON:0000014,-,hCAGE,UBERON:0000014,zone of skin,tissue,,fantom,,,90.9419937133789,OutputType.CAGE,,,
439,hCAGE UBERON:0000019,-,hCAGE,UBERON:0000019,camera-type eye,tissue,,fantom,,,73.05904388427734,OutputType.CAGE,,,
440,hCAGE UBERON:0000029,-,hCAGE,UBERON:0000029,lymph node,tissue,,fantom,,,132.45211791992188,OutputType.CAGE,,,
441,hCAGE UBERON:0000057,-,hCAGE,UBERON:0000057,urethra,tissue,,fantom,,,21.93443489074707,OutputType.CAGE,,,
442,hCAGE UBERON:0000178,-,hCAGE,UBERON:0000178,blood,primary_cell,,fantom,,,13.531624794006348,OutputType.CAGE,,,
443,hCAGE UBERON:0000305,-,hCAGE,UBERON:0000305,amnion,primary_cell,,fantom,,,44.147254943847656,OutputType.CAGE,,,
444,hCAGE UBERON:0000310,-,hCAGE,UBERON:0000310,breast,tissue,,fantom,,,203.0039520263672,OutputType.CAGE,,,
445,hCAGE UBERON:0000341,-,hCAGE,UBERON:0000341,throat,tissue,,fantom,,,36.27021789550781,OutputType.CAGE,,,
446,hCAGE UBERON:0000473,-,hCAGE,UBERON:0000473,testis,tissue,,fantom,,,19.597055435180664,OutputType.CAGE,,,
447,hCAGE UBERON:0000920,-,hCAGE,UBERON:0000920,egg chorion,primary_cell,,fantom,,,31.856163024902344,OutputType.CAGE,,,
448,hCAGE UBERON:0000941,-,hCAGE,UBERON:0000941,cranial nerve II,tissue,,fantom,,,43.41749954223633,OutputType.CAGE,,,
449,hCAGE UBERON:0000945,-,hCAGE,UBERON:0000945,stomach,tissue,,fantom,,,149.30126953125,OutputType.CAGE,,,
450,hCAGE UBERON:0000947,-,hCAGE,UBERON:0000947,aorta,tissue,,fantom,,,51.7029914855957,OutputType.CAGE,,,
451,hCAGE UBERON:0000948,-,hCAGE,UBERON:0000948,heart,tissue,,fantom,,,21.7347412109375,OutputType.CAGE,,,
452,hCAGE UBERON:0000955,-,hCAGE,UBERON:0000955,brain,tissue,,fantom,,,28.4322452545166,OutputType.CAGE,,,
453,hCAGE UBERON:0000966,-,hCAGE,UBERON:0000966,retina,tissue,,fantom,,,32.83579635620117,OutputType.CAGE,,,
454,hCAGE UBERON:0000988,-,hCAGE,UBERON:0000988,pons,tissue,,fantom,,,28.069860458374023,OutputType.CAGE,,,
455,hCAGE UBERON:0000989,-,hCAGE,UBERON:0000989,penis,tissue,,fantom,,,55.62895965576172,OutputType.CAGE,,,
456,hCAGE UBERON:0000992,-,hCAGE,UBERON:0000992,female gonad,tissue,,fantom,,,46.649906158447266,OutputType.CAGE,,,
457,hCAGE UBERON:0000995,-,hCAGE,UBERON:0000995,uterus,tissue,,fantom,,,59.67921447753906,OutputType.CAGE,,,
458,hCAGE UBERON:0000996,-,hCAGE,UBERON:0000996,vagina,tissue,,fantom,,,192.70404052734375,OutputType.CAGE,,,
459,hCAGE UBERON:0000998,-,hCAGE,UBERON:0000998,seminal vesicle,tissue,,fantom,,,43.64366149902344,OutputType.CAGE,,,
460,hCAGE UBERON:0001000,-,hCAGE,UBERON:0001000,vas deferens,tissue,,fantom,,,68.61293029785156,OutputType.CAGE,,,
461,hCAGE UBERON:0001013,-,hCAGE,UBERON:0001013,adipose tissue,tissue,,fantom,,,21.103422164916992,OutputType.CAGE,,,
462,hCAGE UBERON:0001043,-,hCAGE,UBERON:0001043,esophagus,tissue,,fantom,,,51.76528549194336,OutputType.CAGE,,,
463,hCAGE UBERON:0001044,-,hCAGE,UBERON:0001044,saliva-secreting gland,tissue,,fantom,,,148.62879943847656,OutputType.CAGE,,,
464,hCAGE UBERON:0001052,-,hCAGE,UBERON:0001052,rectum,tissue,,fantom,,,130.85585021972656,OutputType.CAGE,,,
465,hCAGE UBERON:0001103,-,hCAGE,UBERON:0001103,diaphragm,tissue,,fantom,,,117.9341049194336,OutputType.CAGE,,,
466,hCAGE UBERON:0001134,-,hCAGE,UBERON:0001134,skeletal muscle tissue,tissue,,fantom,,,50.37820816040039,OutputType.CAGE,,,
467,hCAGE UBERON:0001135,-,hCAGE,UBERON:0001135,smooth muscle tissue,tissue,,fantom,,,28.285898208618164,OutputType.CAGE,,,
468,hCAGE UBERON:0001154,-,hCAGE,UBERON:0001154,vermiform appendix,tissue,,fantom,,,80.126708984375,OutputType.CAGE,,,
469,hCAGE UBERON:0001155,-,hCAGE,UBERON:0001155,colon,tissue,,fantom,,,35.34465789794922,OutputType.CAGE,,,
470,hCAGE UBERON:0001255,-,hCAGE,UBERON:0001255,urinary bladder,tissue,,fantom,,,48.4241943359375,OutputType.CAGE,,,
471,hCAGE UBERON:0001264,-,hCAGE,UBERON:0001264,pancreas,tissue,,fantom,,,188.36380004882812,OutputType.CAGE,,,
472,hCAGE UBERON:0001301,-,hCAGE,UBERON:0001301,epididymis,tissue,,fantom,,,41.035892486572266,OutputType.CAGE,,,
473,hCAGE UBERON:0001359,-,hCAGE,UBERON:0001359,cerebrospinal fluid,tissue,,fantom,,,66.41242980957031,OutputType.CAGE,,,
474,hCAGE UBERON:0001389,-,hCAGE,UBERON:0001389,soleus muscle,tissue,,fantom,,,52.885318756103516,OutputType.CAGE,,,
475,hCAGE UBERON:0001602,-,hCAGE,UBERON:0001602,medial rectus extraocular muscle,tissue,,fantom,,,72.61691284179688,OutputType.CAGE,,,
476,hCAGE UBERON:0001603,-,hCAGE,UBERON:0001603,lateral rectus extra-ocular muscle,tissue,,fantom,,,64.0296401977539,OutputType.CAGE,,,
477,hCAGE UBERON:0001637,-,hCAGE,UBERON:0001637,artery,tissue,,fantom,,,176.23216247558594,OutputType.CAGE,,,
478,hCAGE UBERON:0001638,-,hCAGE,UBERON:0001638,vein,tissue,,fantom,,,73.34970092773438,OutputType.CAGE,,,
479,hCAGE UBERON:0001723,-,hCAGE,UBERON:0001723,tongue,tissue,,fantom,,,45.90983963012695,OutputType.CAGE,,,
480,hCAGE UBERON:0001736,-,hCAGE,UBERON:0001736,submandibular gland,tissue,,fantom,,,97.6734390258789,OutputType.CAGE,,,
481,hCAGE UBERON:0001797,-,hCAGE,UBERON:0001797,vitreous humor,tissue,,fantom,,,51.01124954223633,OutputType.CAGE,,,
482,hCAGE UBERON:0001831,-,hCAGE,UBERON:0001831,parotid gland,tissue,,fantom,,,186.81967163085938,OutputType.CAGE,,,
483,hCAGE UBERON:0001870,-,hCAGE,UBERON:0001870,frontal cortex,tissue,,fantom,,,25.70257568359375,OutputType.CAGE,,,
484,hCAGE UBERON:0001871,-,hCAGE,UBERON:0001871,temporal lobe,tissue,,fantom,,,17.146074295043945,OutputType.CAGE,,,
485,hCAGE UBERON:0001872,-,hCAGE,UBERON:0001872,parietal lobe,tissue,,fantom,,,10.531946182250977,OutputType.CAGE,,,
486,hCAGE UBERON:0001873,-,hCAGE,UBERON:0001873,caudate nucleus,tissue,,fantom,,,17.615751266479492,OutputType.CAGE,,,
487,hCAGE UBERON:0001874,-,hCAGE,UBERON:0001874,putamen,tissue,,fantom,,,17.454984664916992,OutputType.CAGE,,,
488,hCAGE UBERON:0001875,-,hCAGE,UBERON:0001875,globus pallidus,tissue,,fantom,,,8.468856811523438,OutputType.CAGE,,,
489,hCAGE UBERON:0001876,-,hCAGE,UBERON:0001876,amygdala,tissue,,fantom,,,17.60308837890625,OutputType.CAGE,,,
490,hCAGE UBERON:0001882,-,hCAGE,UBERON:0001882,nucleus accumbens,tissue,,fantom,,,27.704946517944336,OutputType.CAGE,,,
491,hCAGE UBERON:0001894,-,hCAGE,UBERON:0001894,diencephalon,tissue,,fantom,,,68.8881607055664,OutputType.CAGE,,,
492,hCAGE UBERON:0001896,-,hCAGE,UBERON:0001896,medulla oblongata,tissue,,fantom,,,13.257373809814453,OutputType.CAGE,,,
493,hCAGE UBERON:0001897,-,hCAGE,UBERON:0001897,dorsal plus ventral thalamus,tissue,,fantom,,,11.435539245605469,OutputType.CAGE,,,
494,hCAGE UBERON:0001905,-,hCAGE,UBERON:0001905,pineal body,tissue,,fantom,,,27.537044525146484,OutputType.CAGE,,,
495,hCAGE UBERON:0001954,-,hCAGE,UBERON:0001954,Ammon's horn,tissue,,fantom,,,15.256468772888184,OutputType.CAGE,,,
496,hCAGE UBERON:0001987,-,hCAGE,UBERON:0001987,placenta,tissue,,fantom,,,48.42684555053711,OutputType.CAGE,,,
497,hCAGE UBERON:0002021,-,hCAGE,UBERON:0002021,occipital lobe,tissue,,fantom,,,9.989048957824707,OutputType.CAGE,,,
498,hCAGE UBERON:0002022,-,hCAGE,UBERON:0002022,insula,tissue,,fantom,,,25.655611038208008,OutputType.CAGE,,,
499,hCAGE UBERON:0002037,-,hCAGE,UBERON:0002037,cerebellum,tissue,,fantom,,,12.268932342529297,OutputType.CAGE,,,
500,hCAGE UBERON:0002038,-,hCAGE,UBERON:0002038,substantia nigra,tissue,,fantom,,,21.84133529663086,OutputType.CAGE,,,
501,hCAGE UBERON:0002046,-,hCAGE,UBERON:0002046,thyroid gland,tissue,,fantom,,,22.91981315612793,OutputType.CAGE,,,
502,hCAGE UBERON:0002048,-,hCAGE,UBERON:0002048,lung,tissue,,fantom,,,30.655853271484375,OutputType.CAGE,,,
503,hCAGE UBERON:0002079,-,hCAGE,UBERON:0002079,left cardiac atrium,tissue,,fantom,,,165.6048126220703,OutputType.CAGE,,,
504,hCAGE UBERON:0002084,-,hCAGE,UBERON:0002084,heart left ventricle,tissue,,fantom,,,191.14132690429688,OutputType.CAGE,,,
505,hCAGE UBERON:0002106,-,hCAGE,UBERON:0002106,spleen,tissue,,fantom,,,28.623931884765625,OutputType.CAGE,,,
506,hCAGE UBERON:0002107,-,hCAGE,UBERON:0002107,liver,tissue,,fantom,,,63.86726379394531,OutputType.CAGE,,,
507,hCAGE UBERON:0002108,-,hCAGE,UBERON:0002108,small intestine,tissue,,fantom,,,68.11326599121094,OutputType.CAGE,,,
508,hCAGE UBERON:0002110,-,hCAGE,UBERON:0002110,gallbladder,tissue,,fantom,,,72.35385131835938,OutputType.CAGE,,,
509,hCAGE UBERON:0002113,-,hCAGE,UBERON:0002113,kidney,tissue,,fantom,,,23.436513900756836,OutputType.CAGE,,,
510,hCAGE UBERON:0002114,-,hCAGE,UBERON:0002114,duodenum,tissue,,fantom,,,62.15086364746094,OutputType.CAGE,,,
511,hCAGE UBERON:0002118,-,hCAGE,UBERON:0002118,right ovary,primary_cell,,fantom,,,29.06232452392578,OutputType.CAGE,,,
512,hCAGE UBERON:0002119,-,hCAGE,UBERON:0002119,left ovary,primary_cell,,fantom,,,37.69746398925781,OutputType.CAGE,,,
513,hCAGE UBERON:0002134,-,hCAGE,UBERON:0002134,tricuspid valve,tissue,,fantom,,,33.244747161865234,OutputType.CAGE,,,
514,hCAGE UBERON:0002135,-,hCAGE,UBERON:0002135,mitral valve,tissue,,fantom,,,50.091373443603516,OutputType.CAGE,,,
515,hCAGE UBERON:0002146,-,hCAGE,UBERON:0002146,pulmonary valve,tissue,,fantom,,,19.755334854125977,OutputType.CAGE,,,
516,hCAGE UBERON:0002148,-,hCAGE,UBERON:0002148,locus ceruleus,tissue,,fantom,,,9.926314353942871,OutputType.CAGE,,,
517,hCAGE UBERON:0002171,-,hCAGE,UBERON:0002171,lower lobe of right lung,tissue,,fantom,,,65.2254638671875,OutputType.CAGE,,,
518,hCAGE UBERON:0002240,-,hCAGE,UBERON:0002240,spinal cord,tissue,,fantom,,,15.438720703125,OutputType.CAGE,,,
519,hCAGE UBERON:0002331,-,hCAGE,UBERON:0002331,umbilical cord,tissue,,fantom,,,234.72250366210938,OutputType.CAGE,,,
520,hCAGE UBERON:0002336,-,hCAGE,UBERON:0002336,corpus callosum,tissue,,fantom,,,31.147842407226562,OutputType.CAGE,,,
521,hCAGE UBERON:0002360,-,hCAGE,UBERON:0002360,meninx,tissue,,fantom,,,67.7375717163086,OutputType.CAGE,,,
522,hCAGE UBERON:0002363,-,hCAGE,UBERON:0002363,dura mater,tissue,,fantom,,,34.17447280883789,OutputType.CAGE,,,
523,hCAGE UBERON:0002367,-,hCAGE,UBERON:0002367,prostate gland,tissue,,fantom,,,47.3486328125,OutputType.CAGE,,,
524,hCAGE UBERON:0002369,-,hCAGE,UBERON:0002369,adrenal gland,tissue,,fantom,,,829.8981323242188,OutputType.CAGE,,,
525,hCAGE UBERON:0002370,-,hCAGE,UBERON:0002370,thymus,tissue,,fantom,,,22.066835403442383,OutputType.CAGE,,,
526,hCAGE UBERON:0002371,-,hCAGE,UBERON:0002371,bone marrow,tissue,,fantom,,,23.103410720825195,OutputType.CAGE,,,
527,hCAGE UBERON:0002372,-,hCAGE,UBERON:0002372,tonsil,tissue,,fantom,,,45.03621292114258,OutputType.CAGE,,,
528,hCAGE UBERON:0002448,-,hCAGE,UBERON:0002448,fungiform papilla,tissue,,fantom,,,17.252410888671875,OutputType.CAGE,,,
529,hCAGE UBERON:0002581,-,hCAGE,UBERON:0002581,postcentral gyrus,tissue,,fantom,,,30.33321762084961,OutputType.CAGE,,,
530,hCAGE UBERON:0002702,-,hCAGE,UBERON:0002702,middle frontal gyrus,tissue,,fantom,,,15.349337577819824,OutputType.CAGE,,,
531,hCAGE UBERON:0002771,-,hCAGE,UBERON:0002771,middle temporal gyrus,tissue,,fantom,,,10.49127197265625,OutputType.CAGE,,,
532,hCAGE UBERON:0002902,-,hCAGE,UBERON:0002902,occipital pole,tissue,,fantom,,,36.809513092041016,OutputType.CAGE,,,
533,hCAGE UBERON:0003112,-,hCAGE,UBERON:0003112,olfactory region,tissue,,fantom,,,32.72511672973633,OutputType.CAGE,,,
534,hCAGE UBERON:0003126,-,hCAGE,UBERON:0003126,trachea,tissue,,fantom,,,33.11235046386719,OutputType.CAGE,,,
535,hCAGE UBERON:0003701,-,hCAGE,UBERON:0003701,calcaneal tendon,tissue,,fantom,,,37.92416000366211,OutputType.CAGE,,,
536,hCAGE UBERON:0003729,-,hCAGE,UBERON:0003729,mouth mucosa,primary_cell,,fantom,,,74.475830078125,OutputType.CAGE,,,
537,hCAGE UBERON:0004225,-,hCAGE,UBERON:0004225,respiratory system smooth muscle,primary_cell,,fantom,,,21.150630950927734,OutputType.CAGE,,,
538,hCAGE UBERON:0005795,-,hCAGE,UBERON:0005795,embryonic uterus,tissue,,fantom,,,100.48787689208984,OutputType.CAGE,,,
539,hCAGE UBERON:0006322,-,hCAGE,UBERON:0006322,inferior rectus extraocular muscle,tissue,,fantom,,,34.49079513549805,OutputType.CAGE,,,
540,hCAGE UBERON:0006323,-,hCAGE,UBERON:0006323,superior rectus extraocular muscle,tissue,,fantom,,,46.73567199707031,OutputType.CAGE,,,
541,hCAGE UBERON:0006659,-,hCAGE,UBERON:0006659,cruciate ligament of knee,tissue,,fantom,,,23.395980834960938,OutputType.CAGE,,,
542,hCAGE UBERON:0007023,-,hCAGE,UBERON:0007023,adult organism,primary_cell,,fantom,,,53.7227668762207,OutputType.CAGE,,,
543,hCAGE UBERON:0007190,-,hCAGE,UBERON:0007190,paracentral gyrus,tissue,,fantom,,,29.09084129333496,OutputType.CAGE,,,
544,hCAGE UBERON:0008198,-,hCAGE,UBERON:0008198,nail plate,tissue,,fantom,,,43.569461822509766,OutputType.CAGE,,,
545,hCAGE UBERON:0013777,-,hCAGE,UBERON:0013777,skin of palm of manus,tissue,,fantom,,,43.870784759521484,OutputType.CAGE,,,
0,CL:0000047 DNase-seq,.,DNase-seq,CL:0000047,neuronal stem cell,in_vitro_differentiated_cells,embryonic,encode,single,False,1.5545012950897217,OutputType.DNASE,,,
1,CL:0000084 DNase-seq,.,DNase-seq,CL:0000084,T-cell,primary_cell,adult,encode,paired,False,0.15140396356582642,OutputType.DNASE,,,
2,CL:0000115 DNase-seq,.,DNase-seq,CL:0000115,endothelial cell,in_vitro_differentiated_cells,adult,encode,paired,False,0.5130283832550049,OutputType.DNASE,,,
3,CL:0000127 DNase-seq,.,DNase-seq,CL:0000127,astrocyte,primary_cell,unknown,encode,single,False,0.8457521796226501,OutputType.DNASE,,,
4,CL:0000134 DNase-seq,.,DNase-seq,CL:0000134,mesenchymal stem cell,in_vitro_differentiated_cells,embryonic,encode,paired,False,0.5400440096855164,OutputType.DNASE,,,
5,CL:0000136 DNase-seq,.,DNase-seq,CL:0000136,adipocyte,in_vitro_differentiated_cells,unknown,encode,paired,False,0.5403468608856201,OutputType.DNASE,,,
6,CL:0000138 DNase-seq,.,DNase-seq,CL:0000138,chondrocyte,in_vitro_differentiated_cells,embryonic,encode,paired,False,0.45273175835609436,OutputType.DNASE,,,
7,CL:0000182 DNase-seq,.,DNase-seq,CL:0000182,hepatocyte,in_vitro_differentiated_cells,embryonic,encode,paired,False,0.30756181478500366,OutputType.DNASE,,,
8,CL:0000187 DNase-seq,.,DNase-seq,CL:0000187,myocyte,in_vitro_differentiated_cells,adult,encode,paired,False,0.80037522315979,OutputType.DNASE,,,
9,CL:0000188 DNase-seq,.,DNase-seq,CL:0000188,skeletal muscle cell,primary_cell,unknown,encode,single,False,4.767265319824219,OutputType.DNASE,,,
10,CL:0000223 DNase-seq,.,DNase-seq,CL:0000223,endodermal cell,in_vitro_differentiated_cells,embryonic,encode,paired,False,0.36153507232666016,OutputType.DNASE,,,
11,CL:0000236 DNase-seq,.,DNase-seq,CL:0000236,B cell,primary_cell,adult,encode,paired,False,0.4363890588283539,OutputType.DNASE,,,
12,CL:0000312 DNase-seq,.,DNase-seq,CL:0000312,keratinocyte,primary_cell,unknown,encode,single,False,2.104659080505371,OutputType.DNASE,,,
13,CL:0000351 DNase-seq,.,DNase-seq,CL:0000351,trophoblast cell,primary_cell,embryonic,encode,paired,False,0.35272279381752014,OutputType.DNASE,,,
14,CL:0000515 DNase-seq,.,DNase-seq,CL:0000515,skeletal muscle myoblast,primary_cell,unknown,encode,paired,False,0.47691610455513,OutputType.DNASE,,,
15,CL:0000545 DNase-seq,.,DNase-seq,CL:0000545,T-helper 1 cell,primary_cell,adult,encode,paired,False,0.35502371191978455,OutputType.DNASE,,,
16,CL:0000546 DNase-seq,.,DNase-seq,CL:0000546,T-helper 2 cell,primary_cell,adult,encode,paired,False,0.45415040850639343,OutputType.DNASE,,,
17,CL:0000623 DNase-seq,.,DNase-seq,CL:0000623,natural killer cell,primary_cell,adult,encode,paired,False,1.329219102859497,OutputType.DNASE,,,
18,CL:0000624 DNase-seq,.,DNase-seq,CL:0000624,"CD4-positive, alpha-beta T cell",primary_cell,adult,encode,paired,False,0.24718108773231506,OutputType.DNASE,,,
19,CL:0000625 DNase-seq,.,DNase-seq,CL:0000625,"CD8-positive, alpha-beta T cell",primary_cell,adult,encode,paired,False,0.245092511177063,OutputType.DNASE,,,
20,CL:0000632 DNase-seq,.,DNase-seq,CL:0000632,hepatic stellate cell,primary_cell,adult,encode,single,False,1.1046535968780518,OutputType.DNASE,,,
21,CL:0000653 DNase-seq,.,DNase-seq,CL:0000653,glomerular visceral epithelial cell,primary_cell,child,encode,paired,False,0.33863624930381775,OutputType.DNASE,,,
22,CL:0000679 DNase-seq,.,DNase-seq,CL:0000679,glutamatergic neuron,in_vitro_differentiated_cells,adult,encode,paired,False,0.6777439713478088,OutputType.DNASE,,,
23,CL:0000706 DNase-seq,.,DNase-seq,CL:0000706,choroid plexus epithelial cell,primary_cell,unknown,encode,single,False,0.9258599281311035,OutputType.DNASE,,,
24,CL:0000746 DNase-seq,.,DNase-seq,CL:0000746,cardiac muscle cell,primary_cell,unknown,encode,single,False,0.9656065702438354,OutputType.DNASE,,,
25,CL:0000787 DNase-seq,.,DNase-seq,CL:0000787,memory B cell,primary_cell,adult,encode,paired,False,0.5707800388336182,OutputType.DNASE,,,
26,CL:0000788 DNase-seq,.,DNase-seq,CL:0000788,naive B cell,primary_cell,unknown,encode,paired,False,1.8952505588531494,OutputType.DNASE,,,
27,CL:0000792 DNase-seq,.,DNase-seq,CL:0000792,"CD4-positive, CD25-positive, alpha-beta regulatory T cell",primary_cell,adult,encode,paired,False,0.6506157517433167,OutputType.DNASE,,,
28,CL:0000823 DNase-seq,.,DNase-seq,CL:0000823,immature natural killer cell,primary_cell,unknown,encode,paired,False,0.9085276126861572,OutputType.DNASE,,,
29,CL:0000837 DNase-seq,.,DNase-seq,CL:0000837,hematopoietic multipotent progenitor cell,in_vitro_differentiated_cells,adult,encode,paired,False,0.4876305162906647,OutputType.DNASE,,,
30,CL:0000862 DNase-seq,.,DNase-seq,CL:0000862,suppressor macrophage,primary_cell,adult,encode,paired,False,0.23590947687625885,OutputType.DNASE,,,
31,CL:0000863 DNase-seq,.,DNase-seq,CL:0000863,inflammatory macrophage,primary_cell,adult,encode,paired,False,0.6210137605667114,OutputType.DNASE,,,
32,CL:0000895 DNase-seq,.,DNase-seq,CL:0000895,"naive thymus-derived CD4-positive, alpha-beta T cell",primary_cell,adult,encode,paired,False,0.5822393894195557,OutputType.DNASE,,,
33,CL:0000897 DNase-seq,.,DNase-seq,CL:0000897,"CD4-positive, alpha-beta memory T cell",primary_cell,adult,encode,paired,False,3.524648904800415,OutputType.DNASE,,,
34,CL:0000899 DNase-seq,.,DNase-seq,CL:0000899,T-helper 17 cell,primary_cell,adult,encode,paired,False,0.7438492774963379,OutputType.DNASE,,,
35,CL:0000900 DNase-seq,.,DNase-seq,CL:0000900,"naive thymus-derived CD8-positive, alpha-beta T cell",primary_cell,adult,encode,paired,False,0.4006246030330658,OutputType.DNASE,,,
36,CL:0000904 DNase-seq,.,DNase-seq,CL:0000904,"central memory CD4-positive, alpha-beta T cell",primary_cell,adult,encode,paired,False,1.6689720153808594,OutputType.DNASE,,,
37,CL:0000905 DNase-seq,.,DNase-seq,CL:0000905,"effector memory CD4-positive, alpha-beta T cell",primary_cell,adult,encode,paired,False,1.3759067058563232,OutputType.DNASE,,,
38,CL:0000907 DNase-seq,.,DNase-seq,CL:0000907,"central memory CD8-positive, alpha-beta T cell",primary_cell,adult,encode,paired,False,0.6267991065979004,OutputType.DNASE,,,
39,CL:0000909 DNase-seq,.,DNase-seq,CL:0000909,"CD8-positive, alpha-beta memory T cell",primary_cell,adult,encode,paired,False,0.8454427719116211,OutputType.DNASE,,,
40,CL:0000913 DNase-seq,.,DNase-seq,CL:0000913,"effector memory CD8-positive, alpha-beta T cell",primary_cell,adult,encode,paired,False,0.5821823477745056,OutputType.DNASE,,,
41,CL:0001042 DNase-seq,.,DNase-seq,CL:0001042,T-helper 22 cell,primary_cell,adult,encode,paired,False,4.007289886474609,OutputType.DNASE,,,
42,CL:0001044 DNase-seq,.,DNase-seq,CL:0001044,"effector CD4-positive, alpha-beta T cell",primary_cell,adult,encode,paired,False,1.9604204893112183,OutputType.DNASE,,,
43,CL:0001054 DNase-seq,.,DNase-seq,CL:0001054,CD14-positive monocyte,primary_cell,adult,encode,paired,False,0.3832496404647827,OutputType.DNASE,,,
44,CL:0001059 DNase-seq,.,DNase-seq,CL:0001059,"common myeloid progenitor, CD34-positive",primary_cell,adult,encode,paired,False,0.8163495063781738,OutputType.DNASE,,,
45,CL:0002038 DNase-seq,.,DNase-seq,CL:0002038,T follicular helper cell,primary_cell,adult,encode,paired,False,4.746370315551758,OutputType.DNASE,,,
46,CL:0002061 DNase-seq,.,DNase-seq,CL:0002061,T-helper 9 cell,primary_cell,adult,encode,paired,False,2.6681625843048096,OutputType.DNASE,,,
47,CL:0002231 DNase-seq,.,DNase-seq,CL:0002231,epithelial cell of prostate,primary_cell,unknown,encode,single,False,1.79982590675354,OutputType.DNASE,,,
48,CL:0002252 DNase-seq,.,DNase-seq,CL:0002252,epithelial cell of esophagus,primary_cell,unknown,encode,single,False,0.6855566501617432,OutputType.DNASE,,,
49,CL:0002304 DNase-seq,.,DNase-seq,CL:0002304,non-pigmented ciliary epithelial cell,primary_cell,unknown,encode,single,False,3.0522754192352295,OutputType.DNASE,,,
50,CL:0002306 DNase-seq,.,DNase-seq,CL:0002306,epithelial cell of proximal tubule,primary_cell,unknown,encode,single,False,2.5602056980133057,OutputType.DNASE,,,
51,CL:0002327 DNase-seq,.,DNase-seq,CL:0002327,mammary epithelial cell,primary_cell,adult,encode,paired,False,0.6776365637779236,OutputType.DNASE,,,
52,CL:0002328 DNase-seq,.,DNase-seq,CL:0002328,bronchial epithelial cell,primary_cell,unknown,encode,single,False,0.7579159140586853,OutputType.DNASE,,,
53,CL:0002351 DNase-seq,.,DNase-seq,CL:0002351,progenitor cell of endocrine pancreas,in_vitro_differentiated_cells,embryonic,encode,paired,False,1.0526008605957031,OutputType.DNASE,,,
54,CL:0002372 DNase-seq,.,DNase-seq,CL:0002372,myotube,in_vitro_differentiated_cells,unknown,encode,single,False,2.400099754333496,OutputType.DNASE,,,
55,CL:0002518 DNase-seq,.,DNase-seq,CL:0002518,kidney epithelial cell,primary_cell,unknown,encode,single,False,2.745112657546997,OutputType.DNASE,,,
56,CL:0002536 DNase-seq,.,DNase-seq,CL:0002536,amniotic epithelial cell,primary_cell,unknown,encode,single,False,0.9171459078788757,OutputType.DNASE,,,
57,CL:0002547 DNase-seq,.,DNase-seq,CL:0002547,fibroblast of the aortic adventitia,primary_cell,unknown,encode,single,False,0.6756204962730408,OutputType.DNASE,,,
58,CL:0002548 DNase-seq,.,DNase-seq,CL:0002548,cardiac fibroblast,primary_cell,adult,encode,paired,False,0.6222532987594604,OutputType.DNASE,,,
59,CL:0002550 DNase-seq,.,DNase-seq,CL:0002550,fibroblast of the conjunctiva,primary_cell,unknown,encode,single,False,2.0065205097198486,OutputType.DNASE,,,
60,CL:0002551 DNase-seq,.,DNase-seq,CL:0002551,fibroblast of dermis,primary_cell,adult,encode,single,False,1.079167366027832,OutputType.DNASE,,,
61,CL:0002552 DNase-seq,.,DNase-seq,CL:0002552,fibroblast of gingiva,primary_cell,unknown,encode,paired,False,0.5092926621437073,OutputType.DNASE,,,
62,CL:0002553 DNase-seq,.,DNase-seq,CL:0002553,fibroblast of lung,primary_cell,adult,encode,single,False,0.7885729074478149,OutputType.DNASE,,,
63,CL:0002555 DNase-seq,.,DNase-seq,CL:0002555,fibroblast of mammary gland,primary_cell,unknown,encode,single,False,0.8995188474655151,OutputType.DNASE,,,
64,CL:0002557 DNase-seq,.,DNase-seq,CL:0002557,fibroblast of pulmonary artery,primary_cell,unknown,encode,single,False,0.9265996813774109,OutputType.DNASE,,,
65,CL:0002558 DNase-seq,.,DNase-seq,CL:0002558,fibroblast of villous mesenchyme,primary_cell,unknown,encode,single,False,0.7923138737678528,OutputType.DNASE,,,
66,CL:0002565 DNase-seq,.,DNase-seq,CL:0002565,iris pigment epithelial cell,primary_cell,unknown,encode,single,False,0.7827289700508118,OutputType.DNASE,,,
67,CL:0002584 DNase-seq,.,DNase-seq,CL:0002584,renal cortical epithelial cell,primary_cell,unknown,encode,single,False,0.8318119049072266,OutputType.DNASE,,,
68,CL:0002586 DNase-seq,.,DNase-seq,CL:0002586,retinal pigment epithelial cell,primary_cell,unknown,encode,single,False,2.909048318862915,OutputType.DNASE,,,
69,CL:0002590 DNase-seq,.,DNase-seq,CL:0002590,smooth muscle cell of the brain vasculature,primary_cell,unknown,encode,single,False,2.438349962234497,OutputType.DNASE,,,
70,CL:0002603 DNase-seq,.,DNase-seq,CL:0002603,astrocyte of the cerebellum,primary_cell,unknown,encode,single,False,1.9216886758804321,OutputType.DNASE,,,
71,CL:0002604 DNase-seq,.,DNase-seq,CL:0002604,astrocyte of the hippocampus,primary_cell,unknown,encode,single,False,0.5650158524513245,OutputType.DNASE,,,
72,CL:0002606 DNase-seq,.,DNase-seq,CL:0002606,astrocyte of the spinal cord,primary_cell,unknown,encode,single,False,0.8070069551467896,OutputType.DNASE,,,
73,CL:0002618 DNase-seq,.,DNase-seq,CL:0002618,endothelial cell of umbilical vein,primary_cell,newborn,encode,single,False,0.37584367394447327,OutputType.DNASE,,,
74,CL:0010001 DNase-seq,.,DNase-seq,CL:0010001,stromal cell of bone marrow,primary_cell,unknown,encode,single,False,2.691941738128662,OutputType.DNASE,,,
75,CL:0011012 DNase-seq,.,DNase-seq,CL:0011012,neural crest cell,in_vitro_differentiated_cells,embryonic,encode,paired,False,0.8980225324630737,OutputType.DNASE,,,
76,CL:0011019 DNase-seq,.,DNase-seq,CL:0011019,mesothelial cell of epicardium,in_vitro_differentiated_cells,embryonic,encode,paired,False,0.6035394072532654,OutputType.DNASE,,,
77,CL:0011020 DNase-seq,.,DNase-seq,CL:0011020,neural progenitor cell,in_vitro_differentiated_cells,embryonic,encode,paired,False,0.4942465126514435,OutputType.DNASE,,,
78,CL:0011021 DNase-seq,.,DNase-seq,CL:0011021,fibroblast of upper back skin,primary_cell,embryonic,encode,paired,False,0.9696041941642761,OutputType.DNASE,,,
79,CL:0011022 DNase-seq,.,DNase-seq,CL:0011022,fibroblast of skin of back,primary_cell,embryonic,encode,paired,False,0.8348377346992493,OutputType.DNASE,,,
80,CL:1000507 DNase-seq,.,DNase-seq,CL:1000507,kidney tubule cell,primary_cell,adult,encode,paired,False,0.5207222700119019,OutputType.DNASE,,,
81,CL:1000892 DNase-seq,.,DNase-seq,CL:1000892,kidney capillary endothelial cell,primary_cell,embryonic,encode,paired,False,0.8645994663238525,OutputType.DNASE,,,
82,CL:1001568 DNase-seq,.,DNase-seq,CL:1001568,pulmonary artery endothelial cell,primary_cell,unknown,encode,single,False,3.48999285697937,OutputType.DNASE,,,
83,CL:1001606 DNase-seq,.,DNase-seq,CL:1001606,foreskin keratinocyte,primary_cell,newborn,encode,paired,False,0.8092641830444336,OutputType.DNASE,,,
84,CL:1001608 DNase-seq,.,DNase-seq,CL:1001608,foreskin fibroblast,primary_cell,newborn,encode,single,False,0.6006089448928833,OutputType.DNASE,,,
85,CL:2000000 DNase-seq,.,DNase-seq,CL:2000000,epidermal melanocyte,primary_cell,unknown,encode,single,False,2.429208517074585,OutputType.DNASE,,,
86,CL:2000010 DNase-seq,.,DNase-seq,CL:2000010,dermis blood vessel endothelial cell,primary_cell,newborn,encode,single,False,0.6149095892906189,OutputType.DNASE,,,
87,CL:2000013 DNase-seq,.,DNase-seq,CL:2000013,fibroblast of skin of abdomen,primary_cell,embryonic,encode,paired,False,0.7902196049690247,OutputType.DNASE,,,
88,CL:2000016 DNase-seq,.,DNase-seq,CL:2000016,lung microvascular endothelial cell,primary_cell,unknown,encode,paired,False,0.5494294166564941,OutputType.DNASE,,,
89,CL:2000017 DNase-seq,.,DNase-seq,CL:2000017,fibroblast of peridontal ligament,primary_cell,unknown,encode,single,False,0.766350269317627,OutputType.DNASE,,,
90,CL:2000041 DNase-seq,.,DNase-seq,CL:2000041,dermis microvascular lymphatic vessel endothelial cell,primary_cell,unknown,encode,single,False,0.5694506764411926,OutputType.DNASE,,,
91,CL:2000043 DNase-seq,.,DNase-seq,CL:2000043,brain pericyte,primary_cell,unknown,encode,single,False,3.447007656097412,OutputType.DNASE,,,
92,CL:2000044 DNase-seq,.,DNase-seq,CL:2000044,brain microvascular endothelial cell,primary_cell,unknown,encode,paired,False,0.8649314045906067,OutputType.DNASE,,,
93,CL:2000045 DNase-seq,.,DNase-seq,CL:2000045,foreskin melanocyte,primary_cell,newborn,encode,single,False,1.6665078401565552,OutputType.DNASE,,,
94,CLO:0003771 DNase-seq,.,DNase-seq,CLO:0003771,HK-2,cell_line,unknown,encode,paired,False,1.9446057081222534,OutputType.DNASE,,,
95,CLO:0007045 DNase-seq,.,DNase-seq,CLO:0007045,"Jurkat, Clone E6-1",cell_line,child,encode,single,False,1.5674571990966797,OutputType.DNASE,,,
96,CLO:0011092 DNase-seq,.,DNase-seq,CLO:0011092,AG20443,cell_line,adult,encode,single,False,0.489742636680603,OutputType.DNASE,,,
97,CLO:0016536 DNase-seq,.,DNase-seq,CLO:0016536,GM03348,cell_line,child,encode,single,False,0.6024907827377319,OutputType.DNASE,,,
98,CLO:0018812 DNase-seq,.,DNase-seq,CLO:0018812,GM04504,cell_line,adult,encode,single,False,2.7088184356689453,OutputType.DNASE,,,
99,CLO:0018813 DNase-seq,.,DNase-seq,CLO:0018813,GM04503,cell_line,adult,encode,single,False,2.5049474239349365,OutputType.DNASE,,,
100,CLO:0021511 DNase-seq,.,DNase-seq,CLO:0021511,AG10803,cell_line,adult,encode,single,False,1.0066683292388916,OutputType.DNASE,,,
101,CLO:0021752 DNase-seq,.,DNase-seq,CLO:0021752,AG09309,cell_line,adult,encode,single,False,2.8119919300079346,OutputType.DNASE,,,
102,CLO:0021754 DNase-seq,.,DNase-seq,CLO:0021754,AG09319,cell_line,adult,encode,single,False,3.7290589809417725,OutputType.DNASE,,,
103,CLO:0033902 DNase-seq,.,DNase-seq,CLO:0033902,AG08396,cell_line,adult,encode,single,False,0.7557680010795593,OutputType.DNASE,,,
104,CLO:0033911 DNase-seq,.,DNase-seq,CLO:0033911,AG08395,cell_line,adult,encode,single,False,0.5651062726974487,OutputType.DNASE,,,
105,CLO:0034837 DNase-seq,.,DNase-seq,CLO:0034837,AG04449,cell_line,embryonic,encode,single,False,2.6723761558532715,OutputType.DNASE,,,
106,EFO:0000681 DNase-seq,.,DNase-seq,EFO:0000681,RCC,cell_line,adult,encode,paired,False,0.404991090297699,OutputType.DNASE,,,
107,EFO:0001086 DNase-seq,.,DNase-seq,EFO:0001086,A549,cell_line,unknown,encode,single,False,1.3698084354400635,OutputType.DNASE,,,
108,EFO:0001099 DNase-seq,.,DNase-seq,EFO:0001099,Caco-2,cell_line,adult,encode,paired,False,0.35403701663017273,OutputType.DNASE,,,
109,EFO:0001187 DNase-seq,.,DNase-seq,EFO:0001187,HepG2,cell_line,child,encode,paired,False,0.5917545557022095,OutputType.DNASE,,,
110,EFO:0001193 DNase-seq,.,DNase-seq,EFO:0001193,HT-29,cell_line,adult,encode,paired,False,0.31434935331344604,OutputType.DNASE,,,
111,EFO:0001196 DNase-seq,.,DNase-seq,EFO:0001196,IMR-90,cell_line,embryonic,encode,single,False,0.5586584210395813,OutputType.DNASE,,,
112,EFO:0001200 DNase-seq,.,DNase-seq,EFO:0001200,MCF 10A,cell_line,adult,encode,paired,False,0.6995792388916016,OutputType.DNASE,,,
113,EFO:0001203 DNase-seq,.,DNase-seq,EFO:0001203,MCF-7,cell_line,adult,encode,single,False,1.527384877204895,OutputType.DNASE,,,
114,EFO:0001221 DNase-seq,.,DNase-seq,EFO:0001221,NCI-H929,cell_line,adult,encode,paired,False,0.6527357697486877,OutputType.DNASE,,,
115,EFO:0001232 DNase-seq,.,DNase-seq,EFO:0001232,RKO,cell_line,unknown,encode,paired,False,0.39124998450279236,OutputType.DNASE,,,
116,EFO:0001247 DNase-seq,.,DNase-seq,EFO:0001247,T47D,cell_line,adult,encode,paired,False,0.7594418525695801,OutputType.DNASE,,,
117,EFO:0002059 DNase-seq,.,DNase-seq,EFO:0002059,HT1080,cell_line,adult,encode,paired,False,0.5158950686454773,OutputType.DNASE,,,
118,EFO:0002067 DNase-seq,.,DNase-seq,EFO:0002067,K562,cell_line,adult,encode,paired,False,0.7512144446372986,OutputType.DNASE,,,
119,EFO:0002074 DNase-seq,.,DNase-seq,EFO:0002074,PC-3,cell_line,adult,encode,paired,False,0.33056098222732544,OutputType.DNASE,,,
120,EFO:0002083 DNase-seq,.,DNase-seq,EFO:0002083,SW480,cell_line,adult,encode,paired,False,0.5017459988594055,OutputType.DNASE,,,
121,EFO:0002101 DNase-seq,.,DNase-seq,EFO:0002101,A172,cell_line,adult,encode,paired,False,0.6259351372718811,OutputType.DNASE,,,
122,EFO:0002106 DNase-seq,.,DNase-seq,EFO:0002106,A673,cell_line,child,encode,paired,False,0.4033849537372589,OutputType.DNASE,,,
123,EFO:0002108 DNase-seq,.,DNase-seq,EFO:0002108,ACHN,cell_line,adult,encode,paired,False,0.39731329679489136,OutputType.DNASE,,,
124,EFO:0002140 DNase-seq,.,DNase-seq,EFO:0002140,COLO829,cell_line,adult,encode,single,False,1.0428472757339478,OutputType.DNASE,,,
125,EFO:0002150 DNase-seq,.,DNase-seq,EFO:0002150,Caki2,cell_line,adult,encode,paired,False,0.8169956803321838,OutputType.DNASE,,,
126,EFO:0002179 DNase-seq,.,DNase-seq,EFO:0002179,G401,cell_line,child,encode,paired,False,0.3348170220851898,OutputType.DNASE,,,
127,EFO:0002184 DNase-seq,.,DNase-seq,EFO:0002184,H4,cell_line,adult,encode,paired,False,0.2589706480503082,OutputType.DNASE,,,
128,EFO:0002234 DNase-seq,.,DNase-seq,EFO:0002234,MG63,cell_line,child,encode,paired,False,1.3897887468338013,OutputType.DNASE,,,
129,EFO:0002246 DNase-seq,.,DNase-seq,EFO:0002246,NAMALWA,cell_line,child,encode,paired,False,0.24920177459716797,OutputType.DNASE,,,
130,EFO:0002285 DNase-seq,.,DNase-seq,EFO:0002285,NCI-H226,cell_line,adult,encode,paired,False,0.6913072466850281,OutputType.DNASE,,,
131,EFO:0002322 DNase-seq,.,DNase-seq,EFO:0002322,RPMI8226,cell_line,adult,encode,paired,False,0.46553540229797363,OutputType.DNASE,,,
132,EFO:0002323 DNase-seq,.,DNase-seq,EFO:0002323,RWPE1,cell_line,adult,encode,single,False,1.0728051662445068,OutputType.DNASE,,,
133,EFO:0002330 DNase-seq,.,DNase-seq,EFO:0002330,SJSA1,cell_line,adult,encode,paired,False,0.2602348327636719,OutputType.DNASE,,,
134,EFO:0002713 DNase-seq,.,DNase-seq,EFO:0002713,Panc1,cell_line,adult,encode,single,False,2.7078969478607178,OutputType.DNASE,,,
135,EFO:0002779 DNase-seq,.,DNase-seq,EFO:0002779,BJ,cell_line,newborn,encode,single,False,3.066230535507202,OutputType.DNASE,,,
136,EFO:0002783 DNase-seq,.,DNase-seq,EFO:0002783,GM06990,cell_line,unknown,encode,single,False,1.4070837497711182,OutputType.DNASE,,,
137,EFO:0002784 DNase-seq,.,DNase-seq,EFO:0002784,GM12878,cell_line,adult,encode,single,False,1.973615050315857,OutputType.DNASE,,,
138,EFO:0002785 DNase-seq,.,DNase-seq,EFO:0002785,GM12891,cell_line,unknown,encode,single,False,2.2426021099090576,OutputType.DNASE,,,
139,EFO:0002788 DNase-seq,.,DNase-seq,EFO:0002788,GM19238,cell_line,unknown,encode,single,False,2.614777088165283,OutputType.DNASE,,,
140,EFO:0002789 DNase-seq,.,DNase-seq,EFO:0002789,GM19239,cell_line,unknown,encode,single,False,2.127342700958252,OutputType.DNASE,,,
141,EFO:0002790 DNase-seq,.,DNase-seq,EFO:0002790,GM19240,cell_line,unknown,encode,single,False,3.142216920852661,OutputType.DNASE,,,
142,EFO:0002791 DNase-seq,.,DNase-seq,EFO:0002791,HeLa-S3,cell_line,adult,encode,paired,False,0.6147698163986206,OutputType.DNASE,,,
143,EFO:0002793 DNase-seq,.,DNase-seq,EFO:0002793,HL-60,cell_line,adult,encode,paired,False,0.4432883858680725,OutputType.DNASE,,,
144,EFO:0002798 DNase-seq,.,DNase-seq,EFO:0002798,NB4,cell_line,adult,encode,single,False,0.5139434337615967,OutputType.DNASE,,,
145,EFO:0002819 DNase-seq,.,DNase-seq,EFO:0002819,Calu3,cell_line,adult,encode,paired,False,0.8454360961914062,OutputType.DNASE,,,
146,EFO:0002824 DNase-seq,.,DNase-seq,EFO:0002824,HCT116,cell_line,adult,encode,single,False,2.3007709980010986,OutputType.DNASE,,,
147,EFO:0002847 DNase-seq,.,DNase-seq,EFO:0002847,PC-9,cell_line,unknown,encode,paired,False,1.1961363554000854,OutputType.DNASE,,,
148,EFO:0002860 DNase-seq,.,DNase-seq,EFO:0002860,SK-N-MC,cell_line,child,encode,single,False,2.3146300315856934,OutputType.DNASE,,,
149,EFO:0003037 DNase-seq,.,DNase-seq,EFO:0003037,CMK,cell_line,child,encode,single,False,5.96456241607666,OutputType.DNASE,,,
150,EFO:0003042 DNase-seq,.,DNase-seq,EFO:0003042,H1,cell_line,embryonic,encode,paired,False,0.35558420419692993,OutputType.DNASE,,,
151,EFO:0003044 DNase-seq,.,DNase-seq,EFO:0003044,NCI-H460,cell_line,unknown,encode,paired,False,2.7118191719055176,OutputType.DNASE,,,
152,EFO:0003045 DNase-seq,.,DNase-seq,EFO:0003045,H9,cell_line,embryonic,encode,paired,False,0.36124664545059204,OutputType.DNASE,,,
153,EFO:0003072 DNase-seq,.,DNase-seq,EFO:0003072,SK-N-SH,cell_line,child,encode,single,False,0.697295069694519,OutputType.DNASE,,,
154,EFO:0005236 DNase-seq,.,DNase-seq,EFO:0005236,NT2/D1,cell_line,unknown,encode,single,False,2.16270112991333,OutputType.DNASE,,,
155,EFO:0005282 DNase-seq,.,DNase-seq,EFO:0005282,HS-5,cell_line,adult,encode,single,False,3.068507671356201,OutputType.DNASE,,,
156,EFO:0005283 DNase-seq,.,DNase-seq,EFO:0005283,HS-27A,cell_line,adult,encode,single,False,3.3722217082977295,OutputType.DNASE,,,
157,EFO:0005337 DNase-seq,.,DNase-seq,EFO:0005337,GM12864,cell_line,unknown,encode,single,False,5.519004821777344,OutputType.DNASE,,,
158,EFO:0005338 DNase-seq,.,DNase-seq,EFO:0005338,GM12865,cell_line,unknown,encode,single,False,0.7618824243545532,OutputType.DNASE,,,
159,EFO:0005345 DNase-seq,.,DNase-seq,EFO:0005345,GM13976,cell_line,unknown,encode,single,False,0.5067197680473328,OutputType.DNASE,,,
160,EFO:0005352 DNase-seq,.,DNase-seq,EFO:0005352,GM20000,cell_line,child,encode,single,False,0.5614458322525024,OutputType.DNASE,,,
161,EFO:0005384 DNase-seq,.,DNase-seq,EFO:0005384,HuH-7,cell_line,adult,encode,single,False,1.326578140258789,OutputType.DNASE,,,
162,EFO:0005696 DNase-seq,.,DNase-seq,EFO:0005696,D721Med,cell_line,child,encode,single,False,3.3585827350616455,OutputType.DNASE,,,
163,EFO:0005697 DNase-seq,.,DNase-seq,EFO:0005697,M059J,cell_line,adult,encode,paired,False,0.679729163646698,OutputType.DNASE,,,
164,EFO:0005698 DNase-seq,.,DNase-seq,EFO:0005698,Daoy,cell_line,child,encode,paired,False,0.663628876209259,OutputType.DNASE,,,
165,EFO:0005704 DNase-seq,.,DNase-seq,EFO:0005704,HuH-7.5,cell_line,adult,encode,single,False,1.8704612255096436,OutputType.DNASE,,,
166,EFO:0005707 DNase-seq,.,DNase-seq,EFO:0005707,RCC 7860,cell_line,adult,encode,paired,False,0.38709786534309387,OutputType.DNASE,,,
167,EFO:0005709 DNase-seq,.,DNase-seq,EFO:0005709,HTR-8/SVneo,cell_line,embryonic,encode,single,False,1.2438695430755615,OutputType.DNASE,,,
168,EFO:0005710 DNase-seq,.,DNase-seq,EFO:0005710,HFF-Myc,cell_line,newborn,encode,single,False,2.5209357738494873,OutputType.DNASE,,,
169,EFO:0005712 DNase-seq,.,DNase-seq,EFO:0005712,RPMI7951,cell_line,adult,encode,paired,False,0.750880241394043,OutputType.DNASE,,,
170,EFO:0005714 DNase-seq,.,DNase-seq,EFO:0005714,LHCN-M2,cell_line,adult,encode,paired,False,1.0306603908538818,OutputType.DNASE,,,
171,EFO:0005715 DNase-seq,.,DNase-seq,EFO:0005715,WERI-Rb-1,cell_line,child,encode,paired,False,0.5877436399459839,OutputType.DNASE,,,
172,EFO:0005719 DNase-seq,.,DNase-seq,EFO:0005719,Karpas-422,cell_line,adult,encode,paired,False,0.7704964280128479,OutputType.DNASE,,,
173,EFO:0005720 DNase-seq,.,DNase-seq,EFO:0005720,SK-MEL-5,cell_line,adult,encode,paired,False,0.6427146196365356,OutputType.DNASE,,,
174,EFO:0005721 DNase-seq,.,DNase-seq,EFO:0005721,SK-N-DZ,cell_line,child,encode,paired,False,0.2404664009809494,OutputType.DNASE,,,
175,EFO:0005722 DNase-seq,.,DNase-seq,EFO:0005722,SJCRH30,cell_line,child,encode,paired,False,0.2745540738105774,OutputType.DNASE,,,
176,EFO:0005723 DNase-seq,.,DNase-seq,EFO:0005723,GM23248,cell_line,adult,encode,paired,False,0.6127015352249146,OutputType.DNASE,,,
177,EFO:0005724 DNase-seq,.,DNase-seq,EFO:0005724,MM.1S,cell_line,adult,encode,paired,False,1.686448097229004,OutputType.DNASE,,,
178,EFO:0005725 DNase-seq,.,DNase-seq,EFO:0005725,BE2C,cell_line,child,encode,paired,False,0.5945417881011963,OutputType.DNASE,,,
179,EFO:0005726 DNase-seq,.,DNase-seq,EFO:0005726,LNCaP clone FGC,cell_line,adult,encode,single,False,2.3022053241729736,OutputType.DNASE,,,
180,EFO:0005901 DNase-seq,.,DNase-seq,EFO:0005901,ELF-1,cell_line,embryonic,encode,paired,False,0.70262211561203,OutputType.DNASE,,,
181,EFO:0005903 DNase-seq,.,DNase-seq,EFO:0005903,KBM-7,cell_line,adult,encode,paired,False,0.6494789123535156,OutputType.DNASE,,,
182,EFO:0005904 DNase-seq,.,DNase-seq,EFO:0005904,H7,cell_line,embryonic,encode,single,False,0.720466136932373,OutputType.DNASE,,,
183,EFO:0005913 DNase-seq,.,DNase-seq,EFO:0005913,urothelium cell line,cell_line,child,encode,single,False,0.7121906280517578,OutputType.DNASE,,,
184,EFO:0006270 DNase-seq,.,DNase-seq,EFO:0006270,AG04450,cell_line,embryonic,encode,single,False,2.4997332096099854,OutputType.DNASE,,,
185,EFO:0006639 DNase-seq,.,DNase-seq,EFO:0006639,LoVo,cell_line,adult,encode,paired,False,0.41923755407333374,OutputType.DNASE,,,
186,EFO:0006711 DNase-seq,.,DNase-seq,EFO:0006711,OCI-LY7,cell_line,adult,encode,paired,False,0.3808844983577728,OutputType.DNASE,,,
187,EFO:0007074 DNase-seq,.,DNase-seq,EFO:0007074,DND-41,cell_line,child,encode,paired,False,0.6119149923324585,OutputType.DNASE,,,
188,EFO:0007098 DNase-seq,.,DNase-seq,EFO:0007098,iPS DF 6.9,cell_line,newborn,encode,single,False,4.789461135864258,OutputType.DNASE,,,
189,EFO:0007598 DNase-seq,.,DNase-seq,EFO:0007598,HAP-1,cell_line,adult,encode,paired,False,0.2808516025543213,OutputType.DNASE,,,
190,EFO:0007599 DNase-seq,.,DNase-seq,EFO:0007599,L1-S8,cell_line,unknown,encode,paired,False,0.49668434262275696,OutputType.DNASE,,,
191,EFO:0007600 DNase-seq,.,DNase-seq,EFO:0007600,L1-S8R,cell_line,unknown,encode,paired,False,0.21592050790786743,OutputType.DNASE,,,
192,EFO:0007610 DNase-seq,.,DNase-seq,EFO:0007610,RWPE2,cell_line,unknown,encode,paired,False,0.47734326124191284,OutputType.DNASE,,,
193,EFO:0007748 DNase-seq,.,DNase-seq,EFO:0007748,EH,cell_line,newborn,encode,paired,False,0.6068446040153503,OutputType.DNASE,,,
194,EFO:0007749 DNase-seq,.,DNase-seq,EFO:0007749,EL,cell_line,newborn,encode,paired,False,0.6062823534011841,OutputType.DNASE,,,
195,EFO:0007750 DNase-seq,.,DNase-seq,EFO:0007750,ELR,cell_line,newborn,encode,paired,False,0.6943896412849426,OutputType.DNASE,,,
196,EFO:0007950 DNase-seq,.,DNase-seq,EFO:0007950,GM23338,cell_line,adult,encode,paired,False,0.40125343203544617,OutputType.DNASE,,,
197,EFO:0007952 DNase-seq,.,DNase-seq,EFO:0007952,iPS-NIHi11,cell_line,adult,encode,single,False,0.6423331499099731,OutputType.DNASE,,,
198,EFO:0009318 DNase-seq,.,DNase-seq,EFO:0009318,HFFc6,cell_line,newborn,encode,paired,False,0.5453643202781677,OutputType.DNASE,,,
199,EFO:0009500 DNase-seq,.,DNase-seq,EFO:0009500,HCEC 1CT,cell_line,unknown,encode,paired,False,0.6607038378715515,OutputType.DNASE,,,
200,EFO:0009747 DNase-seq,.,DNase-seq,EFO:0009747,WTC11,cell_line,adult,encode,paired,False,0.541504979133606,OutputType.DNASE,,,
201,NTR:0000474 DNase-seq,.,DNase-seq,NTR:0000474,ecto neural progenitor cell,in_vitro_differentiated_cells,embryonic,encode,paired,False,0.5599417090415955,OutputType.DNASE,,,
202,NTR:0000491 DNase-seq,.,DNase-seq,NTR:0000491,Right ventricle myocardium inferior,tissue,adult,encode,paired,False,3.2410683631896973,OutputType.DNASE,,,
203,NTR:0000492 DNase-seq,.,DNase-seq,NTR:0000492,Right ventricle myocardium superior,tissue,adult,encode,paired,False,1.5690189599990845,OutputType.DNASE,,,
204,NTR:0000493 DNase-seq,.,DNase-seq,NTR:0000493,left ventricle myocardium inferior,tissue,adult,encode,paired,False,1.6126317977905273,OutputType.DNASE,,,
205,NTR:0000494 DNase-seq,.,DNase-seq,NTR:0000494,left ventricle myocardium superior,tissue,adult,encode,paired,False,1.6449697017669678,OutputType.DNASE,,,
206,NTR:0000512 DNase-seq,.,DNase-seq,NTR:0000512,nephron progenitor cell,in_vitro_differentiated_cells,embryonic,encode,paired,False,0.7815791368484497,OutputType.DNASE,,,
207,NTR:0000521 DNase-seq,.,DNase-seq,NTR:0000521,fibroblast of skin of left biceps,primary_cell,embryonic,encode,single,False,2.447565793991089,OutputType.DNASE,,,
208,NTR:0000522 DNase-seq,.,DNase-seq,NTR:0000522,fibroblast of skin of left quadriceps,primary_cell,embryonic,encode,single,False,1.9251389503479004,OutputType.DNASE,,,
209,NTR:0000523 DNase-seq,.,DNase-seq,NTR:0000523,fibroblast of skin of right quadriceps,primary_cell,embryonic,encode,paired,False,0.6511805057525635,OutputType.DNASE,,,
210,NTR:0000524 DNase-seq,.,DNase-seq,NTR:0000524,fibroblast of skin of scalp,primary_cell,embryonic,encode,paired,False,0.9233055114746094,OutputType.DNASE,,,
211,NTR:0000525 DNase-seq,.,DNase-seq,NTR:0000525,fibroblast of skin of right biceps,primary_cell,embryonic,encode,paired,False,0.7713181376457214,OutputType.DNASE,,,
212,NTR:0000856 DNase-seq,.,DNase-seq,NTR:0000856,mesendoderm,in_vitro_differentiated_cells,embryonic,encode,single,False,0.5820455551147461,OutputType.DNASE,,,
213,NTR:0001484 DNase-seq,.,DNase-seq,NTR:0001484,islet precursor cell,in_vitro_differentiated_cells,embryonic,encode,paired,False,0.6271908283233643,OutputType.DNASE,,,
214,UBERON:0000056 DNase-seq,.,DNase-seq,UBERON:0000056,ureter,tissue,adult,encode,paired,False,0.7453031539916992,OutputType.DNASE,,,
215,UBERON:0000059 DNase-seq,.,DNase-seq,UBERON:0000059,large intestine,tissue,embryonic,encode,single,False,0.3893989026546478,OutputType.DNASE,,,
216,UBERON:0000317 DNase-seq,.,DNase-seq,UBERON:0000317,colonic mucosa,tissue,child,encode,paired,False,0.6837869882583618,OutputType.DNASE,,,
217,UBERON:0000473 DNase-seq,.,DNase-seq,UBERON:0000473,testis,tissue,adult,encode,paired,False,0.9270487427711487,OutputType.DNASE,,,
218,UBERON:0000945 DNase-seq,.,DNase-seq,UBERON:0000945,stomach,tissue,adult,encode,paired,False,0.9069320559501648,OutputType.DNASE,,,
219,UBERON:0000947 DNase-seq,.,DNase-seq,UBERON:0000947,aorta,tissue,adult,encode,paired,False,0.6485071778297424,OutputType.DNASE,,,
220,UBERON:0000948 DNase-seq,.,DNase-seq,UBERON:0000948,heart,tissue,embryonic,encode,paired,False,0.7380961179733276,OutputType.DNASE,,,
221,UBERON:0000955 DNase-seq,.,DNase-seq,UBERON:0000955,brain,tissue,embryonic,encode,paired,False,0.3288920521736145,OutputType.DNASE,,,
222,UBERON:0000966 DNase-seq,.,DNase-seq,UBERON:0000966,retina,tissue,embryonic,encode,paired,False,0.5274835228919983,OutputType.DNASE,,,
223,UBERON:0000970 DNase-seq,.,DNase-seq,UBERON:0000970,eye,tissue,embryonic,encode,paired,False,0.26817503571510315,OutputType.DNASE,,,
224,UBERON:0000981 DNase-seq,.,DNase-seq,UBERON:0000981,femur,tissue,embryonic,encode,paired,False,0.9800584316253662,OutputType.DNASE,,,
225,UBERON:0000988 DNase-seq,.,DNase-seq,UBERON:0000988,pons,tissue,adult,encode,paired,False,0.4579213261604309,OutputType.DNASE,,,
226,UBERON:0000992 DNase-seq,.,DNase-seq,UBERON:0000992,ovary,tissue,adult,encode,paired,False,0.2674427926540375,OutputType.DNASE,,,
227,UBERON:0000995 DNase-seq,.,DNase-seq,UBERON:0000995,uterus,tissue,adult,encode,paired,False,0.5486983060836792,OutputType.DNASE,,,
228,UBERON:0001072 DNase-seq,.,DNase-seq,UBERON:0001072,posterior vena cava,tissue,adult,encode,paired,False,1.1472437381744385,OutputType.DNASE,,,
229,UBERON:0001114 DNase-seq,.,DNase-seq,UBERON:0001114,right lobe of liver,tissue,adult,encode,paired,False,0.47963228821754456,OutputType.DNASE,,,
230,UBERON:0001115 DNase-seq,.,DNase-seq,UBERON:0001115,left lobe of liver,tissue,adult,encode,paired,False,0.6450967192649841,OutputType.DNASE,,,
231,UBERON:0001150 DNase-seq,.,DNase-seq,UBERON:0001150,body of pancreas,tissue,adult,encode,paired,False,0.357327401638031,OutputType.DNASE,,,
232,UBERON:0001157 DNase-seq,.,DNase-seq,UBERON:0001157,transverse colon,tissue,adult,encode,paired,False,1.0917359590530396,OutputType.DNASE,,,
233,UBERON:0001159 DNase-seq,.,DNase-seq,UBERON:0001159,sigmoid colon,tissue,adult,encode,paired,False,0.9145393967628479,OutputType.DNASE,,,
234,UBERON:0001211 DNase-seq,.,DNase-seq,UBERON:0001211,Peyer's patch,tissue,adult,encode,paired,False,0.3851829171180725,OutputType.DNASE,,,
235,UBERON:0001224 DNase-seq,.,DNase-seq,UBERON:0001224,renal pelvis,tissue,embryonic,encode,single,False,2.1799817085266113,OutputType.DNASE,,,
236,UBERON:0001264 DNase-seq,.,DNase-seq,UBERON:0001264,pancreas,tissue,adult,encode,paired,False,0.29151973128318787,OutputType.DNASE,,,
237,UBERON:0001322 DNase-seq,.,DNase-seq,UBERON:0001322,sciatic nerve,tissue,adult,encode,paired,False,0.7888127565383911,OutputType.DNASE,,,
238,UBERON:0001323 DNase-seq,.,DNase-seq,UBERON:0001323,tibial nerve,tissue,adult,encode,paired,False,0.6753217577934265,OutputType.DNASE,,,
239,UBERON:0001383 DNase-seq,.,DNase-seq,UBERON:0001383,muscle of leg,tissue,embryonic,encode,single,False,0.5681041479110718,OutputType.DNASE,,,
240,UBERON:0001496 DNase-seq,.,DNase-seq,UBERON:0001496,ascending aorta,tissue,adult,encode,paired,False,0.7453764081001282,OutputType.DNASE,,,
241,UBERON:0001499 DNase-seq,.,DNase-seq,UBERON:0001499,muscle of arm,tissue,embryonic,encode,single,False,1.5984889268875122,OutputType.DNASE,,,
242,UBERON:0001515 DNase-seq,.,DNase-seq,UBERON:0001515,thoracic aorta,tissue,adult,encode,paired,False,2.0039520263671875,OutputType.DNASE,,,
243,UBERON:0001621 DNase-seq,.,DNase-seq,UBERON:0001621,coronary artery,tissue,adult,encode,paired,False,0.9081931710243225,OutputType.DNASE,,,
244,UBERON:0001723 DNase-seq,.,DNase-seq,UBERON:0001723,tongue,tissue,embryonic,encode,paired,False,0.461385577917099,OutputType.DNASE,,,
245,UBERON:0001774 DNase-seq,.,DNase-seq,UBERON:0001774,muscle of trunk,tissue,embryonic,encode,single,False,0.4869764447212219,OutputType.DNASE,,,
246,UBERON:0001870 DNase-seq,.,DNase-seq,UBERON:0001870,frontal cortex,tissue,adult,encode,single,False,0.9675334692001343,OutputType.DNASE,,,
247,UBERON:0001874 DNase-seq,.,DNase-seq,UBERON:0001874,putamen,tissue,adult,encode,paired,False,1.0092743635177612,OutputType.DNASE,,,
248,UBERON:0001875 DNase-seq,.,DNase-seq,UBERON:0001875,globus pallidus,tissue,adult,encode,paired,False,0.6928175687789917,OutputType.DNASE,,,
249,UBERON:0001954 DNase-seq,.,DNase-seq,UBERON:0001954,Ammon's horn,tissue,adult,encode,paired,False,0.5017354488372803,OutputType.DNASE,,,
250,UBERON:0001987 DNase-seq,.,DNase-seq,UBERON:0001987,placenta,tissue,embryonic,encode,paired,False,0.14548371732234955,OutputType.DNASE,,,
251,UBERON:0002037 DNase-seq,.,DNase-seq,UBERON:0002037,cerebellum,tissue,adult,encode,single,False,0.498566210269928,OutputType.DNASE,,,
252,UBERON:0002046 DNase-seq,.,DNase-seq,UBERON:0002046,thyroid gland,tissue,adult,encode,paired,False,0.7914156913757324,OutputType.DNASE,,,
253,UBERON:0002048 DNase-seq,.,DNase-seq,UBERON:0002048,lung,tissue,embryonic,encode,paired,False,0.4275049567222595,OutputType.DNASE,,,
254,UBERON:0002078 DNase-seq,.,DNase-seq,UBERON:0002078,right cardiac atrium,tissue,adult,encode,paired,False,0.8271661996841431,OutputType.DNASE,,,
255,UBERON:0002079 DNase-seq,.,DNase-seq,UBERON:0002079,left cardiac atrium,tissue,adult,encode,paired,False,1.5311051607131958,OutputType.DNASE,,,
256,UBERON:0002080 DNase-seq,.,DNase-seq,UBERON:0002080,heart right ventricle,tissue,adult,encode,paired,False,0.6760692000389099,OutputType.DNASE,,,
257,UBERON:0002084 DNase-seq,.,DNase-seq,UBERON:0002084,heart left ventricle,tissue,adult,encode,paired,False,0.3393922448158264,OutputType.DNASE,,,
258,UBERON:0002099 DNase-seq,.,DNase-seq,UBERON:0002099,cardiac septum,tissue,adult,encode,paired,False,1.495876431465149,OutputType.DNASE,,,
259,UBERON:0002106 DNase-seq,.,DNase-seq,UBERON:0002106,spleen,tissue,adult,encode,paired,False,0.8771628141403198,OutputType.DNASE,,,
260,UBERON:0002107 DNase-seq,.,DNase-seq,UBERON:0002107,liver,tissue,embryonic,encode,paired,False,0.7895574569702148,OutputType.DNASE,,,
261,UBERON:0002108 DNase-seq,.,DNase-seq,UBERON:0002108,small intestine,tissue,adult,encode,paired,False,0.5932072997093201,OutputType.DNASE,,,
262,UBERON:0002113 DNase-seq,.,DNase-seq,UBERON:0002113,kidney,tissue,adult,encode,paired,False,1.0922431945800781,OutputType.DNASE,,,
263,UBERON:0002129 DNase-seq,.,DNase-seq,UBERON:0002129,cerebellar cortex,tissue,adult,encode,paired,False,0.38671547174453735,OutputType.DNASE,,,
264,UBERON:0002167 DNase-seq,.,DNase-seq,UBERON:0002167,right lung,tissue,embryonic,encode,single,False,1.2309776544570923,OutputType.DNASE,,,
265,UBERON:0002168 DNase-seq,.,DNase-seq,UBERON:0002168,left lung,tissue,adult,encode,paired,False,0.9140506386756897,OutputType.DNASE,,,
266,UBERON:0002170 DNase-seq,.,DNase-seq,UBERON:0002170,upper lobe of right lung,tissue,adult,encode,paired,False,0.863777756690979,OutputType.DNASE,,,
267,UBERON:0002171 DNase-seq,.,DNase-seq,UBERON:0002171,lower lobe of right lung,tissue,adult,encode,paired,False,1.0217218399047852,OutputType.DNASE,,,
268,UBERON:0002240 DNase-seq,.,DNase-seq,UBERON:0002240,spinal cord,tissue,embryonic,encode,paired,False,0.29311633110046387,OutputType.DNASE,,,
269,UBERON:0002324 DNase-seq,.,DNase-seq,UBERON:0002324,muscle of back,tissue,embryonic,encode,single,False,0.36552220582962036,OutputType.DNASE,,,
270,UBERON:0002331 DNase-seq,.,DNase-seq,UBERON:0002331,umbilical cord,tissue,embryonic,encode,paired,False,0.4278322160243988,OutputType.DNASE,,,
271,UBERON:0002367 DNase-seq,.,DNase-seq,UBERON:0002367,prostate gland,tissue,adult,encode,paired,False,0.7419143915176392,OutputType.DNASE,,,
272,UBERON:0002369 DNase-seq,.,DNase-seq,UBERON:0002369,adrenal gland,tissue,adult,encode,paired,False,0.24145561456680298,OutputType.DNASE,,,
273,UBERON:0002370 DNase-seq,.,DNase-seq,UBERON:0002370,thymus,tissue,embryonic,encode,single,False,0.23071163892745972,OutputType.DNASE,,,
274,UBERON:0002626 DNase-seq,.,DNase-seq,UBERON:0002626,head of caudate nucleus,tissue,adult,encode,paired,False,0.10091119259595871,OutputType.DNASE,,,
275,UBERON:0002740 DNase-seq,.,DNase-seq,UBERON:0002740,posterior cingulate gyrus,tissue,adult,encode,paired,False,0.3267453908920288,OutputType.DNASE,,,
276,UBERON:0003124 DNase-seq,.,DNase-seq,UBERON:0003124,chorion,tissue,unknown,encode,single,False,2.098452568054199,OutputType.DNASE,,,
277,UBERON:0003662 DNase-seq,.,DNase-seq,UBERON:0003662,forelimb muscle,tissue,embryonic,encode,single,False,5.48020601272583,OutputType.DNASE,,,
278,UBERON:0003663 DNase-seq,.,DNase-seq,UBERON:0003663,hindlimb muscle,tissue,embryonic,encode,single,False,2.133021354675293,OutputType.DNASE,,,
279,UBERON:0004264 DNase-seq,.,DNase-seq,UBERON:0004264,lower leg skin,tissue,adult,encode,paired,False,0.4412038326263428,OutputType.DNASE,,,
280,UBERON:0004538 DNase-seq,.,DNase-seq,UBERON:0004538,left kidney,tissue,embryonic,encode,single,False,2.1672964096069336,OutputType.DNASE,,,
281,UBERON:0004539 DNase-seq,.,DNase-seq,UBERON:0004539,right kidney,tissue,embryonic,encode,paired,False,1.0729928016662598,OutputType.DNASE,,,
282,UBERON:0004992 DNase-seq,.,DNase-seq,UBERON:0004992,mucosa of descending colon,tissue,adult,encode,paired,False,0.44594788551330566,OutputType.DNASE,,,
283,UBERON:0005033 DNase-seq,.,DNase-seq,UBERON:0005033,mucosa of gallbladder,tissue,child,encode,paired,False,0.7470425963401794,OutputType.DNASE,,,
284,UBERON:0005270 DNase-seq,.,DNase-seq,UBERON:0005270,renal cortex interstitium,tissue,embryonic,encode,single,False,0.4723626971244812,OutputType.DNASE,,,
285,UBERON:0006631 DNase-seq,.,DNase-seq,UBERON:0006631,right atrium auricular region,tissue,adult,encode,paired,False,0.8495630025863647,OutputType.DNASE,,,
286,UBERON:0007610 DNase-seq,.,DNase-seq,UBERON:0007610,tibial artery,tissue,adult,encode,paired,False,0.6081244349479675,OutputType.DNASE,,,
287,UBERON:0008367 DNase-seq,.,DNase-seq,UBERON:0008367,breast epithelium,tissue,adult,encode,paired,False,0.618876576423645,OutputType.DNASE,,,
288,UBERON:0008450 DNase-seq,.,DNase-seq,UBERON:0008450,psoas muscle,tissue,adult,encode,paired,False,0.9886283278465271,OutputType.DNASE,,,
289,UBERON:0008952 DNase-seq,.,DNase-seq,UBERON:0008952,upper lobe of left lung,tissue,adult,encode,paired,False,0.691214382648468,OutputType.DNASE,,,
290,UBERON:0008953 DNase-seq,.,DNase-seq,UBERON:0008953,lower lobe of left lung,tissue,adult,encode,paired,False,0.6039119958877563,OutputType.DNASE,,,
291,UBERON:0008971 DNase-seq,.,DNase-seq,UBERON:0008971,left colon,tissue,adult,encode,paired,False,0.6561613082885742,OutputType.DNASE,,,
292,UBERON:0009834 DNase-seq,.,DNase-seq,UBERON:0009834,dorsolateral prefrontal cortex,tissue,adult,encode,paired,False,0.20427392423152924,OutputType.DNASE,,,
293,UBERON:0010414 DNase-seq,.,DNase-seq,UBERON:0010414,omental fat pad,tissue,adult,encode,paired,False,1.842028260231018,OutputType.DNASE,,,
294,UBERON:0011907 DNase-seq,.,DNase-seq,UBERON:0011907,gastrocnemius medialis,tissue,adult,encode,paired,False,0.8089129328727722,OutputType.DNASE,,,
295,UBERON:0015143 DNase-seq,.,DNase-seq,UBERON:0015143,mesenteric fat pad,tissue,adult,encode,paired,False,0.8094824552536011,OutputType.DNASE,,,
296,UBERON:0018115 DNase-seq,.,DNase-seq,UBERON:0018115,left renal pelvis,tissue,embryonic,encode,single,False,1.1233245134353638,OutputType.DNASE,,,
297,UBERON:0018116 DNase-seq,.,DNase-seq,UBERON:0018116,right renal pelvis,tissue,embryonic,encode,single,False,1.0260438919067383,OutputType.DNASE,,,
298,UBERON:0018117 DNase-seq,.,DNase-seq,UBERON:0018117,left renal cortex interstitium,tissue,embryonic,encode,single,False,0.9994888305664062,OutputType.DNASE,,,
299,UBERON:0018118 DNase-seq,.,DNase-seq,UBERON:0018118,right renal cortex interstitium,tissue,embryonic,encode,single,False,1.2882170677185059,OutputType.DNASE,,,
300,UBERON:0036149 DNase-seq,.,DNase-seq,UBERON:0036149,suprapubic skin,tissue,adult,encode,paired,False,0.48592454195022583,OutputType.DNASE,,,
301,UBERON:8300001 DNase-seq,.,DNase-seq,UBERON:8300001,right forelimb,tissue,embryonic,encode,paired,False,1.431964635848999,OutputType.DNASE,,,
302,UBERON:8300002 DNase-seq,.,DNase-seq,UBERON:8300002,left forelimb,tissue,embryonic,encode,paired,False,1.2063522338867188,OutputType.DNASE,,,
303,UBERON:8300003 DNase-seq,.,DNase-seq,UBERON:8300003,right hindlimb,tissue,embryonic,encode,paired,False,1.2547117471694946,OutputType.DNASE,,,
304,UBERON:8300004 DNase-seq,.,DNase-seq,UBERON:8300004,left hindlimb,tissue,embryonic,encode,paired,False,1.946841835975647,OutputType.DNASE,,,
0,CL:0000047 polyA plus RNA-seq,+,polyA plus RNA-seq,CL:0000047,neuronal stem cell,in_vitro_differentiated_cells,embryonic,encode,paired,False,0.14361684024333954,OutputType.RNA_SEQ,,,
1,CL:0000062 total RNA-seq,+,total RNA-seq,CL:0000062,osteoblast,primary_cell,adult,encode,paired,False,0.09414368867874146,OutputType.RNA_SEQ,,,
2,CL:0000084 polyA plus RNA-seq,+,polyA plus RNA-seq,CL:0000084,T-cell,primary_cell,adult,encode,paired,False,0.1242961511015892,OutputType.RNA_SEQ,,,
3,CL:0000084 total RNA-seq,+,total RNA-seq,CL:0000084,T-cell,primary_cell,adult,encode,single,False,0.1009339839220047,OutputType.RNA_SEQ,,,
4,CL:0000115 total RNA-seq,+,total RNA-seq,CL:0000115,endothelial cell,in_vitro_differentiated_cells,adult,encode,single,False,0.13555292785167694,OutputType.RNA_SEQ,,,
5,CL:0000127 total RNA-seq,+,total RNA-seq,CL:0000127,astrocyte,primary_cell,unknown,encode,paired,False,0.8591042757034302,OutputType.RNA_SEQ,,,
6,CL:0000134 polyA plus RNA-seq,+,polyA plus RNA-seq,CL:0000134,mesenchymal stem cell,in_vitro_differentiated_cells,embryonic,encode,paired,False,0.24195873737335205,OutputType.RNA_SEQ,,,
7,CL:0000137 total RNA-seq,+,total RNA-seq,CL:0000137,osteocyte,in_vitro_differentiated_cells,embryonic,encode,single,False,0.15089336037635803,OutputType.RNA_SEQ,,,
8,CL:0000138 total RNA-seq,+,total RNA-seq,CL:0000138,chondrocyte,in_vitro_differentiated_cells,embryonic,encode,single,False,0.14311158657073975,OutputType.RNA_SEQ,,,
9,CL:0000169 total RNA-seq,+,total RNA-seq,CL:0000169,type B pancreatic cell,in_vitro_differentiated_cells,embryonic,encode,single,False,0.1288493126630783,OutputType.RNA_SEQ,,,
10,CL:0000182 total RNA-seq,+,total RNA-seq,CL:0000182,hepatocyte,in_vitro_differentiated_cells,embryonic,encode,paired,False,0.11700818687677383,OutputType.RNA_SEQ,,,
11,CL:0000187 total RNA-seq,+,total RNA-seq,CL:0000187,myocyte,in_vitro_differentiated_cells,adult,encode,paired,False,0.16801898181438446,OutputType.RNA_SEQ,,,
12,CL:0000192 total RNA-seq,+,total RNA-seq,CL:0000192,smooth muscle cell,in_vitro_differentiated_cells,embryonic,encode,paired,False,0.17651152610778809,OutputType.RNA_SEQ,,,
13,CL:0000221 polyA plus RNA-seq,+,polyA plus RNA-seq,CL:0000221,ectodermal cell,in_vitro_differentiated_cells,embryonic,encode,paired,False,0.12823955714702606,OutputType.RNA_SEQ,,,
14,CL:0000222 polyA plus RNA-seq,+,polyA plus RNA-seq,CL:0000222,mesodermal cell,in_vitro_differentiated_cells,embryonic,encode,paired,False,0.2540099322795868,OutputType.RNA_SEQ,,,
15,CL:0000223 polyA plus RNA-seq,+,polyA plus RNA-seq,CL:0000223,endodermal cell,in_vitro_differentiated_cells,embryonic,encode,paired,False,0.18341697752475739,OutputType.RNA_SEQ,,,
16,CL:0000223 total RNA-seq,+,total RNA-seq,CL:0000223,endodermal cell,in_vitro_differentiated_cells,embryonic,encode,single,False,0.0849326029419899,OutputType.RNA_SEQ,,,
17,CL:0000236 polyA plus RNA-seq,+,polyA plus RNA-seq,CL:0000236,B cell,primary_cell,adult,encode,paired,False,0.1000189334154129,OutputType.RNA_SEQ,,,
18,CL:0000236 total RNA-seq,+,total RNA-seq,CL:0000236,B cell,primary_cell,adult,encode,single,False,0.12873651087284088,OutputType.RNA_SEQ,,,
19,CL:0000307 total RNA-seq,+,total RNA-seq,CL:0000307,tracheal epithelial cell,primary_cell,adult,encode,paired,False,0.24377675354480743,OutputType.RNA_SEQ,,,
20,CL:0000312 polyA plus RNA-seq,+,polyA plus RNA-seq,CL:0000312,keratinocyte,primary_cell,unknown,encode,paired,False,0.15834681689739227,OutputType.RNA_SEQ,,,
21,CL:0000346 total RNA-seq,+,total RNA-seq,CL:0000346,hair follicle dermal papilla cell,primary_cell,adult,encode,paired,False,0.10018045455217361,OutputType.RNA_SEQ,,,
22,CL:0000351 polyA plus RNA-seq,+,polyA plus RNA-seq,CL:0000351,trophoblast cell,in_vitro_differentiated_cells,embryonic,encode,paired,False,0.15624946355819702,OutputType.RNA_SEQ,,,
23,CL:0000515 polyA plus RNA-seq,+,polyA plus RNA-seq,CL:0000515,skeletal muscle myoblast,primary_cell,unknown,encode,paired,False,0.23633140325546265,OutputType.RNA_SEQ,,,
24,CL:0000515 total RNA-seq,+,total RNA-seq,CL:0000515,skeletal muscle myoblast,primary_cell,unknown,encode,paired,False,0.21440713107585907,OutputType.RNA_SEQ,,,
25,CL:0000594 total RNA-seq,+,total RNA-seq,CL:0000594,skeletal muscle satellite cell,primary_cell,adult,encode,paired,False,0.15152136981487274,OutputType.RNA_SEQ,,,
26,CL:0000623 polyA plus RNA-seq,+,polyA plus RNA-seq,CL:0000623,natural killer cell,primary_cell,adult,encode,paired,False,0.09810050576925278,OutputType.RNA_SEQ,,,
27,CL:0000623 total RNA-seq,+,total RNA-seq,CL:0000623,natural killer cell,primary_cell,adult,encode,single,False,0.09643229097127914,OutputType.RNA_SEQ,,,
28,CL:0000624 total RNA-seq,+,total RNA-seq,CL:0000624,"CD4-positive, alpha-beta T cell",primary_cell,adult,encode,single,False,0.16961726546287537,OutputType.RNA_SEQ,,,
29,CL:0000625 total RNA-seq,+,total RNA-seq,CL:0000625,"CD8-positive, alpha-beta T cell",primary_cell,adult,encode,single,False,0.1872248351573944,OutputType.RNA_SEQ,,,
30,CL:0000650 total RNA-seq,+,total RNA-seq,CL:0000650,mesangial cell,primary_cell,"unknown,embryonic",encode,paired,False,0.22799433767795563,OutputType.RNA_SEQ,,,
31,CL:0000679 total RNA-seq,+,total RNA-seq,CL:0000679,glutamatergic neuron,in_vitro_differentiated_cells,adult,encode,single,False,0.12083250284194946,OutputType.RNA_SEQ,,,
32,CL:0000746 total RNA-seq,+,total RNA-seq,CL:0000746,cardiac muscle cell,in_vitro_differentiated_cells,embryonic,encode,paired,False,0.12043581157922745,OutputType.RNA_SEQ,,,
33,CL:0000792 total RNA-seq,+,total RNA-seq,CL:0000792,"CD4-positive, CD25-positive, alpha-beta regulatory T cell",primary_cell,adult,encode,single,False,0.2166270911693573,OutputType.RNA_SEQ,,,
34,CL:0000837 total RNA-seq,+,total RNA-seq,CL:0000837,hematopoietic multipotent progenitor cell,in_vitro_differentiated_cells,unknown,encode,paired,False,0.08746447414159775,OutputType.RNA_SEQ,,,
35,CL:0000842 total RNA-seq,+,total RNA-seq,CL:0000842,mononuclear cell,primary_cell,adult,encode,paired,False,0.11518890410661697,OutputType.RNA_SEQ,,,
36,CL:0000895 total RNA-seq,+,total RNA-seq,CL:0000895,"naive thymus-derived CD4-positive, alpha-beta T cell",primary_cell,adult,encode,single,False,0.10208984464406967,OutputType.RNA_SEQ,,,
37,CL:0000897 total RNA-seq,+,total RNA-seq,CL:0000897,"CD4-positive, alpha-beta memory T cell",primary_cell,adult,encode,single,False,0.14780637621879578,OutputType.RNA_SEQ,,,
38,CL:0000899 total RNA-seq,+,total RNA-seq,CL:0000899,T-helper 17 cell,primary_cell,adult,encode,single,False,0.15964914858341217,OutputType.RNA_SEQ,,,
39,CL:0000900 total RNA-seq,+,total RNA-seq,CL:0000900,"naive thymus-derived CD8-positive, alpha-beta T cell",primary_cell,adult,encode,single,False,0.15224876999855042,OutputType.RNA_SEQ,,,
40,CL:0000909 total RNA-seq,+,total RNA-seq,CL:0000909,"CD8-positive, alpha-beta memory T cell",primary_cell,adult,encode,single,False,0.1914062649011612,OutputType.RNA_SEQ,,,
41,CL:0001054 polyA plus RNA-seq,+,polyA plus RNA-seq,CL:0001054,CD14-positive monocyte,primary_cell,adult,encode,paired,False,0.13608932495117188,OutputType.RNA_SEQ,,,
42,CL:0002098 total RNA-seq,+,total RNA-seq,CL:0002098,regular cardiac myocyte,primary_cell,adult,encode,paired,False,0.12369280308485031,OutputType.RNA_SEQ,,,
43,CL:0002188 total RNA-seq,+,total RNA-seq,CL:0002188,glomerular endothelial cell,primary_cell,embryonic,encode,paired,False,0.15931491553783417,OutputType.RNA_SEQ,,,
44,CL:0002306 total RNA-seq,+,total RNA-seq,CL:0002306,epithelial cell of proximal tubule,primary_cell,unknown,encode,paired,False,0.3053675889968872,OutputType.RNA_SEQ,,,
45,CL:0002319 polyA plus RNA-seq,+,polyA plus RNA-seq,CL:0002319,neural cell,in_vitro_differentiated_cells,embryonic,encode,paired,False,0.3370579481124878,OutputType.RNA_SEQ,,,
46,CL:0002324 polyA plus RNA-seq,+,polyA plus RNA-seq,CL:0002324,myoepithelial cell of mammary gland,primary_cell,adult,encode,paired,False,0.11617916077375412,OutputType.RNA_SEQ,,,
47,CL:0002326 polyA plus RNA-seq,+,polyA plus RNA-seq,CL:0002326,luminal epithelial cell of mammary gland,primary_cell,adult,encode,paired,False,0.10454441606998444,OutputType.RNA_SEQ,,,
48,CL:0002327 polyA plus RNA-seq,+,polyA plus RNA-seq,CL:0002327,mammary epithelial cell,primary_cell,adult,encode,paired,False,0.1524529904127121,OutputType.RNA_SEQ,,,
49,CL:0002327 total RNA-seq,+,total RNA-seq,CL:0002327,mammary epithelial cell,primary_cell,adult,encode,paired,False,0.12234798818826675,OutputType.RNA_SEQ,,,
50,CL:0002328 total RNA-seq,+,total RNA-seq,CL:0002328,bronchial epithelial cell,primary_cell,adult,encode,paired,False,0.11330371350049973,OutputType.RNA_SEQ,,,
51,CL:0002351 total RNA-seq,+,total RNA-seq,CL:0002351,progenitor cell of endocrine pancreas,in_vitro_differentiated_cells,embryonic,encode,single,False,0.11136709153652191,OutputType.RNA_SEQ,,,
52,CL:0002366 total RNA-seq,+,total RNA-seq,CL:0002366,myometrial cell,primary_cell,adult,encode,paired,False,0.6166583299636841,OutputType.RNA_SEQ,,,
53,CL:0002368 total RNA-seq,+,total RNA-seq,CL:0002368,airway epithelial cell,primary_cell,unknown,encode,paired,False,0.26418039202690125,OutputType.RNA_SEQ,,,
54,CL:0002372 total RNA-seq,+,total RNA-seq,CL:0002372,myotube,in_vitro_differentiated_cells,unknown,encode,paired,False,0.27930885553359985,OutputType.RNA_SEQ,,,
55,CL:0002451 polyA plus RNA-seq,+,polyA plus RNA-seq,CL:0002451,mammary stem cell,primary_cell,adult,encode,paired,False,0.10450329631567001,OutputType.RNA_SEQ,,,
56,CL:0002518 total RNA-seq,+,total RNA-seq,CL:0002518,kidney epithelial cell,primary_cell,"embryonic,newborn",encode,paired,False,0.21991325914859772,OutputType.RNA_SEQ,,,
57,CL:0002539 total RNA-seq,+,total RNA-seq,CL:0002539,aortic smooth muscle cell,primary_cell,adult,encode,paired,False,0.09520107507705688,OutputType.RNA_SEQ,,,
58,CL:0002540 total RNA-seq,+,total RNA-seq,CL:0002540,mesenchymal stem cell of the bone marrow,primary_cell,adult,encode,paired,False,0.08873797953128815,OutputType.RNA_SEQ,,,
59,CL:0002543 total RNA-seq,+,total RNA-seq,CL:0002543,vein endothelial cell,primary_cell,adult,encode,paired,False,0.10826694965362549,OutputType.RNA_SEQ,,,
60,CL:0002545 total RNA-seq,+,total RNA-seq,CL:0002545,thoracic aorta endothelial cell,primary_cell,adult,encode,paired,False,0.09417527914047241,OutputType.RNA_SEQ,,,
61,CL:0002547 total RNA-seq,+,total RNA-seq,CL:0002547,fibroblast of the aortic adventitia,primary_cell,adult,encode,paired,False,0.09536469727754593,OutputType.RNA_SEQ,,,
62,CL:0002551 total RNA-seq,+,total RNA-seq,CL:0002551,fibroblast of dermis,primary_cell,adult,encode,paired,False,0.08617620915174484,OutputType.RNA_SEQ,,,
63,CL:0002553 polyA plus RNA-seq,+,polyA plus RNA-seq,CL:0002553,fibroblast of lung,primary_cell,adult,encode,paired,False,0.24327409267425537,OutputType.RNA_SEQ,,,
64,CL:0002553 total RNA-seq,+,total RNA-seq,CL:0002553,fibroblast of lung,primary_cell,adult,encode,paired,False,0.09721297770738602,OutputType.RNA_SEQ,,,
65,CL:0002558 total RNA-seq,+,total RNA-seq,CL:0002558,fibroblast of villous mesenchyme,primary_cell,newborn,encode,paired,False,0.09518136084079742,OutputType.RNA_SEQ,,,
66,CL:0002568 total RNA-seq,+,total RNA-seq,CL:0002568,mesenchymal stem cell of Wharton's jelly,primary_cell,newborn,encode,paired,False,0.0961650162935257,OutputType.RNA_SEQ,,,
67,CL:0002570 total RNA-seq,+,total RNA-seq,CL:0002570,mesenchymal stem cell of adipose,primary_cell,adult,encode,paired,False,0.09018003195524216,OutputType.RNA_SEQ,,,
68,CL:0002577 total RNA-seq,+,total RNA-seq,CL:0002577,placental epithelial cell,primary_cell,newborn,encode,paired,False,0.11396694928407669,OutputType.RNA_SEQ,,,
69,CL:0002583 total RNA-seq,+,total RNA-seq,CL:0002583,subcutaneous preadipocyte,primary_cell,adult,encode,paired,False,0.10257883369922638,OutputType.RNA_SEQ,,,
70,CL:0002584 total RNA-seq,+,total RNA-seq,CL:0002584,renal cortical epithelial cell,primary_cell,adult,encode,paired,False,0.10081365704536438,OutputType.RNA_SEQ,,,
71,CL:0002591 total RNA-seq,+,total RNA-seq,CL:0002591,smooth muscle cell of the pulmonary artery,primary_cell,adult,encode,paired,False,0.09092094004154205,OutputType.RNA_SEQ,,,
72,CL:0002592 total RNA-seq,+,total RNA-seq,CL:0002592,smooth muscle cell of the coronary artery,primary_cell,adult,encode,paired,False,0.12711140513420105,OutputType.RNA_SEQ,,,
73,CL:0002594 total RNA-seq,+,total RNA-seq,CL:0002594,smooth muscle cell of the umbilical artery,primary_cell,newborn,encode,paired,False,0.10356000065803528,OutputType.RNA_SEQ,,,
74,CL:0002597 total RNA-seq,+,total RNA-seq,CL:0002597,smooth muscle cell of bladder,primary_cell,adult,encode,paired,False,0.09343661367893219,OutputType.RNA_SEQ,,,
75,CL:0002598 total RNA-seq,+,total RNA-seq,CL:0002598,bronchial smooth muscle cell,primary_cell,adult,encode,paired,False,0.10710306465625763,OutputType.RNA_SEQ,,,
76,CL:0002600 total RNA-seq,+,total RNA-seq,CL:0002600,smooth muscle cell of trachea,primary_cell,adult,encode,paired,False,0.11234711110591888,OutputType.RNA_SEQ,,,
77,CL:0002601 total RNA-seq,+,total RNA-seq,CL:0002601,uterine smooth muscle cell,primary_cell,adult,encode,paired,False,0.09602709114551544,OutputType.RNA_SEQ,,,
78,CL:0002618 polyA plus RNA-seq,+,polyA plus RNA-seq,CL:0002618,endothelial cell of umbilical vein,primary_cell,newborn,encode,paired,False,0.189997598528862,OutputType.RNA_SEQ,,,
79,CL:0002618 total RNA-seq,+,total RNA-seq,CL:0002618,endothelial cell of umbilical vein,primary_cell,newborn,encode,single,False,0.15063536167144775,OutputType.RNA_SEQ,,,
80,CL:0010002 total RNA-seq,+,total RNA-seq,CL:0010002,epithelial cell of umbilical artery,primary_cell,newborn,encode,paired,False,0.15703600645065308,OutputType.RNA_SEQ,,,
81,CL:0010003 total RNA-seq,+,total RNA-seq,CL:0010003,epithelial cell of alveolus of lung,primary_cell,"unknown,embryonic",encode,paired,False,0.24646669626235962,OutputType.RNA_SEQ,,,
82,CL:0011012 total RNA-seq,+,total RNA-seq,CL:0011012,neural crest cell,in_vitro_differentiated_cells,embryonic,encode,single,False,0.13397547602653503,OutputType.RNA_SEQ,,,
83,CL:0011019 total RNA-seq,+,total RNA-seq,CL:0011019,mesothelial cell of epicardium,in_vitro_differentiated_cells,embryonic,encode,single,False,0.08205718547105789,OutputType.RNA_SEQ,,,
84,CL:0011020 total RNA-seq,+,total RNA-seq,CL:0011020,neural progenitor cell,in_vitro_differentiated_cells,embryonic,encode,paired,False,0.11665403842926025,OutputType.RNA_SEQ,,,
85,CL:1000458 total RNA-seq,+,total RNA-seq,CL:1000458,melanocyte of skin,primary_cell,adult,encode,paired,False,0.11369024962186813,OutputType.RNA_SEQ,,,
86,CL:1001568 total RNA-seq,+,total RNA-seq,CL:1001568,pulmonary artery endothelial cell,primary_cell,adult,encode,paired,False,0.11397112160921097,OutputType.RNA_SEQ,,,
87,CL:1001606 polyA plus RNA-seq,+,polyA plus RNA-seq,CL:1001606,foreskin keratinocyte,primary_cell,newborn,encode,paired,False,0.1255163997411728,OutputType.RNA_SEQ,,,
88,CL:1001606 total RNA-seq,+,total RNA-seq,CL:1001606,foreskin keratinocyte,primary_cell,newborn,encode,paired,False,0.14636552333831787,OutputType.RNA_SEQ,,,
89,CL:1001608 polyA plus RNA-seq,+,polyA plus RNA-seq,CL:1001608,foreskin fibroblast,primary_cell,newborn,encode,paired,False,0.1319681853055954,OutputType.RNA_SEQ,,,
90,CL:2000001 polyA plus RNA-seq,+,polyA plus RNA-seq,CL:2000001,peripheral blood mononuclear cell,primary_cell,adult,encode,paired,False,0.1745203137397766,OutputType.RNA_SEQ,,,
91,CL:2000007 total RNA-seq,+,total RNA-seq,CL:2000007,articular chondrocyte of knee joint,primary_cell,adult,encode,paired,False,0.08014936000108719,OutputType.RNA_SEQ,,,
92,CL:2000010 total RNA-seq,+,total RNA-seq,CL:2000010,dermis blood vessel endothelial cell,primary_cell,child,encode,paired,False,0.13320288062095642,OutputType.RNA_SEQ,,,
93,CL:2000011 total RNA-seq,+,total RNA-seq,CL:2000011,dermis lymphatic vessel endothelial cell,primary_cell,"child,adult",encode,paired,False,0.11345934867858887,OutputType.RNA_SEQ,,,
94,CL:2000016 total RNA-seq,+,total RNA-seq,CL:2000016,lung microvascular endothelial cell,primary_cell,adult,encode,paired,False,0.126098170876503,OutputType.RNA_SEQ,,,
95,CL:2000018 total RNA-seq,+,total RNA-seq,CL:2000018,endothelial cell of coronary artery,primary_cell,adult,encode,paired,False,0.10375294089317322,OutputType.RNA_SEQ,,,
96,CL:2000040 total RNA-seq,+,total RNA-seq,CL:2000040,bladder microvascular endothelial cell,primary_cell,adult,encode,paired,False,0.10876604169607162,OutputType.RNA_SEQ,,,
97,CL:2000041 total RNA-seq,+,total RNA-seq,CL:2000041,dermis microvascular lymphatic vessel endothelial cell,primary_cell,adult,encode,paired,False,0.11738797277212143,OutputType.RNA_SEQ,,,
98,CL:2000045 polyA plus RNA-seq,+,polyA plus RNA-seq,CL:2000045,foreskin melanocyte,primary_cell,newborn,encode,paired,False,0.10135364532470703,OutputType.RNA_SEQ,,,
99,CL:2000066 total RNA-seq,+,total RNA-seq,CL:2000066,cardiac ventricle fibroblast,primary_cell,"adult,unknown",encode,paired,False,0.23313458263874054,OutputType.RNA_SEQ,,,
100,CL:2000067 total RNA-seq,+,total RNA-seq,CL:2000067,cardiac atrium fibroblast,primary_cell,child,encode,paired,False,0.45500898361206055,OutputType.RNA_SEQ,,,
101,CL:2000068 total RNA-seq,+,total RNA-seq,CL:2000068,pericardium fibroblast,primary_cell,"embryonic,unknown",encode,paired,False,0.4414302408695221,OutputType.RNA_SEQ,,,
102,CL:2000071 total RNA-seq,+,total RNA-seq,CL:2000071,mammary microvascular endothelial cell,primary_cell,adult,encode,paired,False,0.31211143732070923,OutputType.RNA_SEQ,,,
103,CL:2000078 total RNA-seq,+,total RNA-seq,CL:2000078,placental pericyte,primary_cell,newborn,encode,paired,False,0.10321545600891113,OutputType.RNA_SEQ,,,
104,CL:2000092 total RNA-seq,+,total RNA-seq,CL:2000092,hair follicular keratinocyte,primary_cell,adult,encode,paired,False,0.3467121720314026,OutputType.RNA_SEQ,,,
105,CL:2000093 total RNA-seq,+,total RNA-seq,CL:2000093,bronchus fibroblast of lung,primary_cell,unknown,encode,paired,False,0.34249013662338257,OutputType.RNA_SEQ,,,
106,CL:2000094 total RNA-seq,+,total RNA-seq,CL:2000094,nasal cavity respiratory epithelium epithelial cell of viscerocranial mucosa,primary_cell,adult,encode,paired,False,0.09655441343784332,OutputType.RNA_SEQ,,,
107,EFO:0001086 polyA plus RNA-seq,+,polyA plus RNA-seq,EFO:0001086,A549,cell_line,adult,encode,paired,False,0.12940572202205658,OutputType.RNA_SEQ,,,
108,EFO:0001099 total RNA-seq,+,total RNA-seq,EFO:0001099,Caco-2,cell_line,adult,encode,single,False,0.14284469187259674,OutputType.RNA_SEQ,,,
109,EFO:0001187 polyA plus RNA-seq,+,polyA plus RNA-seq,EFO:0001187,HepG2,cell_line,child,encode,paired,False,0.17039045691490173,OutputType.RNA_SEQ,,,
110,EFO:0001187 total RNA-seq,+,total RNA-seq,EFO:0001187,HepG2,cell_line,child,encode,paired,False,0.1829448640346527,OutputType.RNA_SEQ,,,
111,EFO:0001193 total RNA-seq,+,total RNA-seq,EFO:0001193,HT-29,cell_line,adult,encode,paired,False,0.21550512313842773,OutputType.RNA_SEQ,,,
112,EFO:0001196 polyA plus RNA-seq,+,polyA plus RNA-seq,EFO:0001196,IMR-90,cell_line,embryonic,encode,paired,False,0.20879118144512177,OutputType.RNA_SEQ,,,
113,EFO:0001196 total RNA-seq,+,total RNA-seq,EFO:0001196,IMR-90,cell_line,embryonic,encode,paired,False,0.11308588832616806,OutputType.RNA_SEQ,,,
114,EFO:0001200 total RNA-seq,+,total RNA-seq,EFO:0001200,MCF 10A,cell_line,adult,encode,single,False,0.16067937016487122,OutputType.RNA_SEQ,,,
115,EFO:0001203 polyA plus RNA-seq,+,polyA plus RNA-seq,EFO:0001203,MCF-7,cell_line,adult,encode,paired,False,0.12140543013811111,OutputType.RNA_SEQ,,,
116,EFO:0001203 total RNA-seq,+,total RNA-seq,EFO:0001203,MCF-7,cell_line,adult,encode,single,False,0.19371487200260162,OutputType.RNA_SEQ,,,
117,EFO:0002059 polyA plus RNA-seq,+,polyA plus RNA-seq,EFO:0002059,HT1080,cell_line,adult,encode,paired,False,0.17536093294620514,OutputType.RNA_SEQ,,,
118,EFO:0002059 total RNA-seq,+,total RNA-seq,EFO:0002059,HT1080,cell_line,adult,encode,paired,False,0.26604166626930237,OutputType.RNA_SEQ,,,
119,EFO:0002067 polyA plus RNA-seq,+,polyA plus RNA-seq,EFO:0002067,K562,cell_line,adult,encode,paired,False,0.12911121547222137,OutputType.RNA_SEQ,,,
120,EFO:0002067 total RNA-seq,+,total RNA-seq,EFO:0002067,K562,cell_line,adult,encode,paired,False,0.09864901006221771,OutputType.RNA_SEQ,,,
121,EFO:0002074 total RNA-seq,+,total RNA-seq,EFO:0002074,PC-3,cell_line,adult,encode,paired,False,0.19547946751117706,OutputType.RNA_SEQ,,,
122,EFO:0002101 total RNA-seq,+,total RNA-seq,EFO:0002101,A172,cell_line,adult,encode,paired,False,0.28052324056625366,OutputType.RNA_SEQ,,,
123,EFO:0002103 total RNA-seq,+,total RNA-seq,EFO:0002103,A375,cell_line,adult,encode,paired,False,0.15175825357437134,OutputType.RNA_SEQ,,,
124,EFO:0002106 total RNA-seq,+,total RNA-seq,EFO:0002106,A673,cell_line,child,encode,single,False,0.13962921500205994,OutputType.RNA_SEQ,,,
125,EFO:0002150 total RNA-seq,+,total RNA-seq,EFO:0002150,Caki2,cell_line,adult,encode,paired,False,0.9990426301956177,OutputType.RNA_SEQ,,,
126,EFO:0002179 total RNA-seq,+,total RNA-seq,EFO:0002179,G401,cell_line,child,encode,paired,False,0.5957048535346985,OutputType.RNA_SEQ,,,
127,EFO:0002184 total RNA-seq,+,total RNA-seq,EFO:0002184,H4,cell_line,adult,encode,paired,False,0.5086643099784851,OutputType.RNA_SEQ,,,
128,EFO:0002234 total RNA-seq,+,total RNA-seq,EFO:0002234,MG63,cell_line,child,encode,paired,False,0.769120454788208,OutputType.RNA_SEQ,,,
129,EFO:0002330 total RNA-seq,+,total RNA-seq,EFO:0002330,SJSA1,cell_line,adult,encode,paired,False,0.21904774010181427,OutputType.RNA_SEQ,,,
130,EFO:0002713 total RNA-seq,+,total RNA-seq,EFO:0002713,Panc1,cell_line,adult,encode,single,False,0.23880760371685028,OutputType.RNA_SEQ,,,
131,EFO:0002779 polyA plus RNA-seq,+,polyA plus RNA-seq,EFO:0002779,BJ,cell_line,newborn,encode,paired,False,0.21585357189178467,OutputType.RNA_SEQ,,,
132,EFO:0002784 polyA plus RNA-seq,+,polyA plus RNA-seq,EFO:0002784,GM12878,cell_line,adult,encode,paired,False,0.10530221462249756,OutputType.RNA_SEQ,,,
133,EFO:0002784 total RNA-seq,+,total RNA-seq,EFO:0002784,GM12878,cell_line,adult,encode,paired,False,0.1013726070523262,OutputType.RNA_SEQ,,,
134,EFO:0002791 polyA plus RNA-seq,+,polyA plus RNA-seq,EFO:0002791,HeLa-S3,cell_line,adult,encode,paired,False,0.15916843712329865,OutputType.RNA_SEQ,,,
135,EFO:0002819 total RNA-seq,+,total RNA-seq,EFO:0002819,Calu3,cell_line,adult,encode,single,False,0.136725053191185,OutputType.RNA_SEQ,,,
136,EFO:0002824 total RNA-seq,+,total RNA-seq,EFO:0002824,HCT116,cell_line,adult,encode,single,False,0.2341846525669098,OutputType.RNA_SEQ,,,
137,EFO:0002847 total RNA-seq,+,total RNA-seq,EFO:0002847,PC-9,cell_line,unknown,encode,single,False,0.13823053240776062,OutputType.RNA_SEQ,,,
138,EFO:0003042 polyA plus RNA-seq,+,polyA plus RNA-seq,EFO:0003042,H1,cell_line,embryonic,encode,paired,False,0.10293757915496826,OutputType.RNA_SEQ,,,
139,EFO:0003042 total RNA-seq,+,total RNA-seq,EFO:0003042,H1,cell_line,embryonic,encode,single,False,0.1727115660905838,OutputType.RNA_SEQ,,,
140,EFO:0003044 polyA plus RNA-seq,+,polyA plus RNA-seq,EFO:0003044,NCI-H460,cell_line,unknown,encode,paired,False,0.37686166167259216,OutputType.RNA_SEQ,,,
141,EFO:0003044 total RNA-seq,+,total RNA-seq,EFO:0003044,NCI-H460,cell_line,unknown,encode,paired,False,0.14361432194709778,OutputType.RNA_SEQ,,,
142,EFO:0003045 total RNA-seq,+,total RNA-seq,EFO:0003045,H9,cell_line,embryonic,encode,single,False,0.1480276882648468,OutputType.RNA_SEQ,,,
143,EFO:0003072 polyA plus RNA-seq,+,polyA plus RNA-seq,EFO:0003072,SK-N-SH,cell_line,child,encode,paired,False,0.19397687911987305,OutputType.RNA_SEQ,,,
144,EFO:0005697 total RNA-seq,+,total RNA-seq,EFO:0005697,M059J,cell_line,adult,encode,paired,False,0.4214603304862976,OutputType.RNA_SEQ,,,
145,EFO:0005698 total RNA-seq,+,total RNA-seq,EFO:0005698,Daoy,cell_line,child,encode,paired,False,0.3396725654602051,OutputType.RNA_SEQ,,,
146,EFO:0005712 total RNA-seq,+,total RNA-seq,EFO:0005712,RPMI7951,cell_line,adult,encode,paired,False,0.23329555988311768,OutputType.RNA_SEQ,,,
147,EFO:0005714 total RNA-seq,+,total RNA-seq,EFO:0005714,LHCN-M2,cell_line,adult,encode,paired,False,0.18331725895404816,OutputType.RNA_SEQ,,,
148,EFO:0005719 total RNA-seq,+,total RNA-seq,EFO:0005719,Karpas-422,cell_line,adult,encode,paired,False,0.16822701692581177,OutputType.RNA_SEQ,,,
149,EFO:0005720 polyA plus RNA-seq,+,polyA plus RNA-seq,EFO:0005720,SK-MEL-5,cell_line,adult,encode,paired,False,0.225653737783432,OutputType.RNA_SEQ,,,
150,EFO:0005720 total RNA-seq,+,total RNA-seq,EFO:0005720,SK-MEL-5,cell_line,adult,encode,paired,False,0.18815664947032928,OutputType.RNA_SEQ,,,
151,EFO:0005721 polyA plus RNA-seq,+,polyA plus RNA-seq,EFO:0005721,SK-N-DZ,cell_line,child,encode,paired,False,0.2373400777578354,OutputType.RNA_SEQ,,,
152,EFO:0005722 total RNA-seq,+,total RNA-seq,EFO:0005722,SJCRH30,cell_line,child,encode,paired,False,0.11020320653915405,OutputType.RNA_SEQ,,,
153,EFO:0005723 total RNA-seq,+,total RNA-seq,EFO:0005723,GM23248,cell_line,adult,encode,paired,False,0.3644750416278839,OutputType.RNA_SEQ,,,
154,EFO:0005904 total RNA-seq,+,total RNA-seq,EFO:0005904,H7,cell_line,embryonic,encode,paired,False,0.19296839833259583,OutputType.RNA_SEQ,,,
155,EFO:0006270 polyA plus RNA-seq,+,polyA plus RNA-seq,EFO:0006270,AG04450,cell_line,embryonic,encode,paired,False,0.1846042424440384,OutputType.RNA_SEQ,,,
156,EFO:0006711 total RNA-seq,+,total RNA-seq,EFO:0006711,OCI-LY7,cell_line,adult,encode,paired,False,0.14875547587871552,OutputType.RNA_SEQ,,,
157,EFO:0007089 polyA plus RNA-seq,+,polyA plus RNA-seq,EFO:0007089,HUES64,cell_line,embryonic,encode,paired,False,0.29977187514305115,OutputType.RNA_SEQ,,,
158,EFO:0007950 total RNA-seq,+,total RNA-seq,EFO:0007950,GM23338,cell_line,adult,encode,paired,False,0.10916931182146072,OutputType.RNA_SEQ,,,
159,EFO:0009318 total RNA-seq,+,total RNA-seq,EFO:0009318,HFFc6,cell_line,newborn,encode,single,False,0.10509984195232391,OutputType.RNA_SEQ,,,
160,EFO:0009747 total RNA-seq,+,total RNA-seq,EFO:0009747,WTC11,cell_line,adult,encode,single,False,0.11312755942344666,OutputType.RNA_SEQ,,,
161,EFO:0030018 polyA plus RNA-seq,+,polyA plus RNA-seq,EFO:0030018,BLaER1,cell_line,unknown,encode,paired,False,0.15814301371574402,OutputType.RNA_SEQ,,,
162,NTR:0000427 polyA plus RNA-seq,+,polyA plus RNA-seq,NTR:0000427,neurosphere,primary_cell,embryonic,encode,paired,False,0.07274492084980011,OutputType.RNA_SEQ,,,
163,NTR:0000491 total RNA-seq,+,total RNA-seq,NTR:0000491,Right ventricle myocardium inferior,tissue,adult,encode,single,False,0.32427701354026794,OutputType.RNA_SEQ,,,
164,NTR:0000492 total RNA-seq,+,total RNA-seq,NTR:0000492,Right ventricle myocardium superior,tissue,adult,encode,single,False,0.288472443819046,OutputType.RNA_SEQ,,,
165,NTR:0000493 total RNA-seq,+,total RNA-seq,NTR:0000493,left ventricle myocardium inferior,tissue,adult,encode,single,False,0.3049757480621338,OutputType.RNA_SEQ,,,
166,NTR:0000494 total RNA-seq,+,total RNA-seq,NTR:0000494,left ventricle myocardium superior,tissue,adult,encode,single,False,0.3131106197834015,OutputType.RNA_SEQ,,,
167,NTR:0000856 polyA plus RNA-seq,+,polyA plus RNA-seq,NTR:0000856,mesendoderm,in_vitro_differentiated_cells,embryonic,encode,paired,False,0.163086399435997,OutputType.RNA_SEQ,,,
168,NTR:0003013 polyA plus RNA-seq,+,polyA plus RNA-seq,NTR:0003013,placental basal plate,tissue,embryonic,encode,paired,False,0.07087478041648865,OutputType.RNA_SEQ,,,
169,UBERON:0000016 polyA plus RNA-seq,+,polyA plus RNA-seq,UBERON:0000016,endocrine pancreas,tissue,adult,encode,paired,False,0.08397355675697327,OutputType.RNA_SEQ,,,
170,UBERON:0000019 total RNA-seq,+,total RNA-seq,UBERON:0000019,camera-type eye,tissue,embryonic,encode,paired,False,0.0823257565498352,OutputType.RNA_SEQ,,,
171,UBERON:0000056 total RNA-seq,+,total RNA-seq,UBERON:0000056,ureter,tissue,adult,encode,single,False,0.1433965563774109,OutputType.RNA_SEQ,,,
172,UBERON:0000081 total RNA-seq,+,total RNA-seq,UBERON:0000081,metanephros,tissue,embryonic,encode,paired,False,0.06954433768987656,OutputType.RNA_SEQ,,,
173,UBERON:0000088 polyA plus RNA-seq,+,polyA plus RNA-seq,UBERON:0000088,trophoblast,tissue,embryonic,encode,paired,False,0.06895212084054947,OutputType.RNA_SEQ,,,
174,UBERON:0000305 polyA plus RNA-seq,+,polyA plus RNA-seq,UBERON:0000305,amnion,tissue,embryonic,encode,paired,False,0.05813951417803764,OutputType.RNA_SEQ,,,
175,UBERON:0000317 total RNA-seq,+,total RNA-seq,UBERON:0000317,colonic mucosa,tissue,adult,encode,single,False,0.23028472065925598,OutputType.RNA_SEQ,,,
176,UBERON:0000473 polyA plus RNA-seq,+,polyA plus RNA-seq,UBERON:0000473,testis,tissue,adult,encode,paired,False,0.1770746260881424,OutputType.RNA_SEQ,,,
177,UBERON:0000473 total RNA-seq,+,total RNA-seq,UBERON:0000473,testis,tissue,adult,encode,paired,False,0.05251283198595047,OutputType.RNA_SEQ,,,
178,UBERON:0000945 polyA plus RNA-seq,+,polyA plus RNA-seq,UBERON:0000945,stomach,tissue,adult,encode,paired,False,0.4686560034751892,OutputType.RNA_SEQ,,,
179,UBERON:0000945 total RNA-seq,+,total RNA-seq,UBERON:0000945,stomach,tissue,adult,encode,paired,False,0.21596461534500122,OutputType.RNA_SEQ,,,
180,UBERON:0000947 polyA plus RNA-seq,+,polyA plus RNA-seq,UBERON:0000947,aorta,tissue,adult,encode,paired,False,0.3552292287349701,OutputType.RNA_SEQ,,,
181,UBERON:0000947 total RNA-seq,+,total RNA-seq,UBERON:0000947,aorta,tissue,adult,encode,single,False,0.10199231654405594,OutputType.RNA_SEQ,,,
182,UBERON:0000948 polyA plus RNA-seq,+,polyA plus RNA-seq,UBERON:0000948,heart,tissue,adult,encode,paired,False,0.3406100273132324,OutputType.RNA_SEQ,,,
183,UBERON:0000948 total RNA-seq,+,total RNA-seq,UBERON:0000948,heart,tissue,adult,encode,paired,False,0.08766400068998337,OutputType.RNA_SEQ,,,
184,UBERON:0000955 polyA plus RNA-seq,+,polyA plus RNA-seq,UBERON:0000955,brain,tissue,adult,encode,paired,False,0.6184623837471008,OutputType.RNA_SEQ,,,
185,UBERON:0000992 polyA plus RNA-seq,+,polyA plus RNA-seq,UBERON:0000992,ovary,tissue,adult,encode,paired,False,0.12122903764247894,OutputType.RNA_SEQ,,,
186,UBERON:0000992 total RNA-seq,+,total RNA-seq,UBERON:0000992,ovary,tissue,adult,encode,paired,False,0.11545416712760925,OutputType.RNA_SEQ,,,
187,UBERON:0000995 total RNA-seq,+,total RNA-seq,UBERON:0000995,uterus,tissue,adult,encode,paired,False,0.36165136098861694,OutputType.RNA_SEQ,,,
188,UBERON:0000996 total RNA-seq,+,total RNA-seq,UBERON:0000996,vagina,tissue,adult,encode,paired,False,0.23906712234020233,OutputType.RNA_SEQ,,,
189,UBERON:0001013 polyA plus RNA-seq,+,polyA plus RNA-seq,UBERON:0001013,adipose tissue,tissue,adult,encode,paired,False,0.16599632799625397,OutputType.RNA_SEQ,,,
190,UBERON:0001043 polyA plus RNA-seq,+,polyA plus RNA-seq,UBERON:0001043,esophagus,tissue,adult,encode,paired,False,0.09775491803884506,OutputType.RNA_SEQ,,,
191,UBERON:0001072 total RNA-seq,+,total RNA-seq,UBERON:0001072,posterior vena cava,tissue,adult,encode,single,False,0.12246505171060562,OutputType.RNA_SEQ,,,
192,UBERON:0001114 total RNA-seq,+,total RNA-seq,UBERON:0001114,right lobe of liver,tissue,adult,encode,paired,False,0.1526584029197693,OutputType.RNA_SEQ,,,
193,UBERON:0001115 total RNA-seq,+,total RNA-seq,UBERON:0001115,left lobe of liver,tissue,adult,encode,single,False,0.2238539606332779,OutputType.RNA_SEQ,,,
194,UBERON:0001134 total RNA-seq,+,total RNA-seq,UBERON:0001134,skeletal muscle tissue,tissue,embryonic,encode,paired,False,0.10401706397533417,OutputType.RNA_SEQ,,,
195,UBERON:0001150 total RNA-seq,+,total RNA-seq,UBERON:0001150,body of pancreas,tissue,adult,encode,paired,False,0.14467252790927887,OutputType.RNA_SEQ,,,
196,UBERON:0001157 total RNA-seq,+,total RNA-seq,UBERON:0001157,transverse colon,tissue,adult,encode,paired,False,0.09727869927883148,OutputType.RNA_SEQ,,,
197,UBERON:0001159 polyA plus RNA-seq,+,polyA plus RNA-seq,UBERON:0001159,sigmoid colon,tissue,adult,encode,paired,False,0.3216996192932129,OutputType.RNA_SEQ,,,
198,UBERON:0001159 total RNA-seq,+,total RNA-seq,UBERON:0001159,sigmoid colon,tissue,adult,encode,paired,False,0.09938795119524002,OutputType.RNA_SEQ,,,
199,UBERON:0001211 total RNA-seq,+,total RNA-seq,UBERON:0001211,Peyer's patch,tissue,adult,encode,paired,False,0.10744151473045349,OutputType.RNA_SEQ,,,
200,UBERON:0001255 polyA plus RNA-seq,+,polyA plus RNA-seq,UBERON:0001255,urinary bladder,tissue,child,encode,paired,False,0.2732574939727783,OutputType.RNA_SEQ,,,
201,UBERON:0001255 total RNA-seq,+,total RNA-seq,UBERON:0001255,urinary bladder,tissue,embryonic,encode,paired,False,0.06832712143659592,OutputType.RNA_SEQ,,,
202,UBERON:0001264 polyA plus RNA-seq,+,polyA plus RNA-seq,UBERON:0001264,pancreas,tissue,adult,encode,paired,False,0.1047201007604599,OutputType.RNA_SEQ,,,
203,UBERON:0001264 total RNA-seq,+,total RNA-seq,UBERON:0001264,pancreas,tissue,adult,encode,single,False,0.10486374795436859,OutputType.RNA_SEQ,,,
204,UBERON:0001322 total RNA-seq,+,total RNA-seq,UBERON:0001322,sciatic nerve,tissue,adult,encode,single,False,0.12967179715633392,OutputType.RNA_SEQ,,,
205,UBERON:0001323 total RNA-seq,+,total RNA-seq,UBERON:0001323,tibial nerve,tissue,adult,encode,paired,False,0.1041068583726883,OutputType.RNA_SEQ,,,
206,UBERON:0001383 polyA plus RNA-seq,+,polyA plus RNA-seq,UBERON:0001383,muscle of leg,tissue,embryonic,encode,paired,False,0.09429461508989334,OutputType.RNA_SEQ,,,
207,UBERON:0001496 total RNA-seq,+,total RNA-seq,UBERON:0001496,ascending aorta,tissue,adult,encode,paired,False,0.8633086085319519,OutputType.RNA_SEQ,,,
208,UBERON:0001515 total RNA-seq,+,total RNA-seq,UBERON:0001515,thoracic aorta,tissue,adult,encode,paired,False,0.10150252282619476,OutputType.RNA_SEQ,,,
209,UBERON:0001723 total RNA-seq,+,total RNA-seq,UBERON:0001723,tongue,tissue,embryonic,encode,paired,False,0.13978645205497742,OutputType.RNA_SEQ,,,
210,UBERON:0001870 total RNA-seq,+,total RNA-seq,UBERON:0001870,frontal cortex,tissue,embryonic,encode,paired,False,0.08561448007822037,OutputType.RNA_SEQ,,,
211,UBERON:0001871 total RNA-seq,+,total RNA-seq,UBERON:0001871,temporal lobe,tissue,embryonic,encode,paired,False,0.09795684367418289,OutputType.RNA_SEQ,,,
212,UBERON:0001872 total RNA-seq,+,total RNA-seq,UBERON:0001872,parietal lobe,tissue,embryonic,encode,paired,False,0.06359224021434784,OutputType.RNA_SEQ,,,
213,UBERON:0001894 total RNA-seq,+,total RNA-seq,UBERON:0001894,diencephalon,tissue,embryonic,encode,paired,False,0.07281812280416489,OutputType.RNA_SEQ,,,
214,UBERON:0001987 polyA plus RNA-seq,+,polyA plus RNA-seq,UBERON:0001987,placenta,tissue,embryonic,encode,paired,False,0.1648215502500534,OutputType.RNA_SEQ,,,
215,UBERON:0001987 total RNA-seq,+,total RNA-seq,UBERON:0001987,placenta,tissue,embryonic,encode,single,False,0.0722145363688469,OutputType.RNA_SEQ,,,
216,UBERON:0002021 total RNA-seq,+,total RNA-seq,UBERON:0002021,occipital lobe,tissue,embryonic,encode,paired,False,0.07937046885490417,OutputType.RNA_SEQ,,,
217,UBERON:0002037 polyA plus RNA-seq,+,polyA plus RNA-seq,UBERON:0002037,cerebellum,tissue,embryonic,encode,paired,False,0.09561976045370102,OutputType.RNA_SEQ,,,
218,UBERON:0002037 total RNA-seq,+,total RNA-seq,UBERON:0002037,cerebellum,tissue,embryonic,encode,paired,False,0.04635050147771835,OutputType.RNA_SEQ,,,
219,UBERON:0002046 total RNA-seq,+,total RNA-seq,UBERON:0002046,thyroid gland,tissue,adult,encode,paired,False,0.07622677832841873,OutputType.RNA_SEQ,,,
220,UBERON:0002048 polyA plus RNA-seq,+,polyA plus RNA-seq,UBERON:0002048,lung,tissue,adult,encode,paired,False,0.11917171627283096,OutputType.RNA_SEQ,,,
221,UBERON:0002048 total RNA-seq,+,total RNA-seq,UBERON:0002048,lung,tissue,embryonic,encode,paired,False,0.08134463429450989,OutputType.RNA_SEQ,,,
222,UBERON:0002078 polyA plus RNA-seq,+,polyA plus RNA-seq,UBERON:0002078,right cardiac atrium,tissue,adult,encode,paired,False,0.10576710104942322,OutputType.RNA_SEQ,,,
223,UBERON:0002078 total RNA-seq,+,total RNA-seq,UBERON:0002078,right cardiac atrium,tissue,adult,encode,single,False,0.12184100598096848,OutputType.RNA_SEQ,,,
224,UBERON:0002079 total RNA-seq,+,total RNA-seq,UBERON:0002079,left cardiac atrium,tissue,adult,encode,single,False,0.15789535641670227,OutputType.RNA_SEQ,,,
225,UBERON:0002080 polyA plus RNA-seq,+,polyA plus RNA-seq,UBERON:0002080,heart right ventricle,tissue,adult,encode,paired,False,0.17129531502723694,OutputType.RNA_SEQ,,,
226,UBERON:0002080 total RNA-seq,+,total RNA-seq,UBERON:0002080,heart right ventricle,tissue,adult,encode,single,False,0.1052015945315361,OutputType.RNA_SEQ,,,
227,UBERON:0002084 polyA plus RNA-seq,+,polyA plus RNA-seq,UBERON:0002084,heart left ventricle,tissue,adult,encode,paired,False,0.13251028954982758,OutputType.RNA_SEQ,,,
228,UBERON:0002084 total RNA-seq,+,total RNA-seq,UBERON:0002084,heart left ventricle,tissue,adult,encode,paired,False,0.2699129581451416,OutputType.RNA_SEQ,,,
229,UBERON:0002097 total RNA-seq,+,total RNA-seq,UBERON:0002097,skin of body,tissue,embryonic,encode,paired,False,0.07668855786323547,OutputType.RNA_SEQ,,,
230,UBERON:0002099 total RNA-seq,+,total RNA-seq,UBERON:0002099,cardiac septum,tissue,adult,encode,single,False,0.200953409075737,OutputType.RNA_SEQ,,,
231,UBERON:0002106 polyA plus RNA-seq,+,polyA plus RNA-seq,UBERON:0002106,spleen,tissue,adult,encode,paired,False,0.12643910944461823,OutputType.RNA_SEQ,,,
232,UBERON:0002106 total RNA-seq,+,total RNA-seq,UBERON:0002106,spleen,tissue,adult,encode,paired,False,0.08943069726228714,OutputType.RNA_SEQ,,,
233,UBERON:0002107 polyA plus RNA-seq,+,polyA plus RNA-seq,UBERON:0002107,liver,tissue,child,encode,paired,False,0.37201911211013794,OutputType.RNA_SEQ,,,
234,UBERON:0002107 total RNA-seq,+,total RNA-seq,UBERON:0002107,liver,tissue,embryonic,encode,paired,False,0.1001405194401741,OutputType.RNA_SEQ,,,
235,UBERON:0002108 polyA plus RNA-seq,+,polyA plus RNA-seq,UBERON:0002108,small intestine,tissue,adult,encode,paired,False,0.5083299279212952,OutputType.RNA_SEQ,,,
236,UBERON:0002113 polyA plus RNA-seq,+,polyA plus RNA-seq,UBERON:0002113,kidney,tissue,adult,encode,paired,False,0.5964622497558594,OutputType.RNA_SEQ,,,
237,UBERON:0002113 total RNA-seq,+,total RNA-seq,UBERON:0002113,kidney,tissue,adult,encode,single,False,0.13756509125232697,OutputType.RNA_SEQ,,,
238,UBERON:0002168 total RNA-seq,+,total RNA-seq,UBERON:0002168,left lung,tissue,adult,encode,single,False,0.15085317194461823,OutputType.RNA_SEQ,,,
239,UBERON:0002170 total RNA-seq,+,total RNA-seq,UBERON:0002170,upper lobe of right lung,tissue,adult,encode,single,False,0.18277625739574432,OutputType.RNA_SEQ,,,
240,UBERON:0002171 total RNA-seq,+,total RNA-seq,UBERON:0002171,lower lobe of right lung,tissue,adult,encode,single,False,0.16713519394397736,OutputType.RNA_SEQ,,,
241,UBERON:0002190 total RNA-seq,+,total RNA-seq,UBERON:0002190,subcutaneous adipose tissue,tissue,adult,encode,paired,False,0.09430896490812302,OutputType.RNA_SEQ,,,
242,UBERON:0002240 polyA plus RNA-seq,+,polyA plus RNA-seq,UBERON:0002240,spinal cord,tissue,embryonic,encode,paired,False,0.08339249342679977,OutputType.RNA_SEQ,,,
243,UBERON:0002240 total RNA-seq,+,total RNA-seq,UBERON:0002240,spinal cord,tissue,embryonic,encode,paired,False,0.06603524088859558,OutputType.RNA_SEQ,,,
244,UBERON:0002331 total RNA-seq,+,total RNA-seq,UBERON:0002331,umbilical cord,tissue,embryonic,encode,paired,False,0.04299703985452652,OutputType.RNA_SEQ,,,
245,UBERON:0002367 total RNA-seq,+,total RNA-seq,UBERON:0002367,prostate gland,tissue,adult,encode,paired,False,0.13585683703422546,OutputType.RNA_SEQ,,,
246,UBERON:0002369 polyA plus RNA-seq,+,polyA plus RNA-seq,UBERON:0002369,adrenal gland,tissue,adult,encode,paired,False,0.10644026100635529,OutputType.RNA_SEQ,,,
247,UBERON:0002369 total RNA-seq,+,total RNA-seq,UBERON:0002369,adrenal gland,tissue,adult,encode,paired,False,0.09952406585216522,OutputType.RNA_SEQ,,,
248,UBERON:0002370 polyA plus RNA-seq,+,polyA plus RNA-seq,UBERON:0002370,thymus,tissue,embryonic,encode,paired,False,0.13122648000717163,OutputType.RNA_SEQ,,,
249,UBERON:0002469 total RNA-seq,+,total RNA-seq,UBERON:0002469,esophagus mucosa,tissue,adult,encode,single,False,0.2322499006986618,OutputType.RNA_SEQ,,,
250,UBERON:0003124 polyA plus RNA-seq,+,polyA plus RNA-seq,UBERON:0003124,chorion,tissue,embryonic,encode,paired,False,0.08912248909473419,OutputType.RNA_SEQ,,,
251,UBERON:0004264 total RNA-seq,+,total RNA-seq,UBERON:0004264,lower leg skin,tissue,adult,encode,paired,False,0.12619370222091675,OutputType.RNA_SEQ,,,
252,UBERON:0004550 total RNA-seq,+,total RNA-seq,UBERON:0004550,gastroesophageal sphincter,tissue,adult,encode,paired,False,0.09521754086017609,OutputType.RNA_SEQ,,,
253,UBERON:0004648 total RNA-seq,+,total RNA-seq,UBERON:0004648,esophagus muscularis mucosa,tissue,adult,encode,paired,False,0.1068030372262001,OutputType.RNA_SEQ,,,
254,UBERON:0004992 total RNA-seq,+,total RNA-seq,UBERON:0004992,mucosa of descending colon,tissue,adult,encode,single,False,0.10411433130502701,OutputType.RNA_SEQ,,,
255,UBERON:0005033 total RNA-seq,+,total RNA-seq,UBERON:0005033,mucosa of gallbladder,tissue,child,encode,single,False,0.1606866717338562,OutputType.RNA_SEQ,,,
256,UBERON:0006631 total RNA-seq,+,total RNA-seq,UBERON:0006631,right atrium auricular region,tissue,adult,encode,paired,False,0.196689173579216,OutputType.RNA_SEQ,,,
257,UBERON:0006920 total RNA-seq,+,total RNA-seq,UBERON:0006920,esophagus squamous epithelium,tissue,adult,encode,paired,False,0.09920122474431992,OutputType.RNA_SEQ,,,
258,UBERON:0007106 polyA plus RNA-seq,+,polyA plus RNA-seq,UBERON:0007106,chorionic villus,tissue,embryonic,encode,paired,False,0.06965987384319305,OutputType.RNA_SEQ,,,
259,UBERON:0008367 total RNA-seq,+,total RNA-seq,UBERON:0008367,breast epithelium,tissue,adult,encode,paired,False,0.07852068543434143,OutputType.RNA_SEQ,,,
260,UBERON:0008450 polyA plus RNA-seq,+,polyA plus RNA-seq,UBERON:0008450,psoas muscle,tissue,adult,encode,paired,False,0.14193594455718994,OutputType.RNA_SEQ,,,
261,UBERON:0008450 total RNA-seq,+,total RNA-seq,UBERON:0008450,psoas muscle,tissue,adult,encode,single,False,0.19859784841537476,OutputType.RNA_SEQ,,,
262,UBERON:0008952 total RNA-seq,+,total RNA-seq,UBERON:0008952,upper lobe of left lung,tissue,adult,encode,paired,False,0.0914291962981224,OutputType.RNA_SEQ,,,
263,UBERON:0008953 total RNA-seq,+,total RNA-seq,UBERON:0008953,lower lobe of left lung,tissue,adult,encode,single,False,0.10869968682527542,OutputType.RNA_SEQ,,,
264,UBERON:0008971 total RNA-seq,+,total RNA-seq,UBERON:0008971,left colon,tissue,adult,encode,single,False,0.1311025470495224,OutputType.RNA_SEQ,,,
265,UBERON:0009834 total RNA-seq,+,total RNA-seq,UBERON:0009834,dorsolateral prefrontal cortex,tissue,adult,encode,single,False,0.03440511226654053,OutputType.RNA_SEQ,,,
266,UBERON:0010414 total RNA-seq,+,total RNA-seq,UBERON:0010414,omental fat pad,tissue,adult,encode,paired,False,0.08247236907482147,OutputType.RNA_SEQ,,,
267,UBERON:0011907 total RNA-seq,+,total RNA-seq,UBERON:0011907,gastrocnemius medialis,tissue,adult,encode,paired,False,0.14263799786567688,OutputType.RNA_SEQ,,,
268,UBERON:0015143 total RNA-seq,+,total RNA-seq,UBERON:0015143,mesenteric fat pad,tissue,adult,encode,single,False,0.17646285891532898,OutputType.RNA_SEQ,,,
269,UBERON:0036149 total RNA-seq,+,total RNA-seq,UBERON:0036149,suprapubic skin,tissue,adult,encode,paired,False,0.10089779645204544,OutputType.RNA_SEQ,,,
270,UBERON:1000010 polyA plus RNA-seq,+,polyA plus RNA-seq,UBERON:1000010,mole,tissue,unknown,encode,paired,False,0.14376847445964813,OutputType.RNA_SEQ,,,
271,CL:0000047 polyA plus RNA-seq,-,polyA plus RNA-seq,CL:0000047,neuronal stem cell,in_vitro_differentiated_cells,embryonic,encode,paired,False,0.14361684024333954,OutputType.RNA_SEQ,,,
272,CL:0000062 total RNA-seq,-,total RNA-seq,CL:0000062,osteoblast,primary_cell,adult,encode,paired,False,0.09414368867874146,OutputType.RNA_SEQ,,,
273,CL:0000084 polyA plus RNA-seq,-,polyA plus RNA-seq,CL:0000084,T-cell,primary_cell,adult,encode,paired,False,0.1242961511015892,OutputType.RNA_SEQ,,,
274,CL:0000084 total RNA-seq,-,total RNA-seq,CL:0000084,T-cell,primary_cell,adult,encode,single,False,0.1009339839220047,OutputType.RNA_SEQ,,,
275,CL:0000115 total RNA-seq,-,total RNA-seq,CL:0000115,endothelial cell,in_vitro_differentiated_cells,adult,encode,single,False,0.13555292785167694,OutputType.RNA_SEQ,,,
276,CL:0000127 total RNA-seq,-,total RNA-seq,CL:0000127,astrocyte,primary_cell,unknown,encode,paired,False,0.8591042757034302,OutputType.RNA_SEQ,,,
277,CL:0000134 polyA plus RNA-seq,-,polyA plus RNA-seq,CL:0000134,mesenchymal stem cell,in_vitro_differentiated_cells,embryonic,encode,paired,False,0.24195873737335205,OutputType.RNA_SEQ,,,
278,CL:0000137 total RNA-seq,-,total RNA-seq,CL:0000137,osteocyte,in_vitro_differentiated_cells,embryonic,encode,single,False,0.15089336037635803,OutputType.RNA_SEQ,,,
279,CL:0000138 total RNA-seq,-,total RNA-seq,CL:0000138,chondrocyte,in_vitro_differentiated_cells,embryonic,encode,single,False,0.14311158657073975,OutputType.RNA_SEQ,,,
280,CL:0000169 total RNA-seq,-,total RNA-seq,CL:0000169,type B pancreatic cell,in_vitro_differentiated_cells,embryonic,encode,single,False,0.1288493126630783,OutputType.RNA_SEQ,,,
281,CL:0000182 total RNA-seq,-,total RNA-seq,CL:0000182,hepatocyte,in_vitro_differentiated_cells,embryonic,encode,paired,False,0.11700818687677383,OutputType.RNA_SEQ,,,
282,CL:0000187 total RNA-seq,-,total RNA-seq,CL:0000187,myocyte,in_vitro_differentiated_cells,adult,encode,paired,False,0.16801898181438446,OutputType.RNA_SEQ,,,
283,CL:0000192 total RNA-seq,-,total RNA-seq,CL:0000192,smooth muscle cell,in_vitro_differentiated_cells,embryonic,encode,paired,False,0.17651152610778809,OutputType.RNA_SEQ,,,
284,CL:0000221 polyA plus RNA-seq,-,polyA plus RNA-seq,CL:0000221,ectodermal cell,in_vitro_differentiated_cells,embryonic,encode,paired,False,0.12823955714702606,OutputType.RNA_SEQ,,,
285,CL:0000222 polyA plus RNA-seq,-,polyA plus RNA-seq,CL:0000222,mesodermal cell,in_vitro_differentiated_cells,embryonic,encode,paired,False,0.2540099322795868,OutputType.RNA_SEQ,,,
286,CL:0000223 polyA plus RNA-seq,-,polyA plus RNA-seq,CL:0000223,endodermal cell,in_vitro_differentiated_cells,embryonic,encode,paired,False,0.18341697752475739,OutputType.RNA_SEQ,,,
287,CL:0000223 total RNA-seq,-,total RNA-seq,CL:0000223,endodermal cell,in_vitro_differentiated_cells,embryonic,encode,single,False,0.0849326029419899,OutputType.RNA_SEQ,,,
288,CL:0000236 polyA plus RNA-seq,-,polyA plus RNA-seq,CL:0000236,B cell,primary_cell,adult,encode,paired,False,0.1000189334154129,OutputType.RNA_SEQ,,,
289,CL:0000236 total RNA-seq,-,total RNA-seq,CL:0000236,B cell,primary_cell,adult,encode,single,False,0.12873651087284088,OutputType.RNA_SEQ,,,
290,CL:0000307 total RNA-seq,-,total RNA-seq,CL:0000307,tracheal epithelial cell,primary_cell,adult,encode,paired,False,0.24377675354480743,OutputType.RNA_SEQ,,,
291,CL:0000312 polyA plus RNA-seq,-,polyA plus RNA-seq,CL:0000312,keratinocyte,primary_cell,unknown,encode,paired,False,0.15834681689739227,OutputType.RNA_SEQ,,,
292,CL:0000346 total RNA-seq,-,total RNA-seq,CL:0000346,hair follicle dermal papilla cell,primary_cell,adult,encode,paired,False,0.10018045455217361,OutputType.RNA_SEQ,,,
293,CL:0000351 polyA plus RNA-seq,-,polyA plus RNA-seq,CL:0000351,trophoblast cell,in_vitro_differentiated_cells,embryonic,encode,paired,False,0.15624946355819702,OutputType.RNA_SEQ,,,
294,CL:0000515 polyA plus RNA-seq,-,polyA plus RNA-seq,CL:0000515,skeletal muscle myoblast,primary_cell,unknown,encode,paired,False,0.23633140325546265,OutputType.RNA_SEQ,,,
295,CL:0000515 total RNA-seq,-,total RNA-seq,CL:0000515,skeletal muscle myoblast,primary_cell,unknown,encode,paired,False,0.21440713107585907,OutputType.RNA_SEQ,,,
296,CL:0000594 total RNA-seq,-,total RNA-seq,CL:0000594,skeletal muscle satellite cell,primary_cell,adult,encode,paired,False,0.15152136981487274,OutputType.RNA_SEQ,,,
297,CL:0000623 polyA plus RNA-seq,-,polyA plus RNA-seq,CL:0000623,natural killer cell,primary_cell,adult,encode,paired,False,0.09810050576925278,OutputType.RNA_SEQ,,,
298,CL:0000623 total RNA-seq,-,total RNA-seq,CL:0000623,natural killer cell,primary_cell,adult,encode,single,False,0.09643229097127914,OutputType.RNA_SEQ,,,
299,CL:0000624 total RNA-seq,-,total RNA-seq,CL:0000624,"CD4-positive, alpha-beta T cell",primary_cell,adult,encode,single,False,0.16961726546287537,OutputType.RNA_SEQ,,,
300,CL:0000625 total RNA-seq,-,total RNA-seq,CL:0000625,"CD8-positive, alpha-beta T cell",primary_cell,adult,encode,single,False,0.1872248351573944,OutputType.RNA_SEQ,,,
301,CL:0000650 total RNA-seq,-,total RNA-seq,CL:0000650,mesangial cell,primary_cell,"unknown,embryonic",encode,paired,False,0.22799433767795563,OutputType.RNA_SEQ,,,
302,CL:0000679 total RNA-seq,-,total RNA-seq,CL:0000679,glutamatergic neuron,in_vitro_differentiated_cells,adult,encode,single,False,0.12083250284194946,OutputType.RNA_SEQ,,,
303,CL:0000746 total RNA-seq,-,total RNA-seq,CL:0000746,cardiac muscle cell,in_vitro_differentiated_cells,embryonic,encode,paired,False,0.12043581157922745,OutputType.RNA_SEQ,,,
304,CL:0000792 total RNA-seq,-,total RNA-seq,CL:0000792,"CD4-positive, CD25-positive, alpha-beta regulatory T cell",primary_cell,adult,encode,single,False,0.2166270911693573,OutputType.RNA_SEQ,,,
305,CL:0000837 total RNA-seq,-,total RNA-seq,CL:0000837,hematopoietic multipotent progenitor cell,in_vitro_differentiated_cells,unknown,encode,paired,False,0.08746447414159775,OutputType.RNA_SEQ,,,
306,CL:0000842 total RNA-seq,-,total RNA-seq,CL:0000842,mononuclear cell,primary_cell,adult,encode,paired,False,0.11518890410661697,OutputType.RNA_SEQ,,,
307,CL:0000895 total RNA-seq,-,total RNA-seq,CL:0000895,"naive thymus-derived CD4-positive, alpha-beta T cell",primary_cell,adult,encode,single,False,0.10208984464406967,OutputType.RNA_SEQ,,,
308,CL:0000897 total RNA-seq,-,total RNA-seq,CL:0000897,"CD4-positive, alpha-beta memory T cell",primary_cell,adult,encode,single,False,0.14780637621879578,OutputType.RNA_SEQ,,,
309,CL:0000899 total RNA-seq,-,total RNA-seq,CL:0000899,T-helper 17 cell,primary_cell,adult,encode,single,False,0.15964914858341217,OutputType.RNA_SEQ,,,
310,CL:0000900 total RNA-seq,-,total RNA-seq,CL:0000900,"naive thymus-derived CD8-positive, alpha-beta T cell",primary_cell,adult,encode,single,False,0.15224876999855042,OutputType.RNA_SEQ,,,
311,CL:0000909 total RNA-seq,-,total RNA-seq,CL:0000909,"CD8-positive, alpha-beta memory T cell",primary_cell,adult,encode,single,False,0.1914062649011612,OutputType.RNA_SEQ,,,
312,CL:0001054 polyA plus RNA-seq,-,polyA plus RNA-seq,CL:0001054,CD14-positive monocyte,primary_cell,adult,encode,paired,False,0.13608932495117188,OutputType.RNA_SEQ,,,
313,CL:0002098 total RNA-seq,-,total RNA-seq,CL:0002098,regular cardiac myocyte,primary_cell,adult,encode,paired,False,0.12369280308485031,OutputType.RNA_SEQ,,,
314,CL:0002188 total RNA-seq,-,total RNA-seq,CL:0002188,glomerular endothelial cell,primary_cell,embryonic,encode,paired,False,0.15931491553783417,OutputType.RNA_SEQ,,,
315,CL:0002306 total RNA-seq,-,total RNA-seq,CL:0002306,epithelial cell of proximal tubule,primary_cell,unknown,encode,paired,False,0.3053675889968872,OutputType.RNA_SEQ,,,
316,CL:0002319 polyA plus RNA-seq,-,polyA plus RNA-seq,CL:0002319,neural cell,in_vitro_differentiated_cells,embryonic,encode,paired,False,0.3370579481124878,OutputType.RNA_SEQ,,,
317,CL:0002324 polyA plus RNA-seq,-,polyA plus RNA-seq,CL:0002324,myoepithelial cell of mammary gland,primary_cell,adult,encode,paired,False,0.11617916077375412,OutputType.RNA_SEQ,,,
318,CL:0002326 polyA plus RNA-seq,-,polyA plus RNA-seq,CL:0002326,luminal epithelial cell of mammary gland,primary_cell,adult,encode,paired,False,0.10454441606998444,OutputType.RNA_SEQ,,,
319,CL:0002327 polyA plus RNA-seq,-,polyA plus RNA-seq,CL:0002327,mammary epithelial cell,primary_cell,adult,encode,paired,False,0.1524529904127121,OutputType.RNA_SEQ,,,
320,CL:0002327 total RNA-seq,-,total RNA-seq,CL:0002327,mammary epithelial cell,primary_cell,adult,encode,paired,False,0.12234798818826675,OutputType.RNA_SEQ,,,
321,CL:0002328 total RNA-seq,-,total RNA-seq,CL:0002328,bronchial epithelial cell,primary_cell,adult,encode,paired,False,0.11330371350049973,OutputType.RNA_SEQ,,,
322,CL:0002351 total RNA-seq,-,total RNA-seq,CL:0002351,progenitor cell of endocrine pancreas,in_vitro_differentiated_cells,embryonic,encode,single,False,0.11136709153652191,OutputType.RNA_SEQ,,,
323,CL:0002366 total RNA-seq,-,total RNA-seq,CL:0002366,myometrial cell,primary_cell,adult,encode,paired,False,0.6166583299636841,OutputType.RNA_SEQ,,,
324,CL:0002368 total RNA-seq,-,total RNA-seq,CL:0002368,airway epithelial cell,primary_cell,unknown,encode,paired,False,0.26418039202690125,OutputType.RNA_SEQ,,,
325,CL:0002372 total RNA-seq,-,total RNA-seq,CL:0002372,myotube,in_vitro_differentiated_cells,unknown,encode,paired,False,0.27930885553359985,OutputType.RNA_SEQ,,,
326,CL:0002451 polyA plus RNA-seq,-,polyA plus RNA-seq,CL:0002451,mammary stem cell,primary_cell,adult,encode,paired,False,0.10450329631567001,OutputType.RNA_SEQ,,,
327,CL:0002518 total RNA-seq,-,total RNA-seq,CL:0002518,kidney epithelial cell,primary_cell,"embryonic,newborn",encode,paired,False,0.21991325914859772,OutputType.RNA_SEQ,,,
328,CL:0002539 total RNA-seq,-,total RNA-seq,CL:0002539,aortic smooth muscle cell,primary_cell,adult,encode,paired,False,0.09520107507705688,OutputType.RNA_SEQ,,,
329,CL:0002540 total RNA-seq,-,total RNA-seq,CL:0002540,mesenchymal stem cell of the bone marrow,primary_cell,adult,encode,paired,False,0.08873797953128815,OutputType.RNA_SEQ,,,
330,CL:0002543 total RNA-seq,-,total RNA-seq,CL:0002543,vein endothelial cell,primary_cell,adult,encode,paired,False,0.10826694965362549,OutputType.RNA_SEQ,,,
331,CL:0002545 total RNA-seq,-,total RNA-seq,CL:0002545,thoracic aorta endothelial cell,primary_cell,adult,encode,paired,False,0.09417527914047241,OutputType.RNA_SEQ,,,
332,CL:0002547 total RNA-seq,-,total RNA-seq,CL:0002547,fibroblast of the aortic adventitia,primary_cell,adult,encode,paired,False,0.09536469727754593,OutputType.RNA_SEQ,,,
333,CL:0002551 total RNA-seq,-,total RNA-seq,CL:0002551,fibroblast of dermis,primary_cell,adult,encode,paired,False,0.08617620915174484,OutputType.RNA_SEQ,,,
334,CL:0002553 polyA plus RNA-seq,-,polyA plus RNA-seq,CL:0002553,fibroblast of lung,primary_cell,adult,encode,paired,False,0.24327409267425537,OutputType.RNA_SEQ,,,
335,CL:0002553 total RNA-seq,-,total RNA-seq,CL:0002553,fibroblast of lung,primary_cell,adult,encode,paired,False,0.09721297770738602,OutputType.RNA_SEQ,,,
336,CL:0002558 total RNA-seq,-,total RNA-seq,CL:0002558,fibroblast of villous mesenchyme,primary_cell,newborn,encode,paired,False,0.09518136084079742,OutputType.RNA_SEQ,,,
337,CL:0002568 total RNA-seq,-,total RNA-seq,CL:0002568,mesenchymal stem cell of Wharton's jelly,primary_cell,newborn,encode,paired,False,0.0961650162935257,OutputType.RNA_SEQ,,,
338,CL:0002570 total RNA-seq,-,total RNA-seq,CL:0002570,mesenchymal stem cell of adipose,primary_cell,adult,encode,paired,False,0.09018003195524216,OutputType.RNA_SEQ,,,
339,CL:0002577 total RNA-seq,-,total RNA-seq,CL:0002577,placental epithelial cell,primary_cell,newborn,encode,paired,False,0.11396694928407669,OutputType.RNA_SEQ,,,
340,CL:0002583 total RNA-seq,-,total RNA-seq,CL:0002583,subcutaneous preadipocyte,primary_cell,adult,encode,paired,False,0.10257883369922638,OutputType.RNA_SEQ,,,
341,CL:0002584 total RNA-seq,-,total RNA-seq,CL:0002584,renal cortical epithelial cell,primary_cell,adult,encode,paired,False,0.10081365704536438,OutputType.RNA_SEQ,,,
342,CL:0002591 total RNA-seq,-,total RNA-seq,CL:0002591,smooth muscle cell of the pulmonary artery,primary_cell,adult,encode,paired,False,0.09092094004154205,OutputType.RNA_SEQ,,,
343,CL:0002592 total RNA-seq,-,total RNA-seq,CL:0002592,smooth muscle cell of the coronary artery,primary_cell,adult,encode,paired,False,0.12711140513420105,OutputType.RNA_SEQ,,,
344,CL:0002594 total RNA-seq,-,total RNA-seq,CL:0002594,smooth muscle cell of the umbilical artery,primary_cell,newborn,encode,paired,False,0.10356000065803528,OutputType.RNA_SEQ,,,
345,CL:0002597 total RNA-seq,-,total RNA-seq,CL:0002597,smooth muscle cell of bladder,primary_cell,adult,encode,paired,False,0.09343661367893219,OutputType.RNA_SEQ,,,
346,CL:0002598 total RNA-seq,-,total RNA-seq,CL:0002598,bronchial smooth muscle cell,primary_cell,adult,encode,paired,False,0.10710306465625763,OutputType.RNA_SEQ,,,
347,CL:0002600 total RNA-seq,-,total RNA-seq,CL:0002600,smooth muscle cell of trachea,primary_cell,adult,encode,paired,False,0.11234711110591888,OutputType.RNA_SEQ,,,
348,CL:0002601 total RNA-seq,-,total RNA-seq,CL:0002601,uterine smooth muscle cell,primary_cell,adult,encode,paired,False,0.09602709114551544,OutputType.RNA_SEQ,,,
349,CL:0002618 polyA plus RNA-seq,-,polyA plus RNA-seq,CL:0002618,endothelial cell of umbilical vein,primary_cell,newborn,encode,paired,False,0.189997598528862,OutputType.RNA_SEQ,,,
350,CL:0002618 total RNA-seq,-,total RNA-seq,CL:0002618,endothelial cell of umbilical vein,primary_cell,newborn,encode,single,False,0.15063536167144775,OutputType.RNA_SEQ,,,
351,CL:0010002 total RNA-seq,-,total RNA-seq,CL:0010002,epithelial cell of umbilical artery,primary_cell,newborn,encode,paired,False,0.15703600645065308,OutputType.RNA_SEQ,,,
352,CL:0010003 total RNA-seq,-,total RNA-seq,CL:0010003,epithelial cell of alveolus of lung,primary_cell,"unknown,embryonic",encode,paired,False,0.24646669626235962,OutputType.RNA_SEQ,,,
353,CL:0011012 total RNA-seq,-,total RNA-seq,CL:0011012,neural crest cell,in_vitro_differentiated_cells,embryonic,encode,single,False,0.13397547602653503,OutputType.RNA_SEQ,,,
354,CL:0011019 total RNA-seq,-,total RNA-seq,CL:0011019,mesothelial cell of epicardium,in_vitro_differentiated_cells,embryonic,encode,single,False,0.08205718547105789,OutputType.RNA_SEQ,,,
355,CL:0011020 total RNA-seq,-,total RNA-seq,CL:0011020,neural progenitor cell,in_vitro_differentiated_cells,embryonic,encode,paired,False,0.11665403842926025,OutputType.RNA_SEQ,,,
356,CL:1000458 total RNA-seq,-,total RNA-seq,CL:1000458,melanocyte of skin,primary_cell,adult,encode,paired,False,0.11369024962186813,OutputType.RNA_SEQ,,,
357,CL:1001568 total RNA-seq,-,total RNA-seq,CL:1001568,pulmonary artery endothelial cell,primary_cell,adult,encode,paired,False,0.11397112160921097,OutputType.RNA_SEQ,,,
358,CL:1001606 polyA plus RNA-seq,-,polyA plus RNA-seq,CL:1001606,foreskin keratinocyte,primary_cell,newborn,encode,paired,False,0.1255163997411728,OutputType.RNA_SEQ,,,
359,CL:1001606 total RNA-seq,-,total RNA-seq,CL:1001606,foreskin keratinocyte,primary_cell,newborn,encode,paired,False,0.14636552333831787,OutputType.RNA_SEQ,,,
360,CL:1001608 polyA plus RNA-seq,-,polyA plus RNA-seq,CL:1001608,foreskin fibroblast,primary_cell,newborn,encode,paired,False,0.1319681853055954,OutputType.RNA_SEQ,,,
361,CL:2000001 polyA plus RNA-seq,-,polyA plus RNA-seq,CL:2000001,peripheral blood mononuclear cell,primary_cell,adult,encode,paired,False,0.1745203137397766,OutputType.RNA_SEQ,,,
362,CL:2000007 total RNA-seq,-,total RNA-seq,CL:2000007,articular chondrocyte of knee joint,primary_cell,adult,encode,paired,False,0.08014936000108719,OutputType.RNA_SEQ,,,
363,CL:2000010 total RNA-seq,-,total RNA-seq,CL:2000010,dermis blood vessel endothelial cell,primary_cell,child,encode,paired,False,0.13320288062095642,OutputType.RNA_SEQ,,,
364,CL:2000011 total RNA-seq,-,total RNA-seq,CL:2000011,dermis lymphatic vessel endothelial cell,primary_cell,"child,adult",encode,paired,False,0.11345934867858887,OutputType.RNA_SEQ,,,
365,CL:2000016 total RNA-seq,-,total RNA-seq,CL:2000016,lung microvascular endothelial cell,primary_cell,adult,encode,paired,False,0.126098170876503,OutputType.RNA_SEQ,,,
366,CL:2000018 total RNA-seq,-,total RNA-seq,CL:2000018,endothelial cell of coronary artery,primary_cell,adult,encode,paired,False,0.10375294089317322,OutputType.RNA_SEQ,,,
367,CL:2000040 total RNA-seq,-,total RNA-seq,CL:2000040,bladder microvascular endothelial cell,primary_cell,adult,encode,paired,False,0.10876604169607162,OutputType.RNA_SEQ,,,
368,CL:2000041 total RNA-seq,-,total RNA-seq,CL:2000041,dermis microvascular lymphatic vessel endothelial cell,primary_cell,adult,encode,paired,False,0.11738797277212143,OutputType.RNA_SEQ,,,
369,CL:2000045 polyA plus RNA-seq,-,polyA plus RNA-seq,CL:2000045,foreskin melanocyte,primary_cell,newborn,encode,paired,False,0.10135364532470703,OutputType.RNA_SEQ,,,
370,CL:2000066 total RNA-seq,-,total RNA-seq,CL:2000066,cardiac ventricle fibroblast,primary_cell,"adult,unknown",encode,paired,False,0.23313458263874054,OutputType.RNA_SEQ,,,
371,CL:2000067 total RNA-seq,-,total RNA-seq,CL:2000067,cardiac atrium fibroblast,primary_cell,child,encode,paired,False,0.45500898361206055,OutputType.RNA_SEQ,,,
372,CL:2000068 total RNA-seq,-,total RNA-seq,CL:2000068,pericardium fibroblast,primary_cell,"embryonic,unknown",encode,paired,False,0.4414302408695221,OutputType.RNA_SEQ,,,
373,CL:2000071 total RNA-seq,-,total RNA-seq,CL:2000071,mammary microvascular endothelial cell,primary_cell,adult,encode,paired,False,0.31211143732070923,OutputType.RNA_SEQ,,,
374,CL:2000078 total RNA-seq,-,total RNA-seq,CL:2000078,placental pericyte,primary_cell,newborn,encode,paired,False,0.10321545600891113,OutputType.RNA_SEQ,,,
375,CL:2000092 total RNA-seq,-,total RNA-seq,CL:2000092,hair follicular keratinocyte,primary_cell,adult,encode,paired,False,0.3467121720314026,OutputType.RNA_SEQ,,,
376,CL:2000093 total RNA-seq,-,total RNA-seq,CL:2000093,bronchus fibroblast of lung,primary_cell,unknown,encode,paired,False,0.34249013662338257,OutputType.RNA_SEQ,,,
377,CL:2000094 total RNA-seq,-,total RNA-seq,CL:2000094,nasal cavity respiratory epithelium epithelial cell of viscerocranial mucosa,primary_cell,adult,encode,paired,False,0.09655441343784332,OutputType.RNA_SEQ,,,
378,EFO:0001086 polyA plus RNA-seq,-,polyA plus RNA-seq,EFO:0001086,A549,cell_line,adult,encode,paired,False,0.12940572202205658,OutputType.RNA_SEQ,,,
379,EFO:0001099 total RNA-seq,-,total RNA-seq,EFO:0001099,Caco-2,cell_line,adult,encode,single,False,0.14284469187259674,OutputType.RNA_SEQ,,,
380,EFO:0001187 polyA plus RNA-seq,-,polyA plus RNA-seq,EFO:0001187,HepG2,cell_line,child,encode,paired,False,0.17039045691490173,OutputType.RNA_SEQ,,,
381,EFO:0001187 total RNA-seq,-,total RNA-seq,EFO:0001187,HepG2,cell_line,child,encode,paired,False,0.1829448640346527,OutputType.RNA_SEQ,,,
382,EFO:0001193 total RNA-seq,-,total RNA-seq,EFO:0001193,HT-29,cell_line,adult,encode,paired,False,0.21550512313842773,OutputType.RNA_SEQ,,,
383,EFO:0001196 polyA plus RNA-seq,-,polyA plus RNA-seq,EFO:0001196,IMR-90,cell_line,embryonic,encode,paired,False,0.20879118144512177,OutputType.RNA_SEQ,,,
384,EFO:0001196 total RNA-seq,-,total RNA-seq,EFO:0001196,IMR-90,cell_line,embryonic,encode,paired,False,0.11308588832616806,OutputType.RNA_SEQ,,,
385,EFO:0001200 total RNA-seq,-,total RNA-seq,EFO:0001200,MCF 10A,cell_line,adult,encode,single,False,0.16067937016487122,OutputType.RNA_SEQ,,,
386,EFO:0001203 polyA plus RNA-seq,-,polyA plus RNA-seq,EFO:0001203,MCF-7,cell_line,adult,encode,paired,False,0.12140543013811111,OutputType.RNA_SEQ,,,
387,EFO:0001203 total RNA-seq,-,total RNA-seq,EFO:0001203,MCF-7,cell_line,adult,encode,single,False,0.19371487200260162,OutputType.RNA_SEQ,,,
388,EFO:0002059 polyA plus RNA-seq,-,polyA plus RNA-seq,EFO:0002059,HT1080,cell_line,adult,encode,paired,False,0.17536093294620514,OutputType.RNA_SEQ,,,
389,EFO:0002059 total RNA-seq,-,total RNA-seq,EFO:0002059,HT1080,cell_line,adult,encode,paired,False,0.26604166626930237,OutputType.RNA_SEQ,,,
390,EFO:0002067 polyA plus RNA-seq,-,polyA plus RNA-seq,EFO:0002067,K562,cell_line,adult,encode,paired,False,0.12911121547222137,OutputType.RNA_SEQ,,,
391,EFO:0002067 total RNA-seq,-,total RNA-seq,EFO:0002067,K562,cell_line,adult,encode,paired,False,0.09864901006221771,OutputType.RNA_SEQ,,,
392,EFO:0002074 total RNA-seq,-,total RNA-seq,EFO:0002074,PC-3,cell_line,adult,encode,paired,False,0.19547946751117706,OutputType.RNA_SEQ,,,
393,EFO:0002101 total RNA-seq,-,total RNA-seq,EFO:0002101,A172,cell_line,adult,encode,paired,False,0.28052324056625366,OutputType.RNA_SEQ,,,
394,EFO:0002103 total RNA-seq,-,total RNA-seq,EFO:0002103,A375,cell_line,adult,encode,paired,False,0.15175825357437134,OutputType.RNA_SEQ,,,
395,EFO:0002106 total RNA-seq,-,total RNA-seq,EFO:0002106,A673,cell_line,child,encode,single,False,0.13962921500205994,OutputType.RNA_SEQ,,,
396,EFO:0002150 total RNA-seq,-,total RNA-seq,EFO:0002150,Caki2,cell_line,adult,encode,paired,False,0.9990426301956177,OutputType.RNA_SEQ,,,
397,EFO:0002179 total RNA-seq,-,total RNA-seq,EFO:0002179,G401,cell_line,child,encode,paired,False,0.5957048535346985,OutputType.RNA_SEQ,,,
398,EFO:0002184 total RNA-seq,-,total RNA-seq,EFO:0002184,H4,cell_line,adult,encode,paired,False,0.5086643099784851,OutputType.RNA_SEQ,,,
399,EFO:0002234 total RNA-seq,-,total RNA-seq,EFO:0002234,MG63,cell_line,child,encode,paired,False,0.769120454788208,OutputType.RNA_SEQ,,,
400,EFO:0002330 total RNA-seq,-,total RNA-seq,EFO:0002330,SJSA1,cell_line,adult,encode,paired,False,0.21904774010181427,OutputType.RNA_SEQ,,,
401,EFO:0002713 total RNA-seq,-,total RNA-seq,EFO:0002713,Panc1,cell_line,adult,encode,single,False,0.23880760371685028,OutputType.RNA_SEQ,,,
402,EFO:0002779 polyA plus RNA-seq,-,polyA plus RNA-seq,EFO:0002779,BJ,cell_line,newborn,encode,paired,False,0.21585357189178467,OutputType.RNA_SEQ,,,
403,EFO:0002784 polyA plus RNA-seq,-,polyA plus RNA-seq,EFO:0002784,GM12878,cell_line,adult,encode,paired,False,0.10530221462249756,OutputType.RNA_SEQ,,,
404,EFO:0002784 total RNA-seq,-,total RNA-seq,EFO:0002784,GM12878,cell_line,adult,encode,paired,False,0.1013726070523262,OutputType.RNA_SEQ,,,
405,EFO:0002791 polyA plus RNA-seq,-,polyA plus RNA-seq,EFO:0002791,HeLa-S3,cell_line,adult,encode,paired,False,0.15916843712329865,OutputType.RNA_SEQ,,,
406,EFO:0002819 total RNA-seq,-,total RNA-seq,EFO:0002819,Calu3,cell_line,adult,encode,single,False,0.136725053191185,OutputType.RNA_SEQ,,,
407,EFO:0002824 total RNA-seq,-,total RNA-seq,EFO:0002824,HCT116,cell_line,adult,encode,single,False,0.2341846525669098,OutputType.RNA_SEQ,,,
408,EFO:0002847 total RNA-seq,-,total RNA-seq,EFO:0002847,PC-9,cell_line,unknown,encode,single,False,0.13823053240776062,OutputType.RNA_SEQ,,,
409,EFO:0003042 polyA plus RNA-seq,-,polyA plus RNA-seq,EFO:0003042,H1,cell_line,embryonic,encode,paired,False,0.10293757915496826,OutputType.RNA_SEQ,,,
410,EFO:0003042 total RNA-seq,-,total RNA-seq,EFO:0003042,H1,cell_line,embryonic,encode,single,False,0.1727115660905838,OutputType.RNA_SEQ,,,
411,EFO:0003044 polyA plus RNA-seq,-,polyA plus RNA-seq,EFO:0003044,NCI-H460,cell_line,unknown,encode,paired,False,0.37686166167259216,OutputType.RNA_SEQ,,,
412,EFO:0003044 total RNA-seq,-,total RNA-seq,EFO:0003044,NCI-H460,cell_line,unknown,encode,paired,False,0.14361432194709778,OutputType.RNA_SEQ,,,
413,EFO:0003045 total RNA-seq,-,total RNA-seq,EFO:0003045,H9,cell_line,embryonic,encode,single,False,0.1480276882648468,OutputType.RNA_SEQ,,,
414,EFO:0003072 polyA plus RNA-seq,-,polyA plus RNA-seq,EFO:0003072,SK-N-SH,cell_line,child,encode,paired,False,0.19397687911987305,OutputType.RNA_SEQ,,,
415,EFO:0005697 total RNA-seq,-,total RNA-seq,EFO:0005697,M059J,cell_line,adult,encode,paired,False,0.4214603304862976,OutputType.RNA_SEQ,,,
416,EFO:0005698 total RNA-seq,-,total RNA-seq,EFO:0005698,Daoy,cell_line,child,encode,paired,False,0.3396725654602051,OutputType.RNA_SEQ,,,
417,EFO:0005712 total RNA-seq,-,total RNA-seq,EFO:0005712,RPMI7951,cell_line,adult,encode,paired,False,0.23329555988311768,OutputType.RNA_SEQ,,,
418,EFO:0005714 total RNA-seq,-,total RNA-seq,EFO:0005714,LHCN-M2,cell_line,adult,encode,paired,False,0.18331725895404816,OutputType.RNA_SEQ,,,
419,EFO:0005719 total RNA-seq,-,total RNA-seq,EFO:0005719,Karpas-422,cell_line,adult,encode,paired,False,0.16822701692581177,OutputType.RNA_SEQ,,,
420,EFO:0005720 polyA plus RNA-seq,-,polyA plus RNA-seq,EFO:0005720,SK-MEL-5,cell_line,adult,encode,paired,False,0.225653737783432,OutputType.RNA_SEQ,,,
421,EFO:0005720 total RNA-seq,-,total RNA-seq,EFO:0005720,SK-MEL-5,cell_line,adult,encode,paired,False,0.18815664947032928,OutputType.RNA_SEQ,,,
422,EFO:0005721 polyA plus RNA-seq,-,polyA plus RNA-seq,EFO:0005721,SK-N-DZ,cell_line,child,encode,paired,False,0.2373400777578354,OutputType.RNA_SEQ,,,
423,EFO:0005722 total RNA-seq,-,total RNA-seq,EFO:0005722,SJCRH30,cell_line,child,encode,paired,False,0.11020320653915405,OutputType.RNA_SEQ,,,
424,EFO:0005723 total RNA-seq,-,total RNA-seq,EFO:0005723,GM23248,cell_line,adult,encode,paired,False,0.3644750416278839,OutputType.RNA_SEQ,,,
425,EFO:0005904 total RNA-seq,-,total RNA-seq,EFO:0005904,H7,cell_line,embryonic,encode,paired,False,0.19296839833259583,OutputType.RNA_SEQ,,,
426,EFO:0006270 polyA plus RNA-seq,-,polyA plus RNA-seq,EFO:0006270,AG04450,cell_line,embryonic,encode,paired,False,0.1846042424440384,OutputType.RNA_SEQ,,,
427,EFO:0006711 total RNA-seq,-,total RNA-seq,EFO:0006711,OCI-LY7,cell_line,adult,encode,paired,False,0.14875547587871552,OutputType.RNA_SEQ,,,
428,EFO:0007089 polyA plus RNA-seq,-,polyA plus RNA-seq,EFO:0007089,HUES64,cell_line,embryonic,encode,paired,False,0.29977187514305115,OutputType.RNA_SEQ,,,
429,EFO:0007950 total RNA-seq,-,total RNA-seq,EFO:0007950,GM23338,cell_line,adult,encode,paired,False,0.10916931182146072,OutputType.RNA_SEQ,,,
430,EFO:0009318 total RNA-seq,-,total RNA-seq,EFO:0009318,HFFc6,cell_line,newborn,encode,single,False,0.10509984195232391,OutputType.RNA_SEQ,,,
431,EFO:0009747 total RNA-seq,-,total RNA-seq,EFO:0009747,WTC11,cell_line,adult,encode,single,False,0.11312755942344666,OutputType.RNA_SEQ,,,
432,EFO:0030018 polyA plus RNA-seq,-,polyA plus RNA-seq,EFO:0030018,BLaER1,cell_line,unknown,encode,paired,False,0.15814301371574402,OutputType.RNA_SEQ,,,
433,NTR:0000427 polyA plus RNA-seq,-,polyA plus RNA-seq,NTR:0000427,neurosphere,primary_cell,embryonic,encode,paired,False,0.07274492084980011,OutputType.RNA_SEQ,,,
434,NTR:0000491 total RNA-seq,-,total RNA-seq,NTR:0000491,Right ventricle myocardium inferior,tissue,adult,encode,single,False,0.32427701354026794,OutputType.RNA_SEQ,,,
435,NTR:0000492 total RNA-seq,-,total RNA-seq,NTR:0000492,Right ventricle myocardium superior,tissue,adult,encode,single,False,0.288472443819046,OutputType.RNA_SEQ,,,
436,NTR:0000493 total RNA-seq,-,total RNA-seq,NTR:0000493,left ventricle myocardium inferior,tissue,adult,encode,single,False,0.3049757480621338,OutputType.RNA_SEQ,,,
437,NTR:0000494 total RNA-seq,-,total RNA-seq,NTR:0000494,left ventricle myocardium superior,tissue,adult,encode,single,False,0.3131106197834015,OutputType.RNA_SEQ,,,
438,NTR:0000856 polyA plus RNA-seq,-,polyA plus RNA-seq,NTR:0000856,mesendoderm,in_vitro_differentiated_cells,embryonic,encode,paired,False,0.163086399435997,OutputType.RNA_SEQ,,,
439,NTR:0003013 polyA plus RNA-seq,-,polyA plus RNA-seq,NTR:0003013,placental basal plate,tissue,embryonic,encode,paired,False,0.07087478041648865,OutputType.RNA_SEQ,,,
440,UBERON:0000016 polyA plus RNA-seq,-,polyA plus RNA-seq,UBERON:0000016,endocrine pancreas,tissue,adult,encode,paired,False,0.08397355675697327,OutputType.RNA_SEQ,,,
441,UBERON:0000019 total RNA-seq,-,total RNA-seq,UBERON:0000019,camera-type eye,tissue,embryonic,encode,paired,False,0.0823257565498352,OutputType.RNA_SEQ,,,
442,UBERON:0000056 total RNA-seq,-,total RNA-seq,UBERON:0000056,ureter,tissue,adult,encode,single,False,0.1433965563774109,OutputType.RNA_SEQ,,,
443,UBERON:0000081 total RNA-seq,-,total RNA-seq,UBERON:0000081,metanephros,tissue,embryonic,encode,paired,False,0.06954433768987656,OutputType.RNA_SEQ,,,
444,UBERON:0000088 polyA plus RNA-seq,-,polyA plus RNA-seq,UBERON:0000088,trophoblast,tissue,embryonic,encode,paired,False,0.06895212084054947,OutputType.RNA_SEQ,,,
445,UBERON:0000305 polyA plus RNA-seq,-,polyA plus RNA-seq,UBERON:0000305,amnion,tissue,embryonic,encode,paired,False,0.05813951417803764,OutputType.RNA_SEQ,,,
446,UBERON:0000317 total RNA-seq,-,total RNA-seq,UBERON:0000317,colonic mucosa,tissue,adult,encode,single,False,0.23028472065925598,OutputType.RNA_SEQ,,,
447,UBERON:0000473 polyA plus RNA-seq,-,polyA plus RNA-seq,UBERON:0000473,testis,tissue,adult,encode,paired,False,0.1770746260881424,OutputType.RNA_SEQ,,,
448,UBERON:0000473 total RNA-seq,-,total RNA-seq,UBERON:0000473,testis,tissue,adult,encode,paired,False,0.05251283198595047,OutputType.RNA_SEQ,,,
449,UBERON:0000945 polyA plus RNA-seq,-,polyA plus RNA-seq,UBERON:0000945,stomach,tissue,adult,encode,paired,False,0.4686560034751892,OutputType.RNA_SEQ,,,
450,UBERON:0000945 total RNA-seq,-,total RNA-seq,UBERON:0000945,stomach,tissue,adult,encode,paired,False,0.21596461534500122,OutputType.RNA_SEQ,,,
451,UBERON:0000947 polyA plus RNA-seq,-,polyA plus RNA-seq,UBERON:0000947,aorta,tissue,adult,encode,paired,False,0.3552292287349701,OutputType.RNA_SEQ,,,
452,UBERON:0000947 total RNA-seq,-,total RNA-seq,UBERON:0000947,aorta,tissue,adult,encode,single,False,0.10199231654405594,OutputType.RNA_SEQ,,,
453,UBERON:0000948 polyA plus RNA-seq,-,polyA plus RNA-seq,UBERON:0000948,heart,tissue,adult,encode,paired,False,0.3406100273132324,OutputType.RNA_SEQ,,,
454,UBERON:0000948 total RNA-seq,-,total RNA-seq,UBERON:0000948,heart,tissue,adult,encode,paired,False,0.08766400068998337,OutputType.RNA_SEQ,,,
455,UBERON:0000955 polyA plus RNA-seq,-,polyA plus RNA-seq,UBERON:0000955,brain,tissue,adult,encode,paired,False,0.6184623837471008,OutputType.RNA_SEQ,,,
456,UBERON:0000992 polyA plus RNA-seq,-,polyA plus RNA-seq,UBERON:0000992,ovary,tissue,adult,encode,paired,False,0.12122903764247894,OutputType.RNA_SEQ,,,
457,UBERON:0000992 total RNA-seq,-,total RNA-seq,UBERON:0000992,ovary,tissue,adult,encode,paired,False,0.11545416712760925,OutputType.RNA_SEQ,,,
458,UBERON:0000995 total RNA-seq,-,total RNA-seq,UBERON:0000995,uterus,tissue,adult,encode,paired,False,0.36165136098861694,OutputType.RNA_SEQ,,,
459,UBERON:0000996 total RNA-seq,-,total RNA-seq,UBERON:0000996,vagina,tissue,adult,encode,paired,False,0.23906712234020233,OutputType.RNA_SEQ,,,
460,UBERON:0001013 polyA plus RNA-seq,-,polyA plus RNA-seq,UBERON:0001013,adipose tissue,tissue,adult,encode,paired,False,0.16599632799625397,OutputType.RNA_SEQ,,,
461,UBERON:0001043 polyA plus RNA-seq,-,polyA plus RNA-seq,UBERON:0001043,esophagus,tissue,adult,encode,paired,False,0.09775491803884506,OutputType.RNA_SEQ,,,
462,UBERON:0001072 total RNA-seq,-,total RNA-seq,UBERON:0001072,posterior vena cava,tissue,adult,encode,single,False,0.12246505171060562,OutputType.RNA_SEQ,,,
463,UBERON:0001114 total RNA-seq,-,total RNA-seq,UBERON:0001114,right lobe of liver,tissue,adult,encode,paired,False,0.1526584029197693,OutputType.RNA_SEQ,,,
464,UBERON:0001115 total RNA-seq,-,total RNA-seq,UBERON:0001115,left lobe of liver,tissue,adult,encode,single,False,0.2238539606332779,OutputType.RNA_SEQ,,,
465,UBERON:0001134 total RNA-seq,-,total RNA-seq,UBERON:0001134,skeletal muscle tissue,tissue,embryonic,encode,paired,False,0.10401706397533417,OutputType.RNA_SEQ,,,
466,UBERON:0001150 total RNA-seq,-,total RNA-seq,UBERON:0001150,body of pancreas,tissue,adult,encode,paired,False,0.14467252790927887,OutputType.RNA_SEQ,,,
467,UBERON:0001157 total RNA-seq,-,total RNA-seq,UBERON:0001157,transverse colon,tissue,adult,encode,paired,False,0.09727869927883148,OutputType.RNA_SEQ,,,
468,UBERON:0001159 polyA plus RNA-seq,-,polyA plus RNA-seq,UBERON:0001159,sigmoid colon,tissue,adult,encode,paired,False,0.3216996192932129,OutputType.RNA_SEQ,,,
469,UBERON:0001159 total RNA-seq,-,total RNA-seq,UBERON:0001159,sigmoid colon,tissue,adult,encode,paired,False,0.09938795119524002,OutputType.RNA_SEQ,,,
470,UBERON:0001211 total RNA-seq,-,total RNA-seq,UBERON:0001211,Peyer's patch,tissue,adult,encode,paired,False,0.10744151473045349,OutputType.RNA_SEQ,,,
471,UBERON:0001255 polyA plus RNA-seq,-,polyA plus RNA-seq,UBERON:0001255,urinary bladder,tissue,child,encode,paired,False,0.2732574939727783,OutputType.RNA_SEQ,,,
472,UBERON:0001255 total RNA-seq,-,total RNA-seq,UBERON:0001255,urinary bladder,tissue,embryonic,encode,paired,False,0.06832712143659592,OutputType.RNA_SEQ,,,
473,UBERON:0001264 polyA plus RNA-seq,-,polyA plus RNA-seq,UBERON:0001264,pancreas,tissue,adult,encode,paired,False,0.1047201007604599,OutputType.RNA_SEQ,,,
474,UBERON:0001264 total RNA-seq,-,total RNA-seq,UBERON:0001264,pancreas,tissue,adult,encode,single,False,0.10486374795436859,OutputType.RNA_SEQ,,,
475,UBERON:0001322 total RNA-seq,-,total RNA-seq,UBERON:0001322,sciatic nerve,tissue,adult,encode,single,False,0.12967179715633392,OutputType.RNA_SEQ,,,
476,UBERON:0001323 total RNA-seq,-,total RNA-seq,UBERON:0001323,tibial nerve,tissue,adult,encode,paired,False,0.1041068583726883,OutputType.RNA_SEQ,,,
477,UBERON:0001383 polyA plus RNA-seq,-,polyA plus RNA-seq,UBERON:0001383,muscle of leg,tissue,embryonic,encode,paired,False,0.09429461508989334,OutputType.RNA_SEQ,,,
478,UBERON:0001496 total RNA-seq,-,total RNA-seq,UBERON:0001496,ascending aorta,tissue,adult,encode,paired,False,0.8633086085319519,OutputType.RNA_SEQ,,,
479,UBERON:0001515 total RNA-seq,-,total RNA-seq,UBERON:0001515,thoracic aorta,tissue,adult,encode,paired,False,0.10150252282619476,OutputType.RNA_SEQ,,,
480,UBERON:0001723 total RNA-seq,-,total RNA-seq,UBERON:0001723,tongue,tissue,embryonic,encode,paired,False,0.13978645205497742,OutputType.RNA_SEQ,,,
481,UBERON:0001870 total RNA-seq,-,total RNA-seq,UBERON:0001870,frontal cortex,tissue,embryonic,encode,paired,False,0.08561448007822037,OutputType.RNA_SEQ,,,
482,UBERON:0001871 total RNA-seq,-,total RNA-seq,UBERON:0001871,temporal lobe,tissue,embryonic,encode,paired,False,0.09795684367418289,OutputType.RNA_SEQ,,,
483,UBERON:0001872 total RNA-seq,-,total RNA-seq,UBERON:0001872,parietal lobe,tissue,embryonic,encode,paired,False,0.06359224021434784,OutputType.RNA_SEQ,,,
484,UBERON:0001894 total RNA-seq,-,total RNA-seq,UBERON:0001894,diencephalon,tissue,embryonic,encode,paired,False,0.07281812280416489,OutputType.RNA_SEQ,,,
485,UBERON:0001987 polyA plus RNA-seq,-,polyA plus RNA-seq,UBERON:0001987,placenta,tissue,embryonic,encode,paired,False,0.1648215502500534,OutputType.RNA_SEQ,,,
486,UBERON:0001987 total RNA-seq,-,total RNA-seq,UBERON:0001987,placenta,tissue,embryonic,encode,single,False,0.0722145363688469,OutputType.RNA_SEQ,,,
487,UBERON:0002021 total RNA-seq,-,total RNA-seq,UBERON:0002021,occipital lobe,tissue,embryonic,encode,paired,False,0.07937046885490417,OutputType.RNA_SEQ,,,
488,UBERON:0002037 polyA plus RNA-seq,-,polyA plus RNA-seq,UBERON:0002037,cerebellum,tissue,embryonic,encode,paired,False,0.09561976045370102,OutputType.RNA_SEQ,,,
489,UBERON:0002037 total RNA-seq,-,total RNA-seq,UBERON:0002037,cerebellum,tissue,embryonic,encode,paired,False,0.04635050147771835,OutputType.RNA_SEQ,,,
490,UBERON:0002046 total RNA-seq,-,total RNA-seq,UBERON:0002046,thyroid gland,tissue,adult,encode,paired,False,0.07622677832841873,OutputType.RNA_SEQ,,,
491,UBERON:0002048 polyA plus RNA-seq,-,polyA plus RNA-seq,UBERON:0002048,lung,tissue,adult,encode,paired,False,0.11917171627283096,OutputType.RNA_SEQ,,,
492,UBERON:0002048 total RNA-seq,-,total RNA-seq,UBERON:0002048,lung,tissue,embryonic,encode,paired,False,0.08134463429450989,OutputType.RNA_SEQ,,,
493,UBERON:0002078 polyA plus RNA-seq,-,polyA plus RNA-seq,UBERON:0002078,right cardiac atrium,tissue,adult,encode,paired,False,0.10576710104942322,OutputType.RNA_SEQ,,,
494,UBERON:0002078 total RNA-seq,-,total RNA-seq,UBERON:0002078,right cardiac atrium,tissue,adult,encode,single,False,0.12184100598096848,OutputType.RNA_SEQ,,,
495,UBERON:0002079 total RNA-seq,-,total RNA-seq,UBERON:0002079,left cardiac atrium,tissue,adult,encode,single,False,0.15789535641670227,OutputType.RNA_SEQ,,,
496,UBERON:0002080 polyA plus RNA-seq,-,polyA plus RNA-seq,UBERON:0002080,heart right ventricle,tissue,adult,encode,paired,False,0.17129531502723694,OutputType.RNA_SEQ,,,
497,UBERON:0002080 total RNA-seq,-,total RNA-seq,UBERON:0002080,heart right ventricle,tissue,adult,encode,single,False,0.1052015945315361,OutputType.RNA_SEQ,,,
498,UBERON:0002084 polyA plus RNA-seq,-,polyA plus RNA-seq,UBERON:0002084,heart left ventricle,tissue,adult,encode,paired,False,0.13251028954982758,OutputType.RNA_SEQ,,,
499,UBERON:0002084 total RNA-seq,-,total RNA-seq,UBERON:0002084,heart left ventricle,tissue,adult,encode,paired,False,0.2699129581451416,OutputType.RNA_SEQ,,,
500,UBERON:0002097 total RNA-seq,-,total RNA-seq,UBERON:0002097,skin of body,tissue,embryonic,encode,paired,False,0.07668855786323547,OutputType.RNA_SEQ,,,
501,UBERON:0002099 total RNA-seq,-,total RNA-seq,UBERON:0002099,cardiac septum,tissue,adult,encode,single,False,0.200953409075737,OutputType.RNA_SEQ,,,
502,UBERON:0002106 polyA plus RNA-seq,-,polyA plus RNA-seq,UBERON:0002106,spleen,tissue,adult,encode,paired,False,0.12643910944461823,OutputType.RNA_SEQ,,,
503,UBERON:0002106 total RNA-seq,-,total RNA-seq,UBERON:0002106,spleen,tissue,adult,encode,paired,False,0.08943069726228714,OutputType.RNA_SEQ,,,
504,UBERON:0002107 polyA plus RNA-seq,-,polyA plus RNA-seq,UBERON:0002107,liver,tissue,child,encode,paired,False,0.37201911211013794,OutputType.RNA_SEQ,,,
505,UBERON:0002107 total RNA-seq,-,total RNA-seq,UBERON:0002107,liver,tissue,embryonic,encode,paired,False,0.1001405194401741,OutputType.RNA_SEQ,,,
506,UBERON:0002108 polyA plus RNA-seq,-,polyA plus RNA-seq,UBERON:0002108,small intestine,tissue,adult,encode,paired,False,0.5083299279212952,OutputType.RNA_SEQ,,,
507,UBERON:0002113 polyA plus RNA-seq,-,polyA plus RNA-seq,UBERON:0002113,kidney,tissue,adult,encode,paired,False,0.5964622497558594,OutputType.RNA_SEQ,,,
508,UBERON:0002113 total RNA-seq,-,total RNA-seq,UBERON:0002113,kidney,tissue,adult,encode,single,False,0.13756509125232697,OutputType.RNA_SEQ,,,
509,UBERON:0002168 total RNA-seq,-,total RNA-seq,UBERON:0002168,left lung,tissue,adult,encode,single,False,0.15085317194461823,OutputType.RNA_SEQ,,,
510,UBERON:0002170 total RNA-seq,-,total RNA-seq,UBERON:0002170,upper lobe of right lung,tissue,adult,encode,single,False,0.18277625739574432,OutputType.RNA_SEQ,,,
511,UBERON:0002171 total RNA-seq,-,total RNA-seq,UBERON:0002171,lower lobe of right lung,tissue,adult,encode,single,False,0.16713519394397736,OutputType.RNA_SEQ,,,
512,UBERON:0002190 total RNA-seq,-,total RNA-seq,UBERON:0002190,subcutaneous adipose tissue,tissue,adult,encode,paired,False,0.09430896490812302,OutputType.RNA_SEQ,,,
513,UBERON:0002240 polyA plus RNA-seq,-,polyA plus RNA-seq,UBERON:0002240,spinal cord,tissue,embryonic,encode,paired,False,0.08339249342679977,OutputType.RNA_SEQ,,,
514,UBERON:0002240 total RNA-seq,-,total RNA-seq,UBERON:0002240,spinal cord,tissue,embryonic,encode,paired,False,0.06603524088859558,OutputType.RNA_SEQ,,,
515,UBERON:0002331 total RNA-seq,-,total RNA-seq,UBERON:0002331,umbilical cord,tissue,embryonic,encode,paired,False,0.04299703985452652,OutputType.RNA_SEQ,,,
516,UBERON:0002367 total RNA-seq,-,total RNA-seq,UBERON:0002367,prostate gland,tissue,adult,encode,paired,False,0.13585683703422546,OutputType.RNA_SEQ,,,
517,UBERON:0002369 polyA plus RNA-seq,-,polyA plus RNA-seq,UBERON:0002369,adrenal gland,tissue,adult,encode,paired,False,0.10644026100635529,OutputType.RNA_SEQ,,,
518,UBERON:0002369 total RNA-seq,-,total RNA-seq,UBERON:0002369,adrenal gland,tissue,adult,encode,paired,False,0.09952406585216522,OutputType.RNA_SEQ,,,
519,UBERON:0002370 polyA plus RNA-seq,-,polyA plus RNA-seq,UBERON:0002370,thymus,tissue,embryonic,encode,paired,False,0.13122648000717163,OutputType.RNA_SEQ,,,
520,UBERON:0002469 total RNA-seq,-,total RNA-seq,UBERON:0002469,esophagus mucosa,tissue,adult,encode,single,False,0.2322499006986618,OutputType.RNA_SEQ,,,
521,UBERON:0003124 polyA plus RNA-seq,-,polyA plus RNA-seq,UBERON:0003124,chorion,tissue,embryonic,encode,paired,False,0.08912248909473419,OutputType.RNA_SEQ,,,
522,UBERON:0004264 total RNA-seq,-,total RNA-seq,UBERON:0004264,lower leg skin,tissue,adult,encode,paired,False,0.12619370222091675,OutputType.RNA_SEQ,,,
523,UBERON:0004550 total RNA-seq,-,total RNA-seq,UBERON:0004550,gastroesophageal sphincter,tissue,adult,encode,paired,False,0.09521754086017609,OutputType.RNA_SEQ,,,
524,UBERON:0004648 total RNA-seq,-,total RNA-seq,UBERON:0004648,esophagus muscularis mucosa,tissue,adult,encode,paired,False,0.1068030372262001,OutputType.RNA_SEQ,,,
525,UBERON:0004992 total RNA-seq,-,total RNA-seq,UBERON:0004992,mucosa of descending colon,tissue,adult,encode,single,False,0.10411433130502701,OutputType.RNA_SEQ,,,
526,UBERON:0005033 total RNA-seq,-,total RNA-seq,UBERON:0005033,mucosa of gallbladder,tissue,child,encode,single,False,0.1606866717338562,OutputType.RNA_SEQ,,,
527,UBERON:0006631 total RNA-seq,-,total RNA-seq,UBERON:0006631,right atrium auricular region,tissue,adult,encode,paired,False,0.196689173579216,OutputType.RNA_SEQ,,,
528,UBERON:0006920 total RNA-seq,-,total RNA-seq,UBERON:0006920,esophagus squamous epithelium,tissue,adult,encode,paired,False,0.09920122474431992,OutputType.RNA_SEQ,,,
529,UBERON:0007106 polyA plus RNA-seq,-,polyA plus RNA-seq,UBERON:0007106,chorionic villus,tissue,embryonic,encode,paired,False,0.06965987384319305,OutputType.RNA_SEQ,,,
530,UBERON:0008367 total RNA-seq,-,total RNA-seq,UBERON:0008367,breast epithelium,tissue,adult,encode,paired,False,0.07852068543434143,OutputType.RNA_SEQ,,,
531,UBERON:0008450 polyA plus RNA-seq,-,polyA plus RNA-seq,UBERON:0008450,psoas muscle,tissue,adult,encode,paired,False,0.14193594455718994,OutputType.RNA_SEQ,,,
532,UBERON:0008450 total RNA-seq,-,total RNA-seq,UBERON:0008450,psoas muscle,tissue,adult,encode,single,False,0.19859784841537476,OutputType.RNA_SEQ,,,
533,UBERON:0008952 total RNA-seq,-,total RNA-seq,UBERON:0008952,upper lobe of left lung,tissue,adult,encode,paired,False,0.0914291962981224,OutputType.RNA_SEQ,,,
534,UBERON:0008953 total RNA-seq,-,total RNA-seq,UBERON:0008953,lower lobe of left lung,tissue,adult,encode,single,False,0.10869968682527542,OutputType.RNA_SEQ,,,
535,UBERON:0008971 total RNA-seq,-,total RNA-seq,UBERON:0008971,left colon,tissue,adult,encode,single,False,0.1311025470495224,OutputType.RNA_SEQ,,,
536,UBERON:0009834 total RNA-seq,-,total RNA-seq,UBERON:0009834,dorsolateral prefrontal cortex,tissue,adult,encode,single,False,0.03440511226654053,OutputType.RNA_SEQ,,,
537,UBERON:0010414 total RNA-seq,-,total RNA-seq,UBERON:0010414,omental fat pad,tissue,adult,encode,paired,False,0.08247236907482147,OutputType.RNA_SEQ,,,
538,UBERON:0011907 total RNA-seq,-,total RNA-seq,UBERON:0011907,gastrocnemius medialis,tissue,adult,encode,paired,False,0.14263799786567688,OutputType.RNA_SEQ,,,
539,UBERON:0015143 total RNA-seq,-,total RNA-seq,UBERON:0015143,mesenteric fat pad,tissue,adult,encode,single,False,0.17646285891532898,OutputType.RNA_SEQ,,,
540,UBERON:0036149 total RNA-seq,-,total RNA-seq,UBERON:0036149,suprapubic skin,tissue,adult,encode,paired,False,0.10089779645204544,OutputType.RNA_SEQ,,,
541,UBERON:1000010 polyA plus RNA-seq,-,polyA plus RNA-seq,UBERON:1000010,mole,tissue,unknown,encode,paired,False,0.14376847445964813,OutputType.RNA_SEQ,,,
542,CL:0000100 total RNA-seq,.,total RNA-seq,CL:0000100,motor neuron,in_vitro_differentiated_cells,adult,encode,paired,False,0.036661237478256226,OutputType.RNA_SEQ,,,
543,CL:0000121 polyA plus RNA-seq,.,polyA plus RNA-seq,CL:0000121,Purkinje cell,primary_cell,child,encode,single,False,0.37860918045043945,OutputType.RNA_SEQ,,,
544,CL:0000182 polyA plus RNA-seq,.,polyA plus RNA-seq,CL:0000182,hepatocyte,in_vitro_differentiated_cells,embryonic,encode,single,False,0.21901962161064148,OutputType.RNA_SEQ,,,
545,CL:0000187 polyA plus RNA-seq,.,polyA plus RNA-seq,CL:0000187,myocyte,in_vitro_differentiated_cells,adult,encode,paired,False,0.1964004784822464,OutputType.RNA_SEQ,,,
546,CL:0000192 polyA plus RNA-seq,.,polyA plus RNA-seq,CL:0000192,smooth muscle cell,in_vitro_differentiated_cells,embryonic,encode,single,False,0.31745073199272156,OutputType.RNA_SEQ,,,
547,CL:0000312 polyA plus RNA-seq,.,polyA plus RNA-seq,CL:0000312,keratinocyte,primary_cell,unknown,encode,paired,False,0.21481777727603912,OutputType.RNA_SEQ,,,
548,CL:0000515 polyA plus RNA-seq,.,polyA plus RNA-seq,CL:0000515,skeletal muscle myoblast,primary_cell,unknown,encode,paired,False,0.4000442624092102,OutputType.RNA_SEQ,,,
549,CL:0000624 polyA plus RNA-seq,.,polyA plus RNA-seq,CL:0000624,"CD4-positive, alpha-beta T cell",primary_cell,adult,encode,paired,False,0.13023579120635986,OutputType.RNA_SEQ,,,
550,CL:0000625 polyA plus RNA-seq,.,polyA plus RNA-seq,CL:0000625,"CD8-positive, alpha-beta T cell",primary_cell,adult,encode,paired,False,0.12493370473384857,OutputType.RNA_SEQ,,,
551,CL:0000746 polyA plus RNA-seq,.,polyA plus RNA-seq,CL:0000746,cardiac muscle cell,in_vitro_differentiated_cells,embryonic,encode,single,False,0.2051399201154709,OutputType.RNA_SEQ,,,
552,CL:0000788 polyA plus RNA-seq,.,polyA plus RNA-seq,CL:0000788,naive B cell,primary_cell,unknown,encode,paired,False,0.23227384686470032,OutputType.RNA_SEQ,,,
553,CL:0000792 polyA plus RNA-seq,.,polyA plus RNA-seq,CL:0000792,"CD4-positive, CD25-positive, alpha-beta regulatory T cell",primary_cell,unknown,encode,paired,False,0.2904275953769684,OutputType.RNA_SEQ,,,
554,CL:0000823 polyA plus RNA-seq,.,polyA plus RNA-seq,CL:0000823,immature natural killer cell,primary_cell,unknown,encode,paired,False,0.3934170603752136,OutputType.RNA_SEQ,,,
555,CL:0000895 polyA plus RNA-seq,.,polyA plus RNA-seq,CL:0000895,"naive thymus-derived CD4-positive, alpha-beta T cell",primary_cell,unknown,encode,paired,False,0.36405277252197266,OutputType.RNA_SEQ,,,
556,CL:0000897 polyA plus RNA-seq,.,polyA plus RNA-seq,CL:0000897,"CD4-positive, alpha-beta memory T cell",primary_cell,unknown,encode,paired,False,0.3783103823661804,OutputType.RNA_SEQ,,,
557,CL:0000900 polyA plus RNA-seq,.,polyA plus RNA-seq,CL:0000900,"naive thymus-derived CD8-positive, alpha-beta T cell",primary_cell,unknown,encode,paired,False,0.3450876772403717,OutputType.RNA_SEQ,,,
558,CL:0000909 polyA plus RNA-seq,.,polyA plus RNA-seq,CL:0000909,"CD8-positive, alpha-beta memory T cell",primary_cell,unknown,encode,paired,False,0.5657815933227539,OutputType.RNA_SEQ,,,
559,CL:0001053 polyA plus RNA-seq,.,polyA plus RNA-seq,CL:0001053,IgD-negative memory B cell,primary_cell,unknown,encode,paired,False,0.5707902908325195,OutputType.RNA_SEQ,,,
560,CL:0001054 polyA plus RNA-seq,.,polyA plus RNA-seq,CL:0001054,CD14-positive monocyte,primary_cell,unknown,encode,paired,False,0.6615868806838989,OutputType.RNA_SEQ,,,
561,CL:0001059 polyA plus RNA-seq,.,polyA plus RNA-seq,CL:0001059,"common myeloid progenitor, CD34-positive",primary_cell,adult,encode,paired,False,0.17284150421619415,OutputType.RNA_SEQ,,,
562,CL:0002553 polyA plus RNA-seq,.,polyA plus RNA-seq,CL:0002553,fibroblast of lung,primary_cell,unknown,encode,paired,False,0.46712785959243774,OutputType.RNA_SEQ,,,
563,CL:0002618 polyA plus RNA-seq,.,polyA plus RNA-seq,CL:0002618,endothelial cell of umbilical vein,primary_cell,newborn,encode,paired,False,0.34657302498817444,OutputType.RNA_SEQ,,,
564,CL:0011022 polyA plus RNA-seq,.,polyA plus RNA-seq,CL:0011022,fibroblast of skin of back,primary_cell,embryonic,encode,single,False,0.7832281589508057,OutputType.RNA_SEQ,,,
565,CL:2000013 polyA plus RNA-seq,.,polyA plus RNA-seq,CL:2000013,fibroblast of skin of abdomen,primary_cell,embryonic,encode,single,False,0.6885204911231995,OutputType.RNA_SEQ,,,
566,CLO:0007045 polyA plus RNA-seq,.,polyA plus RNA-seq,CLO:0007045,"Jurkat, Clone E6-1",cell_line,child,encode,single,False,1.3723630905151367,OutputType.RNA_SEQ,,,
567,EFO:0000572 gtex Cells_EBV-transformed_lymphocytes polyA plus RNA-seq,.,polyA plus RNA-seq,EFO:0000572,lymphoblast,tissue,adult,gtex,paired,False,0.06413153558969498,OutputType.RNA_SEQ,Cells_EBV-transformed_lymphocytes,,
568,EFO:0001187 polyA plus RNA-seq,.,polyA plus RNA-seq,EFO:0001187,HepG2,cell_line,child,encode,paired,False,0.2669706642627716,OutputType.RNA_SEQ,,,
569,EFO:0001203 polyA plus RNA-seq,.,polyA plus RNA-seq,EFO:0001203,MCF-7,cell_line,adult,encode,paired,False,0.2495776116847992,OutputType.RNA_SEQ,,,
570,EFO:0002009 gtex Cells_Cultured_fibroblasts polyA plus RNA-seq,.,polyA plus RNA-seq,EFO:0002009,fibroblast derived cell line,tissue,adult,gtex,paired,False,0.05656168609857559,OutputType.RNA_SEQ,Cells_Cultured_fibroblasts,,
571,EFO:0002067 polyA plus RNA-seq,.,polyA plus RNA-seq,EFO:0002067,K562,cell_line,adult,encode,paired,False,0.24082602560520172,OutputType.RNA_SEQ,,,
572,EFO:0002713 polyA plus RNA-seq,.,polyA plus RNA-seq,EFO:0002713,Panc1,cell_line,adult,encode,single,False,1.0050067901611328,OutputType.RNA_SEQ,,,
573,EFO:0002784 polyA plus RNA-seq,.,polyA plus RNA-seq,EFO:0002784,GM12878,cell_line,adult,encode,paired,False,0.24893425405025482,OutputType.RNA_SEQ,,,
574,EFO:0002785 polyA plus RNA-seq,.,polyA plus RNA-seq,EFO:0002785,GM12891,cell_line,unknown,encode,paired,False,0.2509686350822449,OutputType.RNA_SEQ,,,
575,EFO:0002786 polyA plus RNA-seq,.,polyA plus RNA-seq,EFO:0002786,GM12892,cell_line,unknown,encode,paired,False,0.1818031668663025,OutputType.RNA_SEQ,,,
576,EFO:0002791 polyA plus RNA-seq,.,polyA plus RNA-seq,EFO:0002791,HeLa-S3,cell_line,adult,encode,paired,False,0.2589356601238251,OutputType.RNA_SEQ,,,
577,EFO:0002824 polyA plus RNA-seq,.,polyA plus RNA-seq,EFO:0002824,HCT116,cell_line,adult,encode,paired,False,0.3129168152809143,OutputType.RNA_SEQ,,,
578,EFO:0003042 polyA plus RNA-seq,.,polyA plus RNA-seq,EFO:0003042,H1,cell_line,embryonic,encode,paired,False,0.19382283091545105,OutputType.RNA_SEQ,,,
579,EFO:0003072 polyA plus RNA-seq,.,polyA plus RNA-seq,EFO:0003072,SK-N-SH,cell_line,child,encode,single,False,0.7414088845252991,OutputType.RNA_SEQ,,,
580,EFO:0005234 polyA plus RNA-seq,.,polyA plus RNA-seq,EFO:0005234,PFSK-1,cell_line,child,encode,single,False,1.2181520462036133,OutputType.RNA_SEQ,,,
581,EFO:0005237 polyA plus RNA-seq,.,polyA plus RNA-seq,EFO:0005237,U-87 MG,cell_line,adult,encode,single,False,1.1521613597869873,OutputType.RNA_SEQ,,,
582,EFO:0005714 polyA plus RNA-seq,.,polyA plus RNA-seq,EFO:0005714,LHCN-M2,cell_line,adult,encode,paired,False,0.32134950160980225,OutputType.RNA_SEQ,,,
583,EFO:0005723 polyA plus RNA-seq,.,polyA plus RNA-seq,EFO:0005723,GM23248,cell_line,adult,encode,single,False,0.43325719237327576,OutputType.RNA_SEQ,,,
584,EFO:0005725 polyA plus RNA-seq,.,polyA plus RNA-seq,EFO:0005725,BE2C,cell_line,child,encode,single,False,0.8952913284301758,OutputType.RNA_SEQ,,,
585,EFO:0007950 polyA plus RNA-seq,.,polyA plus RNA-seq,EFO:0007950,GM23338,cell_line,adult,encode,single,False,0.21331246197223663,OutputType.RNA_SEQ,,,
586,EFO:0009747 total RNA-seq,.,total RNA-seq,EFO:0009747,WTC11,cell_line,adult,encode,paired,False,0.24785810708999634,OutputType.RNA_SEQ,,,
587,NTR:0000524 polyA plus RNA-seq,.,polyA plus RNA-seq,NTR:0000524,fibroblast of skin of scalp,primary_cell,embryonic,encode,single,False,0.7250751852989197,OutputType.RNA_SEQ,,,
588,UBERON:0000007 gtex Pituitary polyA plus RNA-seq,.,polyA plus RNA-seq,UBERON:0000007,pituitary gland,tissue,adult,gtex,paired,False,0.04781800135970116,OutputType.RNA_SEQ,Pituitary,,
589,UBERON:0000059 polyA plus RNA-seq,.,polyA plus RNA-seq,UBERON:0000059,large intestine,tissue,embryonic,encode,paired,False,0.14119458198547363,OutputType.RNA_SEQ,,,
590,UBERON:0000458 gtex Cervix_Endocervix polyA plus RNA-seq,.,polyA plus RNA-seq,UBERON:0000458,endocervix,tissue,adult,gtex,paired,False,0.11742750555276871,OutputType.RNA_SEQ,Cervix_Endocervix,,
591,UBERON:0000473 gtex Testis polyA plus RNA-seq,.,polyA plus RNA-seq,UBERON:0000473,testis,tissue,adult,gtex,paired,False,0.03635135665535927,OutputType.RNA_SEQ,Testis,,
592,UBERON:0000473 polyA plus RNA-seq,.,polyA plus RNA-seq,UBERON:0000473,testis,tissue,embryonic,encode,single,False,0.7033047676086426,OutputType.RNA_SEQ,,,
593,UBERON:0000945 gtex Stomach polyA plus RNA-seq,.,polyA plus RNA-seq,UBERON:0000945,stomach,tissue,adult,gtex,paired,False,0.051221586763858795,OutputType.RNA_SEQ,Stomach,,
594,UBERON:0000945 polyA plus RNA-seq,.,polyA plus RNA-seq,UBERON:0000945,stomach,tissue,embryonic,encode,single,False,0.08617443591356277,OutputType.RNA_SEQ,,,
595,UBERON:0000948 polyA plus RNA-seq,.,polyA plus RNA-seq,UBERON:0000948,heart,tissue,embryonic,encode,single,False,0.46738457679748535,OutputType.RNA_SEQ,,,
596,UBERON:0000992 gtex Ovary polyA plus RNA-seq,.,polyA plus RNA-seq,UBERON:0000992,ovary,tissue,adult,gtex,paired,False,0.054519396275281906,OutputType.RNA_SEQ,Ovary,,
597,UBERON:0000992 polyA plus RNA-seq,.,polyA plus RNA-seq,UBERON:0000992,ovary,tissue,embryonic,encode,single,False,0.418280690908432,OutputType.RNA_SEQ,,,
598,UBERON:0000995 gtex Uterus polyA plus RNA-seq,.,polyA plus RNA-seq,UBERON:0000995,uterus,tissue,adult,gtex,paired,False,0.059197694063186646,OutputType.RNA_SEQ,Uterus,,
599,UBERON:0000996 gtex Vagina polyA plus RNA-seq,.,polyA plus RNA-seq,UBERON:0000996,vagina,tissue,adult,gtex,paired,False,0.05682068690657616,OutputType.RNA_SEQ,Vagina,,
600,UBERON:0001114 gtex Liver polyA plus RNA-seq,.,polyA plus RNA-seq,UBERON:0001114,right lobe of liver,tissue,adult,gtex,paired,False,0.06319103389978409,OutputType.RNA_SEQ,Liver,,
601,UBERON:0001150 gtex Pancreas polyA plus RNA-seq,.,polyA plus RNA-seq,UBERON:0001150,body of pancreas,tissue,adult,gtex,paired,False,0.0555739589035511,OutputType.RNA_SEQ,Pancreas,,
602,UBERON:0001157 gtex Colon_Transverse polyA plus RNA-seq,.,polyA plus RNA-seq,UBERON:0001157,transverse colon,tissue,adult,gtex,paired,False,0.049934789538383484,OutputType.RNA_SEQ,Colon_Transverse,,
603,UBERON:0001159 gtex Colon_Sigmoid polyA plus RNA-seq,.,polyA plus RNA-seq,UBERON:0001159,sigmoid colon,tissue,adult,gtex,paired,False,0.0509834922850132,OutputType.RNA_SEQ,Colon_Sigmoid,,
604,UBERON:0001211 gtex Small_Intestine_Terminal_Ileum polyA plus RNA-seq,.,polyA plus RNA-seq,UBERON:0001211,Peyer's patch,tissue,adult,gtex,paired,False,0.05497457832098007,OutputType.RNA_SEQ,Small_Intestine_Terminal_Ileum,,
605,UBERON:0001224 polyA plus RNA-seq,.,polyA plus RNA-seq,UBERON:0001224,renal pelvis,tissue,embryonic,encode,single,False,0.26900357007980347,OutputType.RNA_SEQ,,,
606,UBERON:0001225 gtex Kidney_Cortex polyA plus RNA-seq,.,polyA plus RNA-seq,UBERON:0001225,cortex of kidney,tissue,adult,gtex,paired,False,0.06602127104997635,OutputType.RNA_SEQ,Kidney_Cortex,,
607,UBERON:0001255 gtex Bladder polyA plus RNA-seq,.,polyA plus RNA-seq,UBERON:0001255,urinary bladder,tissue,adult,gtex,paired,False,0.09805270284414291,OutputType.RNA_SEQ,Bladder,,
608,UBERON:0001293 gtex Kidney_Medulla polyA plus RNA-seq,.,polyA plus RNA-seq,UBERON:0001293,outer medulla of kidney,tissue,adult,gtex,paired,False,0.18485306203365326,OutputType.RNA_SEQ,Kidney_Medulla,,
609,UBERON:0001323 gtex Nerve_Tibial polyA plus RNA-seq,.,polyA plus RNA-seq,UBERON:0001323,tibial nerve,tissue,adult,gtex,paired,False,0.044805847108364105,OutputType.RNA_SEQ,Nerve_Tibial,,
610,UBERON:0001383 polyA plus RNA-seq,.,polyA plus RNA-seq,UBERON:0001383,muscle of leg,tissue,embryonic,encode,single,False,0.21778036653995514,OutputType.RNA_SEQ,,,
611,UBERON:0001496 gtex Artery_Aorta polyA plus RNA-seq,.,polyA plus RNA-seq,UBERON:0001496,ascending aorta,tissue,adult,gtex,paired,False,0.05127594247460365,OutputType.RNA_SEQ,Artery_Aorta,,
612,UBERON:0001499 polyA plus RNA-seq,.,polyA plus RNA-seq,UBERON:0001499,muscle of arm,tissue,embryonic,encode,paired,False,0.31494125723838806,OutputType.RNA_SEQ,,,
613,UBERON:0001621 gtex Artery_Coronary polyA plus RNA-seq,.,polyA plus RNA-seq,UBERON:0001621,coronary artery,tissue,adult,gtex,paired,False,0.0551995113492012,OutputType.RNA_SEQ,Artery_Coronary,,
614,UBERON:0001774 polyA plus RNA-seq,.,polyA plus RNA-seq,UBERON:0001774,muscle of trunk,tissue,embryonic,encode,paired,False,0.08671995252370834,OutputType.RNA_SEQ,,,
615,UBERON:0001870 gtex Brain_Cortex polyA plus RNA-seq,.,polyA plus RNA-seq,UBERON:0001870,frontal cortex,tissue,adult,gtex,paired,False,0.043324146419763565,OutputType.RNA_SEQ,Brain_Cortex,,
616,UBERON:0001873 gtex Brain_Caudate_basal_ganglia polyA plus RNA-seq,.,polyA plus RNA-seq,UBERON:0001873,caudate nucleus,tissue,adult,gtex,paired,False,0.050032857805490494,OutputType.RNA_SEQ,Brain_Caudate_basal_ganglia,,
617,UBERON:0001874 gtex Brain_Putamen_basal_ganglia polyA plus RNA-seq,.,polyA plus RNA-seq,UBERON:0001874,putamen,tissue,adult,gtex,paired,False,0.05428667739033699,OutputType.RNA_SEQ,Brain_Putamen_basal_ganglia,,
618,UBERON:0001876 gtex Brain_Amygdala polyA plus RNA-seq,.,polyA plus RNA-seq,UBERON:0001876,amygdala,tissue,adult,gtex,paired,False,0.05657550320029259,OutputType.RNA_SEQ,Brain_Amygdala,,
619,UBERON:0001882 gtex Brain_Nucleus_accumbens_basal_ganglia polyA plus RNA-seq,.,polyA plus RNA-seq,UBERON:0001882,nucleus accumbens,tissue,adult,gtex,paired,False,0.0499090738594532,OutputType.RNA_SEQ,Brain_Nucleus_accumbens_basal_ganglia,,
620,UBERON:0001898 gtex Brain_Hypothalamus polyA plus RNA-seq,.,polyA plus RNA-seq,UBERON:0001898,hypothalamus,tissue,adult,gtex,paired,False,0.05152333900332451,OutputType.RNA_SEQ,Brain_Hypothalamus,,
621,UBERON:0001954 gtex Brain_Hippocampus polyA plus RNA-seq,.,polyA plus RNA-seq,UBERON:0001954,Ammon's horn,tissue,adult,gtex,paired,False,0.049906063824892044,OutputType.RNA_SEQ,Brain_Hippocampus,,
622,UBERON:0002037 gtex Brain_Cerebellum polyA plus RNA-seq,.,polyA plus RNA-seq,UBERON:0002037,cerebellum,tissue,adult,gtex,paired,False,0.05265718325972557,OutputType.RNA_SEQ,Brain_Cerebellum,,
623,UBERON:0002038 gtex Brain_Substantia_nigra polyA plus RNA-seq,.,polyA plus RNA-seq,UBERON:0002038,substantia nigra,tissue,adult,gtex,paired,False,0.062162790447473526,OutputType.RNA_SEQ,Brain_Substantia_nigra,,
624,UBERON:0002046 gtex Thyroid polyA plus RNA-seq,.,polyA plus RNA-seq,UBERON:0002046,thyroid gland,tissue,adult,gtex,paired,False,0.04541570320725441,OutputType.RNA_SEQ,Thyroid,,
625,UBERON:0002106 gtex Spleen polyA plus RNA-seq,.,polyA plus RNA-seq,UBERON:0002106,spleen,tissue,adult,gtex,paired,False,0.05477229878306389,OutputType.RNA_SEQ,Spleen,,
626,UBERON:0002106 polyA plus RNA-seq,.,polyA plus RNA-seq,UBERON:0002106,spleen,tissue,embryonic,encode,single,False,0.39663490653038025,OutputType.RNA_SEQ,,,
627,UBERON:0002107 polyA plus RNA-seq,.,polyA plus RNA-seq,UBERON:0002107,liver,tissue,"child,adult",encode,single,False,0.23851369321346283,OutputType.RNA_SEQ,,,
628,UBERON:0002108 polyA plus RNA-seq,.,polyA plus RNA-seq,UBERON:0002108,small intestine,tissue,embryonic,encode,paired,False,0.14074227213859558,OutputType.RNA_SEQ,,,
629,UBERON:0002113 polyA plus RNA-seq,.,polyA plus RNA-seq,UBERON:0002113,kidney,tissue,embryonic,encode,single,False,0.22629043459892273,OutputType.RNA_SEQ,,,
630,UBERON:0002167 polyA plus RNA-seq,.,polyA plus RNA-seq,UBERON:0002167,right lung,tissue,embryonic,encode,single,False,0.1865345537662506,OutputType.RNA_SEQ,,,
631,UBERON:0002168 polyA plus RNA-seq,.,polyA plus RNA-seq,UBERON:0002168,left lung,tissue,embryonic,encode,single,False,0.17341721057891846,OutputType.RNA_SEQ,,,
632,UBERON:0002190 gtex Adipose_Subcutaneous polyA plus RNA-seq,.,polyA plus RNA-seq,UBERON:0002190,subcutaneous adipose tissue,tissue,adult,gtex,paired,False,0.04698016494512558,OutputType.RNA_SEQ,Adipose_Subcutaneous,,
633,UBERON:0002240 polyA plus RNA-seq,.,polyA plus RNA-seq,UBERON:0002240,spinal cord,tissue,embryonic,encode,single,False,0.303958535194397,OutputType.RNA_SEQ,,,
634,UBERON:0002245 gtex Brain_Cerebellar_Hemisphere polyA plus RNA-seq,.,polyA plus RNA-seq,UBERON:0002245,cerebellar hemisphere,tissue,adult,gtex,paired,False,0.055197425186634064,OutputType.RNA_SEQ,Brain_Cerebellar_Hemisphere,,
635,UBERON:0002324 polyA plus RNA-seq,.,polyA plus RNA-seq,UBERON:0002324,muscle of back,tissue,embryonic,encode,single,False,0.2242487370967865,OutputType.RNA_SEQ,,,
636,UBERON:0002367 gtex Prostate polyA plus RNA-seq,.,polyA plus RNA-seq,UBERON:0002367,prostate gland,tissue,adult,gtex,paired,False,0.05147687718272209,OutputType.RNA_SEQ,Prostate,,
637,UBERON:0002369 gtex Adrenal_Gland polyA plus RNA-seq,.,polyA plus RNA-seq,UBERON:0002369,adrenal gland,tissue,adult,gtex,paired,False,0.05743984505534172,OutputType.RNA_SEQ,Adrenal_Gland,,
638,UBERON:0002369 polyA plus RNA-seq,.,polyA plus RNA-seq,UBERON:0002369,adrenal gland,tissue,embryonic,encode,single,False,0.32479262351989746,OutputType.RNA_SEQ,,,
639,UBERON:0002370 polyA plus RNA-seq,.,polyA plus RNA-seq,UBERON:0002370,thymus,tissue,embryonic,encode,single,False,0.17336340248584747,OutputType.RNA_SEQ,,,
640,UBERON:0003662 polyA plus RNA-seq,.,polyA plus RNA-seq,UBERON:0003662,forelimb muscle,tissue,embryonic,encode,single,False,0.5638512969017029,OutputType.RNA_SEQ,,,
641,UBERON:0003663 polyA plus RNA-seq,.,polyA plus RNA-seq,UBERON:0003663,hindlimb muscle,tissue,embryonic,encode,single,False,0.6374766826629639,OutputType.RNA_SEQ,,,
642,UBERON:0003889 gtex Fallopian_Tube polyA plus RNA-seq,.,polyA plus RNA-seq,UBERON:0003889,fallopian tube,tissue,adult,gtex,paired,False,0.12156927585601807,OutputType.RNA_SEQ,Fallopian_Tube,,
643,UBERON:0004264 gtex Skin_Sun_Exposed_Lower_leg polyA plus RNA-seq,.,polyA plus RNA-seq,UBERON:0004264,lower leg skin,tissue,adult,gtex,paired,False,0.044400908052921295,OutputType.RNA_SEQ,Skin_Sun_Exposed_Lower_leg,,
644,UBERON:0004538 polyA plus RNA-seq,.,polyA plus RNA-seq,UBERON:0004538,left kidney,tissue,embryonic,encode,single,False,0.3590563237667084,OutputType.RNA_SEQ,,,
645,UBERON:0004550 gtex Esophagus_Gastroesophageal_Junction polyA plus RNA-seq,.,polyA plus RNA-seq,UBERON:0004550,gastroesophageal sphincter,tissue,adult,gtex,paired,False,0.05182637274265289,OutputType.RNA_SEQ,Esophagus_Gastroesophageal_Junction,,
646,UBERON:0004648 gtex Esophagus_Muscularis polyA plus RNA-seq,.,polyA plus RNA-seq,UBERON:0004648,esophagus muscularis mucosa,tissue,adult,gtex,paired,False,0.05034983530640602,OutputType.RNA_SEQ,Esophagus_Muscularis,,
647,UBERON:0005270 polyA plus RNA-seq,.,polyA plus RNA-seq,UBERON:0005270,renal cortex interstitium,tissue,embryonic,encode,single,False,0.273677796125412,OutputType.RNA_SEQ,,,
648,UBERON:0006330 gtex Minor_Salivary_Gland polyA plus RNA-seq,.,polyA plus RNA-seq,UBERON:0006330,anterior lingual gland,tissue,adult,gtex,paired,False,0.05584359169006348,OutputType.RNA_SEQ,Minor_Salivary_Gland,,
649,UBERON:0006469 gtex Brain_Spinal_cord_cervical_c-1 polyA plus RNA-seq,.,polyA plus RNA-seq,UBERON:0006469,C1 segment of cervical spinal cord,tissue,adult,gtex,paired,False,0.06018725037574768,OutputType.RNA_SEQ,Brain_Spinal_cord_cervical_c-1,,
650,UBERON:0006566 gtex Heart_Left_Ventricle polyA plus RNA-seq,.,polyA plus RNA-seq,UBERON:0006566,left ventricle myocardium,tissue,adult,gtex,paired,False,0.05494289472699165,OutputType.RNA_SEQ,Heart_Left_Ventricle,,
651,UBERON:0006631 gtex Heart_Atrial_Appendage polyA plus RNA-seq,.,polyA plus RNA-seq,UBERON:0006631,right atrium auricular region,tissue,adult,gtex,paired,False,0.04985639825463295,OutputType.RNA_SEQ,Heart_Atrial_Appendage,,
652,UBERON:0006920 gtex Esophagus_Mucosa polyA plus RNA-seq,.,polyA plus RNA-seq,UBERON:0006920,esophagus squamous epithelium,tissue,adult,gtex,paired,False,0.05086713656783104,OutputType.RNA_SEQ,Esophagus_Mucosa,,
653,UBERON:0007610 gtex Artery_Tibial polyA plus RNA-seq,.,polyA plus RNA-seq,UBERON:0007610,tibial artery,tissue,adult,gtex,paired,False,0.04839674010872841,OutputType.RNA_SEQ,Artery_Tibial,,
654,UBERON:0008367 gtex Breast_Mammary_Tissue polyA plus RNA-seq,.,polyA plus RNA-seq,UBERON:0008367,breast epithelium,tissue,adult,gtex,paired,False,0.04591913893818855,OutputType.RNA_SEQ,Breast_Mammary_Tissue,,
655,UBERON:0008952 gtex Lung polyA plus RNA-seq,.,polyA plus RNA-seq,UBERON:0008952,upper lobe of left lung,tissue,adult,gtex,paired,False,0.04629707708954811,OutputType.RNA_SEQ,Lung,,
656,UBERON:0009834 gtex Brain_Frontal_Cortex_BA9 polyA plus RNA-seq,.,polyA plus RNA-seq,UBERON:0009834,dorsolateral prefrontal cortex,tissue,adult,gtex,paired,False,0.05219842493534088,OutputType.RNA_SEQ,Brain_Frontal_Cortex_BA9,,
657,UBERON:0009835 gtex Brain_Anterior_cingulate_cortex_BA24 polyA plus RNA-seq,.,polyA plus RNA-seq,UBERON:0009835,anterior cingulate cortex,tissue,adult,gtex,paired,False,0.05334325134754181,OutputType.RNA_SEQ,Brain_Anterior_cingulate_cortex_BA24,,
658,UBERON:0010414 gtex Adipose_Visceral_Omentum polyA plus RNA-seq,.,polyA plus RNA-seq,UBERON:0010414,omental fat pad,tissue,adult,gtex,paired,False,0.048737503588199615,OutputType.RNA_SEQ,Adipose_Visceral_Omentum,,
659,UBERON:0011907 gtex Muscle_Skeletal polyA plus RNA-seq,.,polyA plus RNA-seq,UBERON:0011907,gastrocnemius medialis,tissue,adult,gtex,paired,False,0.046867091208696365,OutputType.RNA_SEQ,Muscle_Skeletal,,
660,UBERON:0012249 gtex Cervix_Ectocervix polyA plus RNA-seq,.,polyA plus RNA-seq,UBERON:0012249,ectocervix,tissue,adult,gtex,paired,False,0.11553216725587845,OutputType.RNA_SEQ,Cervix_Ectocervix,,
661,UBERON:0013756 gtex Whole_Blood polyA plus RNA-seq,.,polyA plus RNA-seq,UBERON:0013756,venous blood,tissue,adult,gtex,paired,False,0.05588344484567642,OutputType.RNA_SEQ,Whole_Blood,,
662,UBERON:0018115 polyA plus RNA-seq,.,polyA plus RNA-seq,UBERON:0018115,left renal pelvis,tissue,embryonic,encode,single,False,0.2682223618030548,OutputType.RNA_SEQ,,,
663,UBERON:0018116 polyA plus RNA-seq,.,polyA plus RNA-seq,UBERON:0018116,right renal pelvis,tissue,embryonic,encode,single,False,0.25852155685424805,OutputType.RNA_SEQ,,,
664,UBERON:0018117 polyA plus RNA-seq,.,polyA plus RNA-seq,UBERON:0018117,left renal cortex interstitium,tissue,embryonic,encode,single,False,0.21519021689891815,OutputType.RNA_SEQ,,,
665,UBERON:0018118 polyA plus RNA-seq,.,polyA plus RNA-seq,UBERON:0018118,right renal cortex interstitium,tissue,embryonic,encode,single,False,0.3656761348247528,OutputType.RNA_SEQ,,,
666,UBERON:0036149 gtex Skin_Not_Sun_Exposed_Suprapubic polyA plus RNA-seq,.,polyA plus RNA-seq,UBERON:0036149,suprapubic skin,tissue,adult,gtex,paired,False,0.04540431126952171,OutputType.RNA_SEQ,Skin_Not_Sun_Exposed_Suprapubic,,
0,CL:0000047 Histone ChIP-seq H2AFZ,.,Histone ChIP-seq,CL:0000047,neuronal stem cell,in_vitro_differentiated_cells,embryonic,encode,single,False,0.9536862373352051,OutputType.CHIP_HISTONE,,H2AFZ,
1,CL:0000047 Histone ChIP-seq H2AK5ac,.,Histone ChIP-seq,CL:0000047,neuronal stem cell,in_vitro_differentiated_cells,embryonic,encode,single,False,0.8193653225898743,OutputType.CHIP_HISTONE,,H2AK5ac,
2,CL:0000047 Histone ChIP-seq H2BK5ac,.,Histone ChIP-seq,CL:0000047,neuronal stem cell,in_vitro_differentiated_cells,embryonic,encode,single,False,1.0392050743103027,OutputType.CHIP_HISTONE,,H2BK5ac,
3,CL:0000047 Histone ChIP-seq H3K18ac,.,Histone ChIP-seq,CL:0000047,neuronal stem cell,in_vitro_differentiated_cells,embryonic,encode,single,False,1.0500943660736084,OutputType.CHIP_HISTONE,,H3K18ac,
4,CL:0000047 Histone ChIP-seq H3K27ac,.,Histone ChIP-seq,CL:0000047,neuronal stem cell,in_vitro_differentiated_cells,embryonic,encode,single,False,0.7851823568344116,OutputType.CHIP_HISTONE,,H3K27ac,
5,CL:0000047 Histone ChIP-seq H3K27me3,.,Histone ChIP-seq,CL:0000047,neuronal stem cell,in_vitro_differentiated_cells,embryonic,encode,single,False,0.770723819732666,OutputType.CHIP_HISTONE,,H3K27me3,
6,CL:0000047 Histone ChIP-seq H3K36me3,.,Histone ChIP-seq,CL:0000047,neuronal stem cell,in_vitro_differentiated_cells,embryonic,encode,single,False,0.7708343863487244,OutputType.CHIP_HISTONE,,H3K36me3,
7,CL:0000047 Histone ChIP-seq H3K4me1,.,Histone ChIP-seq,CL:0000047,neuronal stem cell,in_vitro_differentiated_cells,embryonic,encode,single,False,0.7552356719970703,OutputType.CHIP_HISTONE,,H3K4me1,
8,CL:0000047 Histone ChIP-seq H3K4me2,.,Histone ChIP-seq,CL:0000047,neuronal stem cell,in_vitro_differentiated_cells,embryonic,encode,single,False,4.456033229827881,OutputType.CHIP_HISTONE,,H3K4me2,
9,CL:0000047 Histone ChIP-seq H3K4me3,.,Histone ChIP-seq,CL:0000047,neuronal stem cell,in_vitro_differentiated_cells,embryonic,encode,single,False,0.7188356518745422,OutputType.CHIP_HISTONE,,H3K4me3,
10,CL:0000047 Histone ChIP-seq H3K9me3,.,Histone ChIP-seq,CL:0000047,neuronal stem cell,in_vitro_differentiated_cells,embryonic,encode,single,False,0.9412810802459717,OutputType.CHIP_HISTONE,,H3K9me3,
11,CL:0000062 Histone ChIP-seq H2AFZ,.,Histone ChIP-seq,CL:0000062,osteoblast,primary_cell,unknown,encode,single,False,0.8986108303070068,OutputType.CHIP_HISTONE,,H2AFZ,
12,CL:0000062 Histone ChIP-seq H3K27ac,.,Histone ChIP-seq,CL:0000062,osteoblast,primary_cell,unknown,encode,single,False,0.9727509021759033,OutputType.CHIP_HISTONE,,H3K27ac,
13,CL:0000062 Histone ChIP-seq H3K27me3,.,Histone ChIP-seq,CL:0000062,osteoblast,primary_cell,unknown,encode,single,False,1.0972812175750732,OutputType.CHIP_HISTONE,,H3K27me3,
14,CL:0000062 Histone ChIP-seq H3K36me3,.,Histone ChIP-seq,CL:0000062,osteoblast,primary_cell,unknown,encode,single,False,1.015264868736267,OutputType.CHIP_HISTONE,,H3K36me3,
15,CL:0000062 Histone ChIP-seq H3K4me1,.,Histone ChIP-seq,CL:0000062,osteoblast,primary_cell,unknown,encode,single,False,1.1814732551574707,OutputType.CHIP_HISTONE,,H3K4me1,
16,CL:0000062 Histone ChIP-seq H3K4me2,.,Histone ChIP-seq,CL:0000062,osteoblast,primary_cell,unknown,encode,single,False,1.0706583261489868,OutputType.CHIP_HISTONE,,H3K4me2,
17,CL:0000062 Histone ChIP-seq H3K4me3,.,Histone ChIP-seq,CL:0000062,osteoblast,primary_cell,unknown,encode,single,False,0.8181998133659363,OutputType.CHIP_HISTONE,,H3K4me3,
18,CL:0000062 Histone ChIP-seq H3K79me2,.,Histone ChIP-seq,CL:0000062,osteoblast,primary_cell,unknown,encode,single,False,0.9088215231895447,OutputType.CHIP_HISTONE,,H3K79me2,
19,CL:0000062 Histone ChIP-seq H4K20me1,.,Histone ChIP-seq,CL:0000062,osteoblast,primary_cell,unknown,encode,single,False,0.9834175109863281,OutputType.CHIP_HISTONE,,H4K20me1,
20,CL:0000084 Histone ChIP-seq H3K27ac,.,Histone ChIP-seq,CL:0000084,T-cell,primary_cell,adult,encode,single,False,0.9991254806518555,OutputType.CHIP_HISTONE,,H3K27ac,
21,CL:0000084 Histone ChIP-seq H3K27me3,.,Histone ChIP-seq,CL:0000084,T-cell,primary_cell,adult,encode,single,False,1.5949115753173828,OutputType.CHIP_HISTONE,,H3K27me3,
22,CL:0000084 Histone ChIP-seq H3K36me3,.,Histone ChIP-seq,CL:0000084,T-cell,primary_cell,adult,encode,single,False,1.556289553642273,OutputType.CHIP_HISTONE,,H3K36me3,
23,CL:0000084 Histone ChIP-seq H3K4me1,.,Histone ChIP-seq,CL:0000084,T-cell,primary_cell,adult,encode,single,False,1.8891668319702148,OutputType.CHIP_HISTONE,,H3K4me1,
24,CL:0000084 Histone ChIP-seq H3K4me3,.,Histone ChIP-seq,CL:0000084,T-cell,primary_cell,adult,encode,single,False,1.0828938484191895,OutputType.CHIP_HISTONE,,H3K4me3,
25,CL:0000084 Histone ChIP-seq H3K9me3,.,Histone ChIP-seq,CL:0000084,T-cell,primary_cell,adult,encode,single,False,1.4542584419250488,OutputType.CHIP_HISTONE,,H3K9me3,
26,CL:0000100 Histone ChIP-seq H3K27ac,.,Histone ChIP-seq,CL:0000100,motor neuron,in_vitro_differentiated_cells,adult,encode,paired,False,0.7073226571083069,OutputType.CHIP_HISTONE,,H3K27ac,
27,CL:0000100 Histone ChIP-seq H3K4me1,.,Histone ChIP-seq,CL:0000100,motor neuron,in_vitro_differentiated_cells,adult,encode,paired,False,0.7302386164665222,OutputType.CHIP_HISTONE,,H3K4me1,
28,CL:0000100 Histone ChIP-seq H3K4me3,.,Histone ChIP-seq,CL:0000100,motor neuron,in_vitro_differentiated_cells,adult,encode,paired,False,0.5290273427963257,OutputType.CHIP_HISTONE,,H3K4me3,
29,CL:0000127 Histone ChIP-seq H2AFZ,.,Histone ChIP-seq,CL:0000127,astrocyte,primary_cell,unknown,encode,single,False,0.9853001832962036,OutputType.CHIP_HISTONE,,H2AFZ,
30,CL:0000127 Histone ChIP-seq H3K27ac,.,Histone ChIP-seq,CL:0000127,astrocyte,primary_cell,unknown,encode,single,False,1.4272104501724243,OutputType.CHIP_HISTONE,,H3K27ac,
31,CL:0000127 Histone ChIP-seq H3K27me3,.,Histone ChIP-seq,CL:0000127,astrocyte,primary_cell,unknown,encode,single,False,1.2708724737167358,OutputType.CHIP_HISTONE,,H3K27me3,
32,CL:0000127 Histone ChIP-seq H3K36me3,.,Histone ChIP-seq,CL:0000127,astrocyte,primary_cell,unknown,encode,single,False,1.2181681394577026,OutputType.CHIP_HISTONE,,H3K36me3,
33,CL:0000127 Histone ChIP-seq H3K4me1,.,Histone ChIP-seq,CL:0000127,astrocyte,primary_cell,unknown,encode,single,False,1.2631609439849854,OutputType.CHIP_HISTONE,,H3K4me1,
34,CL:0000127 Histone ChIP-seq H3K4me2,.,Histone ChIP-seq,CL:0000127,astrocyte,primary_cell,unknown,encode,single,False,0.9199391603469849,OutputType.CHIP_HISTONE,,H3K4me2,
35,CL:0000127 Histone ChIP-seq H3K4me3,.,Histone ChIP-seq,CL:0000127,astrocyte,primary_cell,unknown,encode,single,False,1.1788583993911743,OutputType.CHIP_HISTONE,,H3K4me3,
36,CL:0000127 Histone ChIP-seq H3K79me2,.,Histone ChIP-seq,CL:0000127,astrocyte,primary_cell,unknown,encode,single,False,1.0779250860214233,OutputType.CHIP_HISTONE,,H3K79me2,
37,CL:0000127 Histone ChIP-seq H3K9ac,.,Histone ChIP-seq,CL:0000127,astrocyte,primary_cell,unknown,encode,single,False,0.8123817443847656,OutputType.CHIP_HISTONE,,H3K9ac,
38,CL:0000127 Histone ChIP-seq H4K20me1,.,Histone ChIP-seq,CL:0000127,astrocyte,primary_cell,unknown,encode,single,False,0.8229295611381531,OutputType.CHIP_HISTONE,,H4K20me1,
39,CL:0000134 Histone ChIP-seq H2BK120ac,.,Histone ChIP-seq,CL:0000134,mesenchymal stem cell,in_vitro_differentiated_cells,embryonic,encode,single,False,1.5077080726623535,OutputType.CHIP_HISTONE,,H2BK120ac,
40,CL:0000134 Histone ChIP-seq H2BK12ac,.,Histone ChIP-seq,CL:0000134,mesenchymal stem cell,in_vitro_differentiated_cells,embryonic,encode,single,False,1.1039183139801025,OutputType.CHIP_HISTONE,,H2BK12ac,
41,CL:0000134 Histone ChIP-seq H3K14ac,.,Histone ChIP-seq,CL:0000134,mesenchymal stem cell,in_vitro_differentiated_cells,embryonic,encode,single,False,1.2969588041305542,OutputType.CHIP_HISTONE,,H3K14ac,
42,CL:0000134 Histone ChIP-seq H3K18ac,.,Histone ChIP-seq,CL:0000134,mesenchymal stem cell,in_vitro_differentiated_cells,embryonic,encode,single,False,1.0279197692871094,OutputType.CHIP_HISTONE,,H3K18ac,
43,CL:0000134 Histone ChIP-seq H3K27ac,.,Histone ChIP-seq,CL:0000134,mesenchymal stem cell,in_vitro_differentiated_cells,embryonic,encode,single,False,0.7909675240516663,OutputType.CHIP_HISTONE,,H3K27ac,
44,CL:0000134 Histone ChIP-seq H3K27me3,.,Histone ChIP-seq,CL:0000134,mesenchymal stem cell,primary_cell,adult,encode,single,False,1.0067557096481323,OutputType.CHIP_HISTONE,,H3K27me3,
45,CL:0000134 Histone ChIP-seq H3K36me3,.,Histone ChIP-seq,CL:0000134,mesenchymal stem cell,primary_cell,adult,encode,single,False,0.9950606822967529,OutputType.CHIP_HISTONE,,H3K36me3,
46,CL:0000134 Histone ChIP-seq H3K4ac,.,Histone ChIP-seq,CL:0000134,mesenchymal stem cell,in_vitro_differentiated_cells,embryonic,encode,single,False,1.0210992097854614,OutputType.CHIP_HISTONE,,H3K4ac,
47,CL:0000134 Histone ChIP-seq H3K4me1,.,Histone ChIP-seq,CL:0000134,mesenchymal stem cell,primary_cell,adult,encode,single,False,1.1552000045776367,OutputType.CHIP_HISTONE,,H3K4me1,
48,CL:0000134 Histone ChIP-seq H3K4me3,.,Histone ChIP-seq,CL:0000134,mesenchymal stem cell,primary_cell,adult,encode,single,False,0.9800390601158142,OutputType.CHIP_HISTONE,,H3K4me3,
49,CL:0000134 Histone ChIP-seq H3K9ac,.,Histone ChIP-seq,CL:0000134,mesenchymal stem cell,primary_cell,adult,encode,single,False,0.8497458100318909,OutputType.CHIP_HISTONE,,H3K9ac,
50,CL:0000134 Histone ChIP-seq H3K9me3,.,Histone ChIP-seq,CL:0000134,mesenchymal stem cell,primary_cell,adult,encode,single,False,1.0167886018753052,OutputType.CHIP_HISTONE,,H3K9me3,
51,CL:0000134 Histone ChIP-seq H4K8ac,.,Histone ChIP-seq,CL:0000134,mesenchymal stem cell,in_vitro_differentiated_cells,embryonic,encode,single,False,1.4190325736999512,OutputType.CHIP_HISTONE,,H4K8ac,
52,CL:0000134 Histone ChIP-seq H4K91ac,.,Histone ChIP-seq,CL:0000134,mesenchymal stem cell,in_vitro_differentiated_cells,embryonic,encode,single,False,1.3199173212051392,OutputType.CHIP_HISTONE,,H4K91ac,
53,CL:0000136 Histone ChIP-seq H3K27me3,.,Histone ChIP-seq,CL:0000136,adipocyte,in_vitro_differentiated_cells,adult,encode,single,False,0.963962733745575,OutputType.CHIP_HISTONE,,H3K27me3,
54,CL:0000136 Histone ChIP-seq H3K36me3,.,Histone ChIP-seq,CL:0000136,adipocyte,in_vitro_differentiated_cells,adult,encode,single,False,0.9868001341819763,OutputType.CHIP_HISTONE,,H3K36me3,
55,CL:0000136 Histone ChIP-seq H3K4me1,.,Histone ChIP-seq,CL:0000136,adipocyte,in_vitro_differentiated_cells,adult,encode,single,False,1.0046213865280151,OutputType.CHIP_HISTONE,,H3K4me1,
56,CL:0000136 Histone ChIP-seq H3K4me3,.,Histone ChIP-seq,CL:0000136,adipocyte,in_vitro_differentiated_cells,adult,encode,single,False,0.9553647637367249,OutputType.CHIP_HISTONE,,H3K4me3,
57,CL:0000136 Histone ChIP-seq H3K9ac,.,Histone ChIP-seq,CL:0000136,adipocyte,in_vitro_differentiated_cells,adult,encode,single,False,0.9475537538528442,OutputType.CHIP_HISTONE,,H3K9ac,
58,CL:0000136 Histone ChIP-seq H3K9me3,.,Histone ChIP-seq,CL:0000136,adipocyte,in_vitro_differentiated_cells,adult,encode,single,False,0.9842337965965271,OutputType.CHIP_HISTONE,,H3K9me3,
59,CL:0000182 Histone ChIP-seq H2AFZ,.,Histone ChIP-seq,CL:0000182,hepatocyte,in_vitro_differentiated_cells,embryonic,encode,single,False,0.7985633611679077,OutputType.CHIP_HISTONE,,H2AFZ,
60,CL:0000182 Histone ChIP-seq H3K27ac,.,Histone ChIP-seq,CL:0000182,hepatocyte,in_vitro_differentiated_cells,embryonic,encode,single,False,0.7550026774406433,OutputType.CHIP_HISTONE,,H3K27ac,
61,CL:0000182 Histone ChIP-seq H3K4me1,.,Histone ChIP-seq,CL:0000182,hepatocyte,in_vitro_differentiated_cells,embryonic,encode,single,False,0.8030983805656433,OutputType.CHIP_HISTONE,,H3K4me1,
62,CL:0000182 Histone ChIP-seq H3K4me2,.,Histone ChIP-seq,CL:0000182,hepatocyte,in_vitro_differentiated_cells,embryonic,encode,single,False,0.7852492928504944,OutputType.CHIP_HISTONE,,H3K4me2,
63,CL:0000182 Histone ChIP-seq H3K4me3,.,Histone ChIP-seq,CL:0000182,hepatocyte,in_vitro_differentiated_cells,embryonic,encode,single,False,0.8021527528762817,OutputType.CHIP_HISTONE,,H3K4me3,
64,CL:0000182 Histone ChIP-seq H3K79me2,.,Histone ChIP-seq,CL:0000182,hepatocyte,in_vitro_differentiated_cells,embryonic,encode,single,False,0.7845624685287476,OutputType.CHIP_HISTONE,,H3K79me2,
65,CL:0000182 Histone ChIP-seq H3K9ac,.,Histone ChIP-seq,CL:0000182,hepatocyte,in_vitro_differentiated_cells,embryonic,encode,single,False,0.8397226333618164,OutputType.CHIP_HISTONE,,H3K9ac,
66,CL:0000188 Histone ChIP-seq H3K4me3,.,Histone ChIP-seq,CL:0000188,skeletal muscle cell,primary_cell,unknown,encode,single,False,2.709303379058838,OutputType.CHIP_HISTONE,,H3K4me3,
67,CL:0000192 Histone ChIP-seq H2AFZ,.,Histone ChIP-seq,CL:0000192,smooth muscle cell,in_vitro_differentiated_cells,embryonic,encode,single,False,0.821370005607605,OutputType.CHIP_HISTONE,,H2AFZ,
68,CL:0000192 Histone ChIP-seq H3K27ac,.,Histone ChIP-seq,CL:0000192,smooth muscle cell,in_vitro_differentiated_cells,embryonic,encode,single,False,0.839430570602417,OutputType.CHIP_HISTONE,,H3K27ac,
69,CL:0000192 Histone ChIP-seq H3K27me3,.,Histone ChIP-seq,CL:0000192,smooth muscle cell,in_vitro_differentiated_cells,embryonic,encode,single,False,0.8422687649726868,OutputType.CHIP_HISTONE,,H3K27me3,
70,CL:0000192 Histone ChIP-seq H3K4me1,.,Histone ChIP-seq,CL:0000192,smooth muscle cell,in_vitro_differentiated_cells,embryonic,encode,single,False,0.8201920390129089,OutputType.CHIP_HISTONE,,H3K4me1,
71,CL:0000192 Histone ChIP-seq H3K4me2,.,Histone ChIP-seq,CL:0000192,smooth muscle cell,in_vitro_differentiated_cells,embryonic,encode,single,False,0.806756854057312,OutputType.CHIP_HISTONE,,H3K4me2,
72,CL:0000192 Histone ChIP-seq H3K4me3,.,Histone ChIP-seq,CL:0000192,smooth muscle cell,in_vitro_differentiated_cells,embryonic,encode,single,False,0.8416850566864014,OutputType.CHIP_HISTONE,,H3K4me3,
73,CL:0000192 Histone ChIP-seq H3K79me2,.,Histone ChIP-seq,CL:0000192,smooth muscle cell,in_vitro_differentiated_cells,embryonic,encode,single,False,0.8435471057891846,OutputType.CHIP_HISTONE,,H3K79me2,
74,CL:0000192 Histone ChIP-seq H3K9ac,.,Histone ChIP-seq,CL:0000192,smooth muscle cell,in_vitro_differentiated_cells,embryonic,encode,single,False,0.858325719833374,OutputType.CHIP_HISTONE,,H3K9ac,
75,CL:0000192 Histone ChIP-seq H4K20me1,.,Histone ChIP-seq,CL:0000192,smooth muscle cell,in_vitro_differentiated_cells,embryonic,encode,single,False,0.8388375639915466,OutputType.CHIP_HISTONE,,H4K20me1,
76,CL:0000221 Histone ChIP-seq H3K27me3,.,Histone ChIP-seq,CL:0000221,ectodermal cell,in_vitro_differentiated_cells,embryonic,encode,single,False,1.1612815856933594,OutputType.CHIP_HISTONE,,H3K27me3,
77,CL:0000221 Histone ChIP-seq H3K36me3,.,Histone ChIP-seq,CL:0000221,ectodermal cell,in_vitro_differentiated_cells,embryonic,encode,single,False,1.5367928743362427,OutputType.CHIP_HISTONE,,H3K36me3,
78,CL:0000221 Histone ChIP-seq H3K4me1,.,Histone ChIP-seq,CL:0000221,ectodermal cell,in_vitro_differentiated_cells,embryonic,encode,single,False,1.7136114835739136,OutputType.CHIP_HISTONE,,H3K4me1,
79,CL:0000221 Histone ChIP-seq H3K4me3,.,Histone ChIP-seq,CL:0000221,ectodermal cell,in_vitro_differentiated_cells,embryonic,encode,single,False,1.5633736848831177,OutputType.CHIP_HISTONE,,H3K4me3,
80,CL:0000222 Histone ChIP-seq H3K27ac,.,Histone ChIP-seq,CL:0000222,mesodermal cell,in_vitro_differentiated_cells,embryonic,encode,single,False,1.0044140815734863,OutputType.CHIP_HISTONE,,H3K27ac,
81,CL:0000222 Histone ChIP-seq H3K36me3,.,Histone ChIP-seq,CL:0000222,mesodermal cell,in_vitro_differentiated_cells,embryonic,encode,single,False,1.930644154548645,OutputType.CHIP_HISTONE,,H3K36me3,
82,CL:0000222 Histone ChIP-seq H3K4me1,.,Histone ChIP-seq,CL:0000222,mesodermal cell,in_vitro_differentiated_cells,embryonic,encode,single,False,2.2661662101745605,OutputType.CHIP_HISTONE,,H3K4me1,
83,CL:0000222 Histone ChIP-seq H3K4me3,.,Histone ChIP-seq,CL:0000222,mesodermal cell,in_vitro_differentiated_cells,embryonic,encode,single,False,5.64929723739624,OutputType.CHIP_HISTONE,,H3K4me3,
84,CL:0000222 Histone ChIP-seq H3K9me3,.,Histone ChIP-seq,CL:0000222,mesodermal cell,in_vitro_differentiated_cells,embryonic,encode,single,False,0.9807572364807129,OutputType.CHIP_HISTONE,,H3K9me3,
85,CL:0000223 Histone ChIP-seq H3K27ac,.,Histone ChIP-seq,CL:0000223,endodermal cell,in_vitro_differentiated_cells,embryonic,encode,single,False,0.9079552888870239,OutputType.CHIP_HISTONE,,H3K27ac,
86,CL:0000223 Histone ChIP-seq H3K27me3,.,Histone ChIP-seq,CL:0000223,endodermal cell,in_vitro_differentiated_cells,embryonic,encode,single,False,0.9090101718902588,OutputType.CHIP_HISTONE,,H3K27me3,
87,CL:0000223 Histone ChIP-seq H3K36me3,.,Histone ChIP-seq,CL:0000223,endodermal cell,in_vitro_differentiated_cells,embryonic,encode,single,False,0.9991441965103149,OutputType.CHIP_HISTONE,,H3K36me3,
88,CL:0000223 Histone ChIP-seq H3K4me1,.,Histone ChIP-seq,CL:0000223,endodermal cell,in_vitro_differentiated_cells,embryonic,encode,single,False,1.5521838665008545,OutputType.CHIP_HISTONE,,H3K4me1,
89,CL:0000223 Histone ChIP-seq H3K4me3,.,Histone ChIP-seq,CL:0000223,endodermal cell,in_vitro_differentiated_cells,embryonic,encode,single,False,0.8614636063575745,OutputType.CHIP_HISTONE,,H3K4me3,
90,CL:0000223 Histone ChIP-seq H3K9me3,.,Histone ChIP-seq,CL:0000223,endodermal cell,in_vitro_differentiated_cells,embryonic,encode,single,False,0.9326905608177185,OutputType.CHIP_HISTONE,,H3K9me3,
91,CL:0000236 Histone ChIP-seq H2AFZ,.,Histone ChIP-seq,CL:0000236,B cell,primary_cell,adult,encode,single,False,1.154281735420227,OutputType.CHIP_HISTONE,,H2AFZ,
92,CL:0000236 Histone ChIP-seq H3K27ac,.,Histone ChIP-seq,CL:0000236,B cell,primary_cell,adult,encode,single,False,0.7319360375404358,OutputType.CHIP_HISTONE,,H3K27ac,
93,CL:0000236 Histone ChIP-seq H3K27me3,.,Histone ChIP-seq,CL:0000236,B cell,primary_cell,adult,encode,single,False,0.9429988265037537,OutputType.CHIP_HISTONE,,H3K27me3,
94,CL:0000236 Histone ChIP-seq H3K36me3,.,Histone ChIP-seq,CL:0000236,B cell,primary_cell,adult,encode,single,False,1.481370449066162,OutputType.CHIP_HISTONE,,H3K36me3,
95,CL:0000236 Histone ChIP-seq H3K4me1,.,Histone ChIP-seq,CL:0000236,B cell,primary_cell,adult,encode,single,False,0.7308036684989929,OutputType.CHIP_HISTONE,,H3K4me1,
96,CL:0000236 Histone ChIP-seq H3K4me2,.,Histone ChIP-seq,CL:0000236,B cell,primary_cell,adult,encode,single,False,1.029736876487732,OutputType.CHIP_HISTONE,,H3K4me2,
97,CL:0000236 Histone ChIP-seq H3K4me3,.,Histone ChIP-seq,CL:0000236,B cell,primary_cell,adult,encode,single,False,0.789939820766449,OutputType.CHIP_HISTONE,,H3K4me3,
98,CL:0000236 Histone ChIP-seq H3K79me2,.,Histone ChIP-seq,CL:0000236,B cell,primary_cell,adult,encode,single,False,1.1787657737731934,OutputType.CHIP_HISTONE,,H3K79me2,
99,CL:0000236 Histone ChIP-seq H3K9ac,.,Histone ChIP-seq,CL:0000236,B cell,primary_cell,adult,encode,single,False,0.8615202903747559,OutputType.CHIP_HISTONE,,H3K9ac,
100,CL:0000236 Histone ChIP-seq H3K9me3,.,Histone ChIP-seq,CL:0000236,B cell,primary_cell,adult,encode,single,False,0.916641891002655,OutputType.CHIP_HISTONE,,H3K9me3,
101,CL:0000312 Histone ChIP-seq H2AFZ,.,Histone ChIP-seq,CL:0000312,keratinocyte,primary_cell,unknown,encode,single,False,0.8118183612823486,OutputType.CHIP_HISTONE,,H2AFZ,
102,CL:0000312 Histone ChIP-seq H3K27ac,.,Histone ChIP-seq,CL:0000312,keratinocyte,primary_cell,unknown,encode,single,False,2.179088830947876,OutputType.CHIP_HISTONE,,H3K27ac,
103,CL:0000312 Histone ChIP-seq H3K36me3,.,Histone ChIP-seq,CL:0000312,keratinocyte,primary_cell,unknown,encode,single,False,1.3998640775680542,OutputType.CHIP_HISTONE,,H3K36me3,
104,CL:0000312 Histone ChIP-seq H3K4me1,.,Histone ChIP-seq,CL:0000312,keratinocyte,primary_cell,unknown,encode,single,False,1.5928481817245483,OutputType.CHIP_HISTONE,,H3K4me1,
105,CL:0000312 Histone ChIP-seq H3K4me2,.,Histone ChIP-seq,CL:0000312,keratinocyte,primary_cell,unknown,encode,single,False,1.702629804611206,OutputType.CHIP_HISTONE,,H3K4me2,
106,CL:0000312 Histone ChIP-seq H3K4me3,.,Histone ChIP-seq,CL:0000312,keratinocyte,primary_cell,unknown,encode,single,False,0.7693329453468323,OutputType.CHIP_HISTONE,,H3K4me3,
107,CL:0000312 Histone ChIP-seq H3K79me2,.,Histone ChIP-seq,CL:0000312,keratinocyte,primary_cell,unknown,encode,single,False,1.2955195903778076,OutputType.CHIP_HISTONE,,H3K79me2,
108,CL:0000312 Histone ChIP-seq H3K9ac,.,Histone ChIP-seq,CL:0000312,keratinocyte,primary_cell,unknown,encode,single,False,1.6849207878112793,OutputType.CHIP_HISTONE,,H3K9ac,
109,CL:0000351 Histone ChIP-seq H2AK5ac,.,Histone ChIP-seq,CL:0000351,trophoblast cell,in_vitro_differentiated_cells,embryonic,encode,single,False,0.8748714327812195,OutputType.CHIP_HISTONE,,H2AK5ac,
110,CL:0000351 Histone ChIP-seq H2BK12ac,.,Histone ChIP-seq,CL:0000351,trophoblast cell,in_vitro_differentiated_cells,embryonic,encode,single,False,0.9820576906204224,OutputType.CHIP_HISTONE,,H2BK12ac,
111,CL:0000351 Histone ChIP-seq H3K14ac,.,Histone ChIP-seq,CL:0000351,trophoblast cell,in_vitro_differentiated_cells,embryonic,encode,single,False,0.9126267433166504,OutputType.CHIP_HISTONE,,H3K14ac,
112,CL:0000351 Histone ChIP-seq H3K18ac,.,Histone ChIP-seq,CL:0000351,trophoblast cell,in_vitro_differentiated_cells,embryonic,encode,single,False,0.9578627943992615,OutputType.CHIP_HISTONE,,H3K18ac,
113,CL:0000351 Histone ChIP-seq H3K27ac,.,Histone ChIP-seq,CL:0000351,trophoblast cell,in_vitro_differentiated_cells,embryonic,encode,single,False,1.0595502853393555,OutputType.CHIP_HISTONE,,H3K27ac,
114,CL:0000351 Histone ChIP-seq H3K36me3,.,Histone ChIP-seq,CL:0000351,trophoblast cell,in_vitro_differentiated_cells,embryonic,encode,single,False,0.8541465997695923,OutputType.CHIP_HISTONE,,H3K36me3,
115,CL:0000351 Histone ChIP-seq H3K4ac,.,Histone ChIP-seq,CL:0000351,trophoblast cell,in_vitro_differentiated_cells,embryonic,encode,single,False,1.019968867301941,OutputType.CHIP_HISTONE,,H3K4ac,
116,CL:0000351 Histone ChIP-seq H3K4me1,.,Histone ChIP-seq,CL:0000351,trophoblast cell,in_vitro_differentiated_cells,embryonic,encode,single,False,0.835045576095581,OutputType.CHIP_HISTONE,,H3K4me1,
117,CL:0000351 Histone ChIP-seq H3K4me2,.,Histone ChIP-seq,CL:0000351,trophoblast cell,in_vitro_differentiated_cells,embryonic,encode,single,False,0.8214141726493835,OutputType.CHIP_HISTONE,,H3K4me2,
118,CL:0000351 Histone ChIP-seq H3K4me3,.,Histone ChIP-seq,CL:0000351,trophoblast cell,in_vitro_differentiated_cells,embryonic,encode,single,False,1.1339974403381348,OutputType.CHIP_HISTONE,,H3K4me3,
119,CL:0000351 Histone ChIP-seq H3K79me1,.,Histone ChIP-seq,CL:0000351,trophoblast cell,in_vitro_differentiated_cells,embryonic,encode,single,False,1.1933636665344238,OutputType.CHIP_HISTONE,,H3K79me1,
120,CL:0000351 Histone ChIP-seq H3K9me3,.,Histone ChIP-seq,CL:0000351,trophoblast cell,in_vitro_differentiated_cells,embryonic,encode,single,False,1.1316494941711426,OutputType.CHIP_HISTONE,,H3K9me3,
121,CL:0000351 Histone ChIP-seq H4K8ac,.,Histone ChIP-seq,CL:0000351,trophoblast cell,in_vitro_differentiated_cells,embryonic,encode,single,False,1.0251048803329468,OutputType.CHIP_HISTONE,,H4K8ac,
122,CL:0000351 Histone ChIP-seq H4K91ac,.,Histone ChIP-seq,CL:0000351,trophoblast cell,in_vitro_differentiated_cells,embryonic,encode,single,False,1.682619571685791,OutputType.CHIP_HISTONE,,H4K91ac,
123,CL:0000515 Histone ChIP-seq H2AFZ,.,Histone ChIP-seq,CL:0000515,skeletal muscle myoblast,primary_cell,adult,encode,single,False,0.9730600714683533,OutputType.CHIP_HISTONE,,H2AFZ,
124,CL:0000515 Histone ChIP-seq H3K27ac,.,Histone ChIP-seq,CL:0000515,skeletal muscle myoblast,primary_cell,adult,encode,single,False,1.3889236450195312,OutputType.CHIP_HISTONE,,H3K27ac,
125,CL:0000515 Histone ChIP-seq H3K4me1,.,Histone ChIP-seq,CL:0000515,skeletal muscle myoblast,primary_cell,adult,encode,single,False,1.520578145980835,OutputType.CHIP_HISTONE,,H3K4me1,
126,CL:0000515 Histone ChIP-seq H3K4me2,.,Histone ChIP-seq,CL:0000515,skeletal muscle myoblast,primary_cell,adult,encode,single,False,1.1785502433776855,OutputType.CHIP_HISTONE,,H3K4me2,
127,CL:0000515 Histone ChIP-seq H3K4me3,.,Histone ChIP-seq,CL:0000515,skeletal muscle myoblast,primary_cell,adult,encode,single,False,0.7095293402671814,OutputType.CHIP_HISTONE,,H3K4me3,
128,CL:0000515 Histone ChIP-seq H3K79me2,.,Histone ChIP-seq,CL:0000515,skeletal muscle myoblast,primary_cell,adult,encode,single,False,1.056759238243103,OutputType.CHIP_HISTONE,,H3K79me2,
129,CL:0000515 Histone ChIP-seq H3K9ac,.,Histone ChIP-seq,CL:0000515,skeletal muscle myoblast,primary_cell,adult,encode,single,False,1.427546739578247,OutputType.CHIP_HISTONE,,H3K9ac,
130,CL:0000540 Histone ChIP-seq H2AFZ,.,Histone ChIP-seq,CL:0000540,neuron,in_vitro_differentiated_cells,embryonic,encode,single,False,1.061992883682251,OutputType.CHIP_HISTONE,,H2AFZ,
131,CL:0000540 Histone ChIP-seq H3K27me3,.,Histone ChIP-seq,CL:0000540,neuron,in_vitro_differentiated_cells,embryonic,encode,single,False,1.1989951133728027,OutputType.CHIP_HISTONE,,H3K27me3,
132,CL:0000540 Histone ChIP-seq H3K36me3,.,Histone ChIP-seq,CL:0000540,neuron,in_vitro_differentiated_cells,embryonic,encode,single,False,1.4886006116867065,OutputType.CHIP_HISTONE,,H3K36me3,
133,CL:0000540 Histone ChIP-seq H3K4me1,.,Histone ChIP-seq,CL:0000540,neuron,in_vitro_differentiated_cells,embryonic,encode,single,False,1.305953860282898,OutputType.CHIP_HISTONE,,H3K4me1,
134,CL:0000540 Histone ChIP-seq H3K4me3,.,Histone ChIP-seq,CL:0000540,neuron,in_vitro_differentiated_cells,embryonic,encode,single,False,0.9025025963783264,OutputType.CHIP_HISTONE,,H3K4me3,
135,CL:0000594 Histone ChIP-seq H3K27me3,.,Histone ChIP-seq,CL:0000594,skeletal muscle satellite cell,primary_cell,adult,encode,single,False,0.9547320604324341,OutputType.CHIP_HISTONE,,H3K27me3,
136,CL:0000594 Histone ChIP-seq H3K36me3,.,Histone ChIP-seq,CL:0000594,skeletal muscle satellite cell,primary_cell,adult,encode,single,False,0.9158826470375061,OutputType.CHIP_HISTONE,,H3K36me3,
137,CL:0000594 Histone ChIP-seq H3K4me1,.,Histone ChIP-seq,CL:0000594,skeletal muscle satellite cell,primary_cell,adult,encode,single,False,1.0326128005981445,OutputType.CHIP_HISTONE,,H3K4me1,
138,CL:0000594 Histone ChIP-seq H3K4me2,.,Histone ChIP-seq,CL:0000594,skeletal muscle satellite cell,primary_cell,adult,encode,single,False,0.958714485168457,OutputType.CHIP_HISTONE,,H3K4me2,
139,CL:0000594 Histone ChIP-seq H3K4me3,.,Histone ChIP-seq,CL:0000594,skeletal muscle satellite cell,primary_cell,adult,encode,single,False,0.8680325746536255,OutputType.CHIP_HISTONE,,H3K4me3,
140,CL:0000594 Histone ChIP-seq H3K9ac,.,Histone ChIP-seq,CL:0000594,skeletal muscle satellite cell,primary_cell,adult,encode,single,False,0.9965997934341431,OutputType.CHIP_HISTONE,,H3K9ac,
141,CL:0000623 Histone ChIP-seq H3K27ac,.,Histone ChIP-seq,CL:0000623,natural killer cell,primary_cell,adult,encode,single,False,1.1057385206222534,OutputType.CHIP_HISTONE,,H3K27ac,
142,CL:0000623 Histone ChIP-seq H3K36me3,.,Histone ChIP-seq,CL:0000623,natural killer cell,primary_cell,adult,encode,single,False,1.1983306407928467,OutputType.CHIP_HISTONE,,H3K36me3,
143,CL:0000623 Histone ChIP-seq H3K4me1,.,Histone ChIP-seq,CL:0000623,natural killer cell,primary_cell,adult,encode,single,False,1.7212512493133545,OutputType.CHIP_HISTONE,,H3K4me1,
144,CL:0000623 Histone ChIP-seq H3K4me3,.,Histone ChIP-seq,CL:0000623,natural killer cell,primary_cell,adult,encode,single,False,1.0924755334854126,OutputType.CHIP_HISTONE,,H3K4me3,
145,CL:0000623 Histone ChIP-seq H3K9me3,.,Histone ChIP-seq,CL:0000623,natural killer cell,primary_cell,adult,encode,single,False,1.444994568824768,OutputType.CHIP_HISTONE,,H3K9me3,
146,CL:0000624 Histone ChIP-seq H3K27ac,.,Histone ChIP-seq,CL:0000624,"CD4-positive, alpha-beta T cell",primary_cell,adult,encode,single,False,0.9602004289627075,OutputType.CHIP_HISTONE,,H3K27ac,
147,CL:0000624 Histone ChIP-seq H3K27me3,.,Histone ChIP-seq,CL:0000624,"CD4-positive, alpha-beta T cell",primary_cell,adult,encode,single,False,1.836999535560608,OutputType.CHIP_HISTONE,,H3K27me3,
148,CL:0000624 Histone ChIP-seq H3K36me3,.,Histone ChIP-seq,CL:0000624,"CD4-positive, alpha-beta T cell",primary_cell,adult,encode,single,False,1.4274044036865234,OutputType.CHIP_HISTONE,,H3K36me3,
149,CL:0000624 Histone ChIP-seq H3K4me1,.,Histone ChIP-seq,CL:0000624,"CD4-positive, alpha-beta T cell",primary_cell,adult,encode,single,False,1.9501261711120605,OutputType.CHIP_HISTONE,,H3K4me1,
150,CL:0000624 Histone ChIP-seq H3K4me3,.,Histone ChIP-seq,CL:0000624,"CD4-positive, alpha-beta T cell",primary_cell,adult,encode,single,False,1.1963306665420532,OutputType.CHIP_HISTONE,,H3K4me3,
151,CL:0000624 Histone ChIP-seq H3K9me3,.,Histone ChIP-seq,CL:0000624,"CD4-positive, alpha-beta T cell",primary_cell,adult,encode,single,False,1.860047459602356,OutputType.CHIP_HISTONE,,H3K9me3,
152,CL:0000625 Histone ChIP-seq H3K27ac,.,Histone ChIP-seq,CL:0000625,"CD8-positive, alpha-beta T cell",primary_cell,adult,encode,single,False,1.040993332862854,OutputType.CHIP_HISTONE,,H3K27ac,
153,CL:0000625 Histone ChIP-seq H3K27me3,.,Histone ChIP-seq,CL:0000625,"CD8-positive, alpha-beta T cell",primary_cell,adult,encode,single,False,1.77400541305542,OutputType.CHIP_HISTONE,,H3K27me3,
154,CL:0000625 Histone ChIP-seq H3K36me3,.,Histone ChIP-seq,CL:0000625,"CD8-positive, alpha-beta T cell",primary_cell,adult,encode,single,False,0.937209963798523,OutputType.CHIP_HISTONE,,H3K36me3,
155,CL:0000625 Histone ChIP-seq H3K4me1,.,Histone ChIP-seq,CL:0000625,"CD8-positive, alpha-beta T cell",primary_cell,adult,encode,single,False,1.0011892318725586,OutputType.CHIP_HISTONE,,H3K4me1,
156,CL:0000625 Histone ChIP-seq H3K4me3,.,Histone ChIP-seq,CL:0000625,"CD8-positive, alpha-beta T cell",primary_cell,adult,encode,single,False,1.409015417098999,OutputType.CHIP_HISTONE,,H3K4me3,
157,CL:0000625 Histone ChIP-seq H3K9ac,.,Histone ChIP-seq,CL:0000625,"CD8-positive, alpha-beta T cell",primary_cell,adult,encode,single,False,1.7480512857437134,OutputType.CHIP_HISTONE,,H3K9ac,
158,CL:0000625 Histone ChIP-seq H3K9me3,.,Histone ChIP-seq,CL:0000625,"CD8-positive, alpha-beta T cell",primary_cell,adult,encode,single,False,1.0857267379760742,OutputType.CHIP_HISTONE,,H3K9me3,
159,CL:0000706 Histone ChIP-seq H3K4me3,.,Histone ChIP-seq,CL:0000706,choroid plexus epithelial cell,primary_cell,unknown,encode,single,False,2.0453009605407715,OutputType.CHIP_HISTONE,,H3K4me3,
160,CL:0000746 Histone ChIP-seq H3K27ac,.,Histone ChIP-seq,CL:0000746,cardiac muscle cell,in_vitro_differentiated_cells,embryonic,encode,single,False,0.7914988994598389,OutputType.CHIP_HISTONE,,H3K27ac,
161,CL:0000746 Histone ChIP-seq H3K27me3,.,Histone ChIP-seq,CL:0000746,cardiac muscle cell,in_vitro_differentiated_cells,embryonic,encode,single,False,0.8161104917526245,OutputType.CHIP_HISTONE,,H3K27me3,
162,CL:0000746 Histone ChIP-seq H3K36me3,.,Histone ChIP-seq,CL:0000746,cardiac muscle cell,in_vitro_differentiated_cells,embryonic,encode,single,False,0.8119232654571533,OutputType.CHIP_HISTONE,,H3K36me3,
163,CL:0000746 Histone ChIP-seq H3K4me1,.,Histone ChIP-seq,CL:0000746,cardiac muscle cell,in_vitro_differentiated_cells,embryonic,encode,single,False,0.793128252029419,OutputType.CHIP_HISTONE,,H3K4me1,
164,CL:0000746 Histone ChIP-seq H3K4me3,.,Histone ChIP-seq,CL:0000746,cardiac muscle cell,primary_cell,unknown,encode,single,False,3.5106585025787354,OutputType.CHIP_HISTONE,,H3K4me3,
165,CL:0000775 Histone ChIP-seq H3K27ac,.,Histone ChIP-seq,CL:0000775,neutrophil,primary_cell,unknown,encode,single,False,0.8244473338127136,OutputType.CHIP_HISTONE,,H3K27ac,
166,CL:0000775 Histone ChIP-seq H3K27me3,.,Histone ChIP-seq,CL:0000775,neutrophil,primary_cell,unknown,encode,single,False,0.8658792972564697,OutputType.CHIP_HISTONE,,H3K27me3,
167,CL:0000775 Histone ChIP-seq H3K36me3,.,Histone ChIP-seq,CL:0000775,neutrophil,primary_cell,unknown,encode,single,False,0.8393487930297852,OutputType.CHIP_HISTONE,,H3K36me3,
168,CL:0000775 Histone ChIP-seq H3K4me1,.,Histone ChIP-seq,CL:0000775,neutrophil,primary_cell,unknown,encode,single,False,0.837249755859375,OutputType.CHIP_HISTONE,,H3K4me1,
169,CL:0000775 Histone ChIP-seq H3K4me3,.,Histone ChIP-seq,CL:0000775,neutrophil,primary_cell,unknown,encode,single,False,0.8037970662117004,OutputType.CHIP_HISTONE,,H3K4me3,
170,CL:0000775 Histone ChIP-seq H3K9me3,.,Histone ChIP-seq,CL:0000775,neutrophil,primary_cell,unknown,encode,single,False,1.2437853813171387,OutputType.CHIP_HISTONE,,H3K9me3,
171,CL:0000792 Histone ChIP-seq H3K27ac,.,Histone ChIP-seq,CL:0000792,"CD4-positive, CD25-positive, alpha-beta regulatory T cell",primary_cell,unknown,encode,single,False,3.7528088092803955,OutputType.CHIP_HISTONE,,H3K27ac,
172,CL:0000792 Histone ChIP-seq H3K27me3,.,Histone ChIP-seq,CL:0000792,"CD4-positive, CD25-positive, alpha-beta regulatory T cell",primary_cell,unknown,encode,single,False,1.3723632097244263,OutputType.CHIP_HISTONE,,H3K27me3,
173,CL:0000792 Histone ChIP-seq H3K36me3,.,Histone ChIP-seq,CL:0000792,"CD4-positive, CD25-positive, alpha-beta regulatory T cell",primary_cell,unknown,encode,single,False,0.9902058839797974,OutputType.CHIP_HISTONE,,H3K36me3,
174,CL:0000792 Histone ChIP-seq H3K4me1,.,Histone ChIP-seq,CL:0000792,"CD4-positive, CD25-positive, alpha-beta regulatory T cell",primary_cell,unknown,encode,single,False,1.428789496421814,OutputType.CHIP_HISTONE,,H3K4me1,
175,CL:0000792 Histone ChIP-seq H3K4me3,.,Histone ChIP-seq,CL:0000792,"CD4-positive, CD25-positive, alpha-beta regulatory T cell",primary_cell,unknown,encode,single,False,2.1308674812316895,OutputType.CHIP_HISTONE,,H3K4me3,
176,CL:0000792 Histone ChIP-seq H3K9me3,.,Histone ChIP-seq,CL:0000792,"CD4-positive, CD25-positive, alpha-beta regulatory T cell",primary_cell,unknown,encode,single,False,0.8295873999595642,OutputType.CHIP_HISTONE,,H3K9me3,
177,CL:0000842 Histone ChIP-seq H3K27me3,.,Histone ChIP-seq,CL:0000842,mononuclear cell,primary_cell,unknown,encode,single,False,0.8204377293586731,OutputType.CHIP_HISTONE,,H3K27me3,
178,CL:0000842 Histone ChIP-seq H3K4me1,.,Histone ChIP-seq,CL:0000842,mononuclear cell,primary_cell,unknown,encode,single,False,0.9629728198051453,OutputType.CHIP_HISTONE,,H3K4me1,
179,CL:0000842 Histone ChIP-seq H3K4me3,.,Histone ChIP-seq,CL:0000842,mononuclear cell,primary_cell,unknown,encode,single,False,0.8454005718231201,OutputType.CHIP_HISTONE,,H3K4me3,
180,CL:0000895 Histone ChIP-seq H3K27ac,.,Histone ChIP-seq,CL:0000895,"naive thymus-derived CD4-positive, alpha-beta T cell",primary_cell,unknown,encode,single,False,1.5007438659667969,OutputType.CHIP_HISTONE,,H3K27ac,
181,CL:0000895 Histone ChIP-seq H3K36me3,.,Histone ChIP-seq,CL:0000895,"naive thymus-derived CD4-positive, alpha-beta T cell",primary_cell,unknown,encode,single,False,0.7769186496734619,OutputType.CHIP_HISTONE,,H3K36me3,
182,CL:0000895 Histone ChIP-seq H3K4me1,.,Histone ChIP-seq,CL:0000895,"naive thymus-derived CD4-positive, alpha-beta T cell",primary_cell,unknown,encode,single,False,0.7501938343048096,OutputType.CHIP_HISTONE,,H3K4me1,
183,CL:0000895 Histone ChIP-seq H3K4me3,.,Histone ChIP-seq,CL:0000895,"naive thymus-derived CD4-positive, alpha-beta T cell",primary_cell,unknown,encode,single,False,0.7959851026535034,OutputType.CHIP_HISTONE,,H3K4me3,
184,CL:0000897 Histone ChIP-seq H3K27ac,.,Histone ChIP-seq,CL:0000897,"CD4-positive, alpha-beta memory T cell",primary_cell,unknown,encode,single,False,1.265649437904358,OutputType.CHIP_HISTONE,,H3K27ac,
185,CL:0000897 Histone ChIP-seq H3K36me3,.,Histone ChIP-seq,CL:0000897,"CD4-positive, alpha-beta memory T cell",primary_cell,unknown,encode,single,False,0.8145694732666016,OutputType.CHIP_HISTONE,,H3K36me3,
186,CL:0000897 Histone ChIP-seq H3K4me1,.,Histone ChIP-seq,CL:0000897,"CD4-positive, alpha-beta memory T cell",primary_cell,unknown,encode,single,False,0.8242737054824829,OutputType.CHIP_HISTONE,,H3K4me1,
187,CL:0000897 Histone ChIP-seq H3K4me3,.,Histone ChIP-seq,CL:0000897,"CD4-positive, alpha-beta memory T cell",primary_cell,unknown,encode,single,False,0.7992186546325684,OutputType.CHIP_HISTONE,,H3K4me3,
188,CL:0000905 Histone ChIP-seq H3K27ac,.,Histone ChIP-seq,CL:0000905,"effector memory CD4-positive, alpha-beta T cell",primary_cell,unknown,encode,single,False,1.443172574043274,OutputType.CHIP_HISTONE,,H3K27ac,
189,CL:0000905 Histone ChIP-seq H3K36me3,.,Histone ChIP-seq,CL:0000905,"effector memory CD4-positive, alpha-beta T cell",primary_cell,unknown,encode,single,False,0.9221175909042358,OutputType.CHIP_HISTONE,,H3K36me3,
190,CL:0000905 Histone ChIP-seq H3K4me3,.,Histone ChIP-seq,CL:0000905,"effector memory CD4-positive, alpha-beta T cell",primary_cell,unknown,encode,single,False,1.0698696374893188,OutputType.CHIP_HISTONE,,H3K4me3,
191,CL:0000909 Histone ChIP-seq H3K27ac,.,Histone ChIP-seq,CL:0000909,"CD8-positive, alpha-beta memory T cell",primary_cell,unknown,encode,single,False,1.3422130346298218,OutputType.CHIP_HISTONE,,H3K27ac,
192,CL:0000909 Histone ChIP-seq H3K36me3,.,Histone ChIP-seq,CL:0000909,"CD8-positive, alpha-beta memory T cell",primary_cell,unknown,encode,single,False,0.8160771131515503,OutputType.CHIP_HISTONE,,H3K36me3,
193,CL:0000909 Histone ChIP-seq H3K4me1,.,Histone ChIP-seq,CL:0000909,"CD8-positive, alpha-beta memory T cell",primary_cell,unknown,encode,single,False,0.8387834429740906,OutputType.CHIP_HISTONE,,H3K4me1,
194,CL:0000909 Histone ChIP-seq H3K4me3,.,Histone ChIP-seq,CL:0000909,"CD8-positive, alpha-beta memory T cell",primary_cell,unknown,encode,single,False,0.7764924168586731,OutputType.CHIP_HISTONE,,H3K4me3,
195,CL:0001054 Histone ChIP-seq H2AFZ,.,Histone ChIP-seq,CL:0001054,CD14-positive monocyte,primary_cell,unknown,encode,single,False,1.2726267576217651,OutputType.CHIP_HISTONE,,H2AFZ,
196,CL:0001054 Histone ChIP-seq H3K27ac,.,Histone ChIP-seq,CL:0001054,CD14-positive monocyte,primary_cell,adult,encode,single,False,1.366492509841919,OutputType.CHIP_HISTONE,,H3K27ac,
197,CL:0001054 Histone ChIP-seq H3K27me3,.,Histone ChIP-seq,CL:0001054,CD14-positive monocyte,primary_cell,adult,encode,single,False,1.2522672414779663,OutputType.CHIP_HISTONE,,H3K27me3,
198,CL:0001054 Histone ChIP-seq H3K36me3,.,Histone ChIP-seq,CL:0001054,CD14-positive monocyte,primary_cell,adult,encode,single,False,1.881212830543518,OutputType.CHIP_HISTONE,,H3K36me3,
199,CL:0001054 Histone ChIP-seq H3K4me1,.,Histone ChIP-seq,CL:0001054,CD14-positive monocyte,primary_cell,adult,encode,single,False,1.5222563743591309,OutputType.CHIP_HISTONE,,H3K4me1,
200,CL:0001054 Histone ChIP-seq H3K4me2,.,Histone ChIP-seq,CL:0001054,CD14-positive monocyte,primary_cell,unknown,encode,single,False,2.0045270919799805,OutputType.CHIP_HISTONE,,H3K4me2,
201,CL:0001054 Histone ChIP-seq H3K4me3,.,Histone ChIP-seq,CL:0001054,CD14-positive monocyte,primary_cell,adult,encode,single,False,1.1920089721679688,OutputType.CHIP_HISTONE,,H3K4me3,
202,CL:0001054 Histone ChIP-seq H3K79me2,.,Histone ChIP-seq,CL:0001054,CD14-positive monocyte,primary_cell,unknown,encode,single,False,1.653550148010254,OutputType.CHIP_HISTONE,,H3K79me2,
203,CL:0001054 Histone ChIP-seq H3K9ac,.,Histone ChIP-seq,CL:0001054,CD14-positive monocyte,primary_cell,unknown,encode,single,False,1.2866066694259644,OutputType.CHIP_HISTONE,,H3K9ac,
204,CL:0001054 Histone ChIP-seq H3K9me3,.,Histone ChIP-seq,CL:0001054,CD14-positive monocyte,primary_cell,adult,encode,single,False,1.3481738567352295,OutputType.CHIP_HISTONE,,H3K9me3,
205,CL:0001054 Histone ChIP-seq H4K20me1,.,Histone ChIP-seq,CL:0001054,CD14-positive monocyte,primary_cell,unknown,encode,single,False,1.5084744691848755,OutputType.CHIP_HISTONE,,H4K20me1,
206,CL:0001059 Histone ChIP-seq H3K27ac,.,Histone ChIP-seq,CL:0001059,"common myeloid progenitor, CD34-positive",primary_cell,adult,encode,single,False,1.7290501594543457,OutputType.CHIP_HISTONE,,H3K27ac,
207,CL:0001059 Histone ChIP-seq H3K27me3,.,Histone ChIP-seq,CL:0001059,"common myeloid progenitor, CD34-positive",primary_cell,adult,encode,single,False,0.9181594252586365,OutputType.CHIP_HISTONE,,H3K27me3,
208,CL:0001059 Histone ChIP-seq H3K36me3,.,Histone ChIP-seq,CL:0001059,"common myeloid progenitor, CD34-positive",primary_cell,adult,encode,single,False,0.9064100980758667,OutputType.CHIP_HISTONE,,H3K36me3,
209,CL:0001059 Histone ChIP-seq H3K4me1,.,Histone ChIP-seq,CL:0001059,"common myeloid progenitor, CD34-positive",primary_cell,adult,encode,single,False,1.0432772636413574,OutputType.CHIP_HISTONE,,H3K4me1,
210,CL:0001059 Histone ChIP-seq H3K4me3,.,Histone ChIP-seq,CL:0001059,"common myeloid progenitor, CD34-positive",primary_cell,adult,encode,single,False,1.0541969537734985,OutputType.CHIP_HISTONE,,H3K4me3,
211,CL:0001059 Histone ChIP-seq H3K9me3,.,Histone ChIP-seq,CL:0001059,"common myeloid progenitor, CD34-positive",primary_cell,adult,encode,single,False,1.2970075607299805,OutputType.CHIP_HISTONE,,H3K9me3,
212,CL:0002231 Histone ChIP-seq H3K27ac,.,Histone ChIP-seq,CL:0002231,epithelial cell of prostate,primary_cell,unknown,encode,paired,False,0.852828860282898,OutputType.CHIP_HISTONE,,H3K27ac,
213,CL:0002252 Histone ChIP-seq H3K4me3,.,Histone ChIP-seq,CL:0002252,epithelial cell of esophagus,primary_cell,unknown,encode,single,False,1.167810320854187,OutputType.CHIP_HISTONE,,H3K4me3,
214,CL:0002306 Histone ChIP-seq H3K4me3,.,Histone ChIP-seq,CL:0002306,epithelial cell of proximal tubule,primary_cell,unknown,encode,single,False,1.7776589393615723,OutputType.CHIP_HISTONE,,H3K4me3,
215,CL:0002319 Histone ChIP-seq H3K27ac,.,Histone ChIP-seq,CL:0002319,neural cell,in_vitro_differentiated_cells,embryonic,encode,single,False,0.8542282581329346,OutputType.CHIP_HISTONE,,H3K27ac,
216,CL:0002319 Histone ChIP-seq H3K4me3,.,Histone ChIP-seq,CL:0002319,neural cell,in_vitro_differentiated_cells,embryonic,encode,single,False,0.8454180955886841,OutputType.CHIP_HISTONE,,H3K4me3,
217,CL:0002319 Histone ChIP-seq H3K79me2,.,Histone ChIP-seq,CL:0002319,neural cell,in_vitro_differentiated_cells,embryonic,encode,single,False,0.8458381295204163,OutputType.CHIP_HISTONE,,H3K79me2,
218,CL:0002319 Histone ChIP-seq H3K9ac,.,Histone ChIP-seq,CL:0002319,neural cell,in_vitro_differentiated_cells,embryonic,encode,single,False,0.8596713542938232,OutputType.CHIP_HISTONE,,H3K9ac,
219,CL:0002324 Histone ChIP-seq H3K27me3,.,Histone ChIP-seq,CL:0002324,myoepithelial cell of mammary gland,primary_cell,adult,encode,single,False,1.2481344938278198,OutputType.CHIP_HISTONE,,H3K27me3,
220,CL:0002324 Histone ChIP-seq H3K36me3,.,Histone ChIP-seq,CL:0002324,myoepithelial cell of mammary gland,primary_cell,adult,encode,single,False,1.3310545682907104,OutputType.CHIP_HISTONE,,H3K36me3,
221,CL:0002324 Histone ChIP-seq H3K4me1,.,Histone ChIP-seq,CL:0002324,myoepithelial cell of mammary gland,primary_cell,adult,encode,single,False,1.1346843242645264,OutputType.CHIP_HISTONE,,H3K4me1,
222,CL:0002324 Histone ChIP-seq H3K4me3,.,Histone ChIP-seq,CL:0002324,myoepithelial cell of mammary gland,primary_cell,adult,encode,single,False,1.9428181648254395,OutputType.CHIP_HISTONE,,H3K4me3,
223,CL:0002324 Histone ChIP-seq H3K9ac,.,Histone ChIP-seq,CL:0002324,myoepithelial cell of mammary gland,primary_cell,adult,encode,single,False,1.8589320182800293,OutputType.CHIP_HISTONE,,H3K9ac,
224,CL:0002324 Histone ChIP-seq H3K9me3,.,Histone ChIP-seq,CL:0002324,myoepithelial cell of mammary gland,primary_cell,adult,encode,single,False,1.4625475406646729,OutputType.CHIP_HISTONE,,H3K9me3,
225,CL:0002326 Histone ChIP-seq H3K27me3,.,Histone ChIP-seq,CL:0002326,luminal epithelial cell of mammary gland,primary_cell,adult,encode,single,False,2.1947197914123535,OutputType.CHIP_HISTONE,,H3K27me3,
226,CL:0002326 Histone ChIP-seq H3K36me3,.,Histone ChIP-seq,CL:0002326,luminal epithelial cell of mammary gland,primary_cell,adult,encode,single,False,1.0798907279968262,OutputType.CHIP_HISTONE,,H3K36me3,
227,CL:0002326 Histone ChIP-seq H3K4me1,.,Histone ChIP-seq,CL:0002326,luminal epithelial cell of mammary gland,primary_cell,adult,encode,single,False,2.75551700592041,OutputType.CHIP_HISTONE,,H3K4me1,
228,CL:0002326 Histone ChIP-seq H3K9me3,.,Histone ChIP-seq,CL:0002326,luminal epithelial cell of mammary gland,primary_cell,adult,encode,single,False,1.7127506732940674,OutputType.CHIP_HISTONE,,H3K9me3,
229,CL:0002327 Histone ChIP-seq H2AFZ,.,Histone ChIP-seq,CL:0002327,mammary epithelial cell,primary_cell,adult,encode,single,False,1.0680005550384521,OutputType.CHIP_HISTONE,,H2AFZ,
230,CL:0002327 Histone ChIP-seq H3K27ac,.,Histone ChIP-seq,CL:0002327,mammary epithelial cell,primary_cell,adult,encode,single,False,1.4711294174194336,OutputType.CHIP_HISTONE,,H3K27ac,
231,CL:0002327 Histone ChIP-seq H3K27me3,.,Histone ChIP-seq,CL:0002327,mammary epithelial cell,primary_cell,adult,encode,single,False,1.1175118684768677,OutputType.CHIP_HISTONE,,H3K27me3,
232,CL:0002327 Histone ChIP-seq H3K36me3,.,Histone ChIP-seq,CL:0002327,mammary epithelial cell,primary_cell,adult,encode,single,False,0.9088714718818665,OutputType.CHIP_HISTONE,,H3K36me3,
233,CL:0002327 Histone ChIP-seq H3K4me1,.,Histone ChIP-seq,CL:0002327,mammary epithelial cell,primary_cell,adult,encode,single,False,1.1306720972061157,OutputType.CHIP_HISTONE,,H3K4me1,
234,CL:0002327 Histone ChIP-seq H3K4me2,.,Histone ChIP-seq,CL:0002327,mammary epithelial cell,primary_cell,adult,encode,single,False,1.4887701272964478,OutputType.CHIP_HISTONE,,H3K4me2,
235,CL:0002327 Histone ChIP-seq H3K4me3,.,Histone ChIP-seq,CL:0002327,mammary epithelial cell,primary_cell,adult,encode,single,False,0.7996102571487427,OutputType.CHIP_HISTONE,,H3K4me3,
236,CL:0002327 Histone ChIP-seq H3K79me2,.,Histone ChIP-seq,CL:0002327,mammary epithelial cell,primary_cell,adult,encode,single,False,1.5507910251617432,OutputType.CHIP_HISTONE,,H3K79me2,
237,CL:0002327 Histone ChIP-seq H3K9ac,.,Histone ChIP-seq,CL:0002327,mammary epithelial cell,primary_cell,adult,encode,single,False,1.8133935928344727,OutputType.CHIP_HISTONE,,H3K9ac,
238,CL:0002327 Histone ChIP-seq H3K9me3,.,Histone ChIP-seq,CL:0002327,mammary epithelial cell,primary_cell,adult,encode,single,False,1.11653470993042,OutputType.CHIP_HISTONE,,H3K9me3,
239,CL:0002328 Histone ChIP-seq H3K36me3,.,Histone ChIP-seq,CL:0002328,bronchial epithelial cell,primary_cell,unknown,encode,single,False,1.2896040678024292,OutputType.CHIP_HISTONE,,H3K36me3,
240,CL:0002328 Histone ChIP-seq H3K4me3,.,Histone ChIP-seq,CL:0002328,bronchial epithelial cell,primary_cell,unknown,encode,single,False,2.163724184036255,OutputType.CHIP_HISTONE,,H3K4me3,
241,CL:0002372 Histone ChIP-seq H2AFZ,.,Histone ChIP-seq,CL:0002372,myotube,in_vitro_differentiated_cells,adult,encode,single,False,1.1194050312042236,OutputType.CHIP_HISTONE,,H2AFZ,
242,CL:0002372 Histone ChIP-seq H3K27ac,.,Histone ChIP-seq,CL:0002372,myotube,in_vitro_differentiated_cells,adult,encode,single,False,1.9409259557724,OutputType.CHIP_HISTONE,,H3K27ac,
243,CL:0002372 Histone ChIP-seq H3K27me3,.,Histone ChIP-seq,CL:0002372,myotube,in_vitro_differentiated_cells,adult,encode,single,False,0.9280364513397217,OutputType.CHIP_HISTONE,,H3K27me3,
244,CL:0002372 Histone ChIP-seq H3K36me3,.,Histone ChIP-seq,CL:0002372,myotube,in_vitro_differentiated_cells,adult,encode,single,False,1.1428780555725098,OutputType.CHIP_HISTONE,,H3K36me3,
245,CL:0002372 Histone ChIP-seq H3K4me1,.,Histone ChIP-seq,CL:0002372,myotube,in_vitro_differentiated_cells,adult,encode,single,False,1.2412523031234741,OutputType.CHIP_HISTONE,,H3K4me1,
246,CL:0002372 Histone ChIP-seq H3K4me2,.,Histone ChIP-seq,CL:0002372,myotube,in_vitro_differentiated_cells,adult,encode,single,False,1.2531827688217163,OutputType.CHIP_HISTONE,,H3K4me2,
247,CL:0002372 Histone ChIP-seq H3K4me3,.,Histone ChIP-seq,CL:0002372,myotube,in_vitro_differentiated_cells,adult,encode,single,False,1.263627290725708,OutputType.CHIP_HISTONE,,H3K4me3,
248,CL:0002372 Histone ChIP-seq H3K79me2,.,Histone ChIP-seq,CL:0002372,myotube,in_vitro_differentiated_cells,adult,encode,single,False,1.1767727136611938,OutputType.CHIP_HISTONE,,H3K79me2,
249,CL:0002372 Histone ChIP-seq H3K9ac,.,Histone ChIP-seq,CL:0002372,myotube,in_vitro_differentiated_cells,adult,encode,single,False,1.109142780303955,OutputType.CHIP_HISTONE,,H3K9ac,
250,CL:0002518 Histone ChIP-seq H3K27me3,.,Histone ChIP-seq,CL:0002518,kidney epithelial cell,primary_cell,unknown,encode,single,False,1.0444138050079346,OutputType.CHIP_HISTONE,,H3K27me3,
251,CL:0002518 Histone ChIP-seq H3K4me3,.,Histone ChIP-seq,CL:0002518,kidney epithelial cell,primary_cell,unknown,encode,single,False,2.2789642810821533,OutputType.CHIP_HISTONE,,H3K4me3,
252,CL:0002547 Histone ChIP-seq H3K4me3,.,Histone ChIP-seq,CL:0002547,fibroblast of the aortic adventitia,primary_cell,unknown,encode,single,False,2.15855073928833,OutputType.CHIP_HISTONE,,H3K4me3,
253,CL:0002548 Histone ChIP-seq H3K4me3,.,Histone ChIP-seq,CL:0002548,cardiac fibroblast,primary_cell,adult,encode,single,False,4.85253381729126,OutputType.CHIP_HISTONE,,H3K4me3,
254,CL:0002551 Histone ChIP-seq H3K27ac,.,Histone ChIP-seq,CL:0002551,fibroblast of dermis,primary_cell,unknown,encode,single,False,1.0494565963745117,OutputType.CHIP_HISTONE,,H3K27ac,
255,CL:0002551 Histone ChIP-seq H3K36me3,.,Histone ChIP-seq,CL:0002551,fibroblast of dermis,primary_cell,unknown,encode,single,False,1.0272518396377563,OutputType.CHIP_HISTONE,,H3K36me3,
256,CL:0002551 Histone ChIP-seq H3K4me1,.,Histone ChIP-seq,CL:0002551,fibroblast of dermis,primary_cell,unknown,encode,single,False,1.0379791259765625,OutputType.CHIP_HISTONE,,H3K4me1,
257,CL:0002551 Histone ChIP-seq H3K4me2,.,Histone ChIP-seq,CL:0002551,fibroblast of dermis,primary_cell,unknown,encode,single,False,1.0568110942840576,OutputType.CHIP_HISTONE,,H3K4me2,
258,CL:0002551 Histone ChIP-seq H3K4me3,.,Histone ChIP-seq,CL:0002551,fibroblast of dermis,primary_cell,"adult,unknown",encode,single,False,0.9473881721496582,OutputType.CHIP_HISTONE,,H3K4me3,
259,CL:0002551 Histone ChIP-seq H3K79me2,.,Histone ChIP-seq,CL:0002551,fibroblast of dermis,primary_cell,unknown,encode,single,False,0.9836273789405823,OutputType.CHIP_HISTONE,,H3K79me2,
260,CL:0002551 Histone ChIP-seq H3K9ac,.,Histone ChIP-seq,CL:0002551,fibroblast of dermis,primary_cell,unknown,encode,single,False,1.1766735315322876,OutputType.CHIP_HISTONE,,H3K9ac,
261,CL:0002553 Histone ChIP-seq H2AFZ,.,Histone ChIP-seq,CL:0002553,fibroblast of lung,primary_cell,"child,adult",encode,single,False,0.7723867297172546,OutputType.CHIP_HISTONE,,H2AFZ,
262,CL:0002553 Histone ChIP-seq H3K27ac,.,Histone ChIP-seq,CL:0002553,fibroblast of lung,primary_cell,"adult,child",encode,single,False,1.5028578042984009,OutputType.CHIP_HISTONE,,H3K27ac,
263,CL:0002553 Histone ChIP-seq H3K27me3,.,Histone ChIP-seq,CL:0002553,fibroblast of lung,primary_cell,"child,adult",encode,single,False,1.440978765487671,OutputType.CHIP_HISTONE,,H3K27me3,
264,CL:0002553 Histone ChIP-seq H3K36me3,.,Histone ChIP-seq,CL:0002553,fibroblast of lung,primary_cell,"adult,child",encode,single,False,1.2858548164367676,OutputType.CHIP_HISTONE,,H3K36me3,
265,CL:0002553 Histone ChIP-seq H3K4me2,.,Histone ChIP-seq,CL:0002553,fibroblast of lung,primary_cell,"adult,child",encode,single,False,2.077979326248169,OutputType.CHIP_HISTONE,,H3K4me2,
266,CL:0002553 Histone ChIP-seq H3K4me3,.,Histone ChIP-seq,CL:0002553,fibroblast of lung,primary_cell,adult,encode,single,False,1.4736813306808472,OutputType.CHIP_HISTONE,,H3K4me3,
267,CL:0002553 Histone ChIP-seq H3K79me2,.,Histone ChIP-seq,CL:0002553,fibroblast of lung,primary_cell,"adult,child",encode,single,False,1.2818126678466797,OutputType.CHIP_HISTONE,,H3K79me2,
268,CL:0002553 Histone ChIP-seq H3K9ac,.,Histone ChIP-seq,CL:0002553,fibroblast of lung,primary_cell,"child,adult",encode,single,False,1.6244899034500122,OutputType.CHIP_HISTONE,,H3K9ac,
269,CL:0002555 Histone ChIP-seq H3K4me3,.,Histone ChIP-seq,CL:0002555,fibroblast of mammary gland,primary_cell,unknown,encode,single,False,1.3848494291305542,OutputType.CHIP_HISTONE,,H3K4me3,
270,CL:0002557 Histone ChIP-seq H3K4me3,.,Histone ChIP-seq,CL:0002557,fibroblast of pulmonary artery,primary_cell,unknown,encode,single,False,1.9677774906158447,OutputType.CHIP_HISTONE,,H3K4me3,
271,CL:0002558 Histone ChIP-seq H3K4me3,.,Histone ChIP-seq,CL:0002558,fibroblast of villous mesenchyme,primary_cell,unknown,encode,single,False,1.4901968240737915,OutputType.CHIP_HISTONE,,H3K4me3,
272,CL:0002586 Histone ChIP-seq H3K4me3,.,Histone ChIP-seq,CL:0002586,retinal pigment epithelial cell,primary_cell,unknown,encode,single,False,1.5056036710739136,OutputType.CHIP_HISTONE,,H3K4me3,
273,CL:0002603 Histone ChIP-seq H3K4me3,.,Histone ChIP-seq,CL:0002603,astrocyte of the cerebellum,primary_cell,unknown,encode,single,False,2.751863956451416,OutputType.CHIP_HISTONE,,H3K4me3,
274,CL:0002606 Histone ChIP-seq H3K4me3,.,Histone ChIP-seq,CL:0002606,astrocyte of the spinal cord,primary_cell,unknown,encode,single,False,1.5362993478775024,OutputType.CHIP_HISTONE,,H3K4me3,
275,CL:0002618 Histone ChIP-seq H2AFZ,.,Histone ChIP-seq,CL:0002618,endothelial cell of umbilical vein,primary_cell,newborn,encode,single,False,0.8388957977294922,OutputType.CHIP_HISTONE,,H2AFZ,
276,CL:0002618 Histone ChIP-seq H3K27ac,.,Histone ChIP-seq,CL:0002618,endothelial cell of umbilical vein,primary_cell,newborn,encode,single,False,1.413582444190979,OutputType.CHIP_HISTONE,,H3K27ac,
277,CL:0002618 Histone ChIP-seq H3K27me3,.,Histone ChIP-seq,CL:0002618,endothelial cell of umbilical vein,primary_cell,newborn,encode,single,False,0.9519431591033936,OutputType.CHIP_HISTONE,,H3K27me3,
278,CL:0002618 Histone ChIP-seq H3K36me3,.,Histone ChIP-seq,CL:0002618,endothelial cell of umbilical vein,primary_cell,newborn,encode,single,False,1.1424281597137451,OutputType.CHIP_HISTONE,,H3K36me3,
279,CL:0002618 Histone ChIP-seq H3K4me1,.,Histone ChIP-seq,CL:0002618,endothelial cell of umbilical vein,primary_cell,newborn,encode,single,False,1.3022959232330322,OutputType.CHIP_HISTONE,,H3K4me1,
280,CL:0002618 Histone ChIP-seq H3K4me2,.,Histone ChIP-seq,CL:0002618,endothelial cell of umbilical vein,primary_cell,newborn,encode,single,False,1.3143960237503052,OutputType.CHIP_HISTONE,,H3K4me2,
281,CL:0002618 Histone ChIP-seq H3K4me3,.,Histone ChIP-seq,CL:0002618,endothelial cell of umbilical vein,primary_cell,newborn,encode,single,False,0.6240338087081909,OutputType.CHIP_HISTONE,,H3K4me3,
282,CL:0002618 Histone ChIP-seq H3K79me2,.,Histone ChIP-seq,CL:0002618,endothelial cell of umbilical vein,primary_cell,newborn,encode,single,False,1.296781063079834,OutputType.CHIP_HISTONE,,H3K79me2,
283,CL:0002618 Histone ChIP-seq H3K9ac,.,Histone ChIP-seq,CL:0002618,endothelial cell of umbilical vein,primary_cell,newborn,encode,single,False,1.4204692840576172,OutputType.CHIP_HISTONE,,H3K9ac,
284,CL:0011020 Histone ChIP-seq H2AFZ,.,Histone ChIP-seq,CL:0011020,neural progenitor cell,in_vitro_differentiated_cells,embryonic,encode,single,False,0.8875049948692322,OutputType.CHIP_HISTONE,,H2AFZ,
285,CL:0011020 Histone ChIP-seq H3F3A,.,Histone ChIP-seq,CL:0011020,neural progenitor cell,in_vitro_differentiated_cells,embryonic,encode,single,False,0.8334057927131653,OutputType.CHIP_HISTONE,,H3F3A,
286,CL:0011020 Histone ChIP-seq H3K27ac,.,Histone ChIP-seq,CL:0011020,neural progenitor cell,in_vitro_differentiated_cells,embryonic,encode,single,False,0.8626130223274231,OutputType.CHIP_HISTONE,,H3K27ac,
287,CL:0011020 Histone ChIP-seq H3K27me3,.,Histone ChIP-seq,CL:0011020,neural progenitor cell,in_vitro_differentiated_cells,embryonic,encode,single,False,0.8359968066215515,OutputType.CHIP_HISTONE,,H3K27me3,
288,CL:0011020 Histone ChIP-seq H3K4me1,.,Histone ChIP-seq,CL:0011020,neural progenitor cell,in_vitro_differentiated_cells,embryonic,encode,single,False,0.819572389125824,OutputType.CHIP_HISTONE,,H3K4me1,
289,CL:0011020 Histone ChIP-seq H3K4me2,.,Histone ChIP-seq,CL:0011020,neural progenitor cell,in_vitro_differentiated_cells,embryonic,encode,single,False,0.8100183606147766,OutputType.CHIP_HISTONE,,H3K4me2,
290,CL:0011020 Histone ChIP-seq H3K4me3,.,Histone ChIP-seq,CL:0011020,neural progenitor cell,in_vitro_differentiated_cells,embryonic,encode,single,False,0.7950120568275452,OutputType.CHIP_HISTONE,,H3K4me3,
291,CL:0011020 Histone ChIP-seq H3K79me2,.,Histone ChIP-seq,CL:0011020,neural progenitor cell,in_vitro_differentiated_cells,embryonic,encode,single,False,0.8412899374961853,OutputType.CHIP_HISTONE,,H3K79me2,
292,CL:0011020 Histone ChIP-seq H4K20me1,.,Histone ChIP-seq,CL:0011020,neural progenitor cell,in_vitro_differentiated_cells,embryonic,encode,single,False,0.8494463562965393,OutputType.CHIP_HISTONE,,H4K20me1,
293,CL:1001606 Histone ChIP-seq H3K27ac,.,Histone ChIP-seq,CL:1001606,foreskin keratinocyte,primary_cell,newborn,encode,paired,False,0.7617563605308533,OutputType.CHIP_HISTONE,,H3K27ac,
294,CL:1001606 Histone ChIP-seq H3K27me3,.,Histone ChIP-seq,CL:1001606,foreskin keratinocyte,primary_cell,newborn,encode,paired,False,0.8125223517417908,OutputType.CHIP_HISTONE,,H3K27me3,
295,CL:1001606 Histone ChIP-seq H3K36me3,.,Histone ChIP-seq,CL:1001606,foreskin keratinocyte,primary_cell,newborn,encode,paired,False,0.9963340163230896,OutputType.CHIP_HISTONE,,H3K36me3,
296,CL:1001606 Histone ChIP-seq H3K4me1,.,Histone ChIP-seq,CL:1001606,foreskin keratinocyte,primary_cell,newborn,encode,paired,False,0.7609577775001526,OutputType.CHIP_HISTONE,,H3K4me1,
297,CL:1001606 Histone ChIP-seq H3K4me3,.,Histone ChIP-seq,CL:1001606,foreskin keratinocyte,primary_cell,newborn,encode,paired,False,1.7137986421585083,OutputType.CHIP_HISTONE,,H3K4me3,
298,CL:1001606 Histone ChIP-seq H3K9ac,.,Histone ChIP-seq,CL:1001606,foreskin keratinocyte,primary_cell,newborn,encode,single,False,1.2208507061004639,OutputType.CHIP_HISTONE,,H3K9ac,
299,CL:1001606 Histone ChIP-seq H3K9me3,.,Histone ChIP-seq,CL:1001606,foreskin keratinocyte,primary_cell,newborn,encode,paired,False,0.9907357096672058,OutputType.CHIP_HISTONE,,H3K9me3,
300,CL:1001608 Histone ChIP-seq H3K27ac,.,Histone ChIP-seq,CL:1001608,foreskin fibroblast,primary_cell,newborn,encode,single,False,0.8477483987808228,OutputType.CHIP_HISTONE,,H3K27ac,
301,CL:1001608 Histone ChIP-seq H3K27me3,.,Histone ChIP-seq,CL:1001608,foreskin fibroblast,primary_cell,newborn,encode,single,False,0.8903656005859375,OutputType.CHIP_HISTONE,,H3K27me3,
302,CL:1001608 Histone ChIP-seq H3K36me3,.,Histone ChIP-seq,CL:1001608,foreskin fibroblast,primary_cell,newborn,encode,single,False,0.8516900539398193,OutputType.CHIP_HISTONE,,H3K36me3,
303,CL:1001608 Histone ChIP-seq H3K4me1,.,Histone ChIP-seq,CL:1001608,foreskin fibroblast,primary_cell,newborn,encode,single,False,0.8369209170341492,OutputType.CHIP_HISTONE,,H3K4me1,
304,CL:1001608 Histone ChIP-seq H3K4me3,.,Histone ChIP-seq,CL:1001608,foreskin fibroblast,primary_cell,newborn,encode,paired,False,1.0306044816970825,OutputType.CHIP_HISTONE,,H3K4me3,
305,CL:1001608 Histone ChIP-seq H3K9me3,.,Histone ChIP-seq,CL:1001608,foreskin fibroblast,primary_cell,newborn,encode,single,False,0.8815646171569824,OutputType.CHIP_HISTONE,,H3K9me3,
306,CL:2000001 Histone ChIP-seq H3K27ac,.,Histone ChIP-seq,CL:2000001,peripheral blood mononuclear cell,primary_cell,adult,encode,single,False,0.8418717384338379,OutputType.CHIP_HISTONE,,H3K27ac,
307,CL:2000001 Histone ChIP-seq H3K27me3,.,Histone ChIP-seq,CL:2000001,peripheral blood mononuclear cell,primary_cell,adult,encode,single,False,1.1466968059539795,OutputType.CHIP_HISTONE,,H3K27me3,
308,CL:2000001 Histone ChIP-seq H3K36me3,.,Histone ChIP-seq,CL:2000001,peripheral blood mononuclear cell,primary_cell,adult,encode,single,False,1.0044301748275757,OutputType.CHIP_HISTONE,,H3K36me3,
309,CL:2000001 Histone ChIP-seq H3K4me1,.,Histone ChIP-seq,CL:2000001,peripheral blood mononuclear cell,primary_cell,adult,encode,single,False,0.8782188892364502,OutputType.CHIP_HISTONE,,H3K4me1,
310,CL:2000001 Histone ChIP-seq H3K4me3,.,Histone ChIP-seq,CL:2000001,peripheral blood mononuclear cell,primary_cell,adult,encode,single,False,0.8846347332000732,OutputType.CHIP_HISTONE,,H3K4me3,
311,CL:2000001 Histone ChIP-seq H3K9ac,.,Histone ChIP-seq,CL:2000001,peripheral blood mononuclear cell,primary_cell,adult,encode,single,False,0.9377597570419312,OutputType.CHIP_HISTONE,,H3K9ac,
312,CL:2000001 Histone ChIP-seq H3K9me3,.,Histone ChIP-seq,CL:2000001,peripheral blood mononuclear cell,primary_cell,adult,encode,single,False,1.2266879081726074,OutputType.CHIP_HISTONE,,H3K9me3,
313,CL:2000044 Histone ChIP-seq H3K27ac,.,Histone ChIP-seq,CL:2000044,brain microvascular endothelial cell,primary_cell,unknown,encode,paired,False,0.6727954149246216,OutputType.CHIP_HISTONE,,H3K27ac,
314,CL:2000044 Histone ChIP-seq H3K36me3,.,Histone ChIP-seq,CL:2000044,brain microvascular endothelial cell,primary_cell,unknown,encode,paired,False,0.76507169008255,OutputType.CHIP_HISTONE,,H3K36me3,
315,CL:2000044 Histone ChIP-seq H3K4me3,.,Histone ChIP-seq,CL:2000044,brain microvascular endothelial cell,primary_cell,unknown,encode,single,False,2.3882954120635986,OutputType.CHIP_HISTONE,,H3K4me3,
316,CL:2000045 Histone ChIP-seq H3K27ac,.,Histone ChIP-seq,CL:2000045,foreskin melanocyte,primary_cell,newborn,encode,paired,False,0.9535868763923645,OutputType.CHIP_HISTONE,,H3K27ac,
317,CL:2000045 Histone ChIP-seq H3K27me3,.,Histone ChIP-seq,CL:2000045,foreskin melanocyte,primary_cell,newborn,encode,paired,False,1.1221071481704712,OutputType.CHIP_HISTONE,,H3K27me3,
318,CL:2000045 Histone ChIP-seq H3K36me3,.,Histone ChIP-seq,CL:2000045,foreskin melanocyte,primary_cell,newborn,encode,paired,False,1.2483108043670654,OutputType.CHIP_HISTONE,,H3K36me3,
319,CL:2000045 Histone ChIP-seq H3K4me1,.,Histone ChIP-seq,CL:2000045,foreskin melanocyte,primary_cell,newborn,encode,paired,False,1.0487231016159058,OutputType.CHIP_HISTONE,,H3K4me1,
320,CL:2000045 Histone ChIP-seq H3K4me3,.,Histone ChIP-seq,CL:2000045,foreskin melanocyte,primary_cell,newborn,encode,paired,False,1.4662927389144897,OutputType.CHIP_HISTONE,,H3K4me3,
321,CL:2000045 Histone ChIP-seq H3K9ac,.,Histone ChIP-seq,CL:2000045,foreskin melanocyte,primary_cell,newborn,encode,single,False,1.2747563123703003,OutputType.CHIP_HISTONE,,H3K9ac,
322,CL:2000045 Histone ChIP-seq H3K9me3,.,Histone ChIP-seq,CL:2000045,foreskin melanocyte,primary_cell,newborn,encode,paired,False,1.3538326025009155,OutputType.CHIP_HISTONE,,H3K9me3,
323,CLO:0007045 Histone ChIP-seq H3K4me3,.,Histone ChIP-seq,CLO:0007045,"Jurkat, Clone E6-1",cell_line,child,encode,single,False,1.377289891242981,OutputType.CHIP_HISTONE,,H3K4me3,
324,CLO:0021511 Histone ChIP-seq H3K4me3,.,Histone ChIP-seq,CLO:0021511,AG10803,cell_line,adult,encode,single,False,1.5706654787063599,OutputType.CHIP_HISTONE,,H3K4me3,
325,CLO:0021752 Histone ChIP-seq H3K4me3,.,Histone ChIP-seq,CLO:0021752,AG09309,cell_line,adult,encode,single,False,1.7879945039749146,OutputType.CHIP_HISTONE,,H3K4me3,
326,CLO:0021754 Histone ChIP-seq H3K4me3,.,Histone ChIP-seq,CLO:0021754,AG09319,cell_line,adult,encode,single,False,2.75639009475708,OutputType.CHIP_HISTONE,,H3K4me3,
327,CLO:0034837 Histone ChIP-seq H3K4me3,.,Histone ChIP-seq,CLO:0034837,AG04449,cell_line,embryonic,encode,single,False,1.7758548259735107,OutputType.CHIP_HISTONE,,H3K4me3,
328,EFO:0001086 Histone ChIP-seq H3K27ac,.,Histone ChIP-seq,EFO:0001086,A549,cell_line,adult,encode,single,False,0.6329953074455261,OutputType.CHIP_HISTONE,,H3K27ac,
329,EFO:0001086 Histone ChIP-seq H3K4me1,.,Histone ChIP-seq,EFO:0001086,A549,cell_line,adult,encode,single,False,0.6885738372802734,OutputType.CHIP_HISTONE,,H3K4me1,
330,EFO:0001086 Histone ChIP-seq H3K4me2,.,Histone ChIP-seq,EFO:0001086,A549,cell_line,adult,encode,single,False,0.671027660369873,OutputType.CHIP_HISTONE,,H3K4me2,
331,EFO:0001086 Histone ChIP-seq H3K4me3,.,Histone ChIP-seq,EFO:0001086,A549,cell_line,adult,encode,single,False,0.6755056977272034,OutputType.CHIP_HISTONE,,H3K4me3,
332,EFO:0001099 Histone ChIP-seq H3K4me1,.,Histone ChIP-seq,EFO:0001099,Caco-2,cell_line,adult,encode,paired,False,0.7609172463417053,OutputType.CHIP_HISTONE,,H3K4me1,
333,EFO:0001099 Histone ChIP-seq H3K4me3,.,Histone ChIP-seq,EFO:0001099,Caco-2,cell_line,adult,encode,single,False,1.95445716381073,OutputType.CHIP_HISTONE,,H3K4me3,
334,EFO:0001162 Histone ChIP-seq H3K4me3,.,Histone ChIP-seq,EFO:0001162,GM12875,cell_line,unknown,encode,single,False,1.8323731422424316,OutputType.CHIP_HISTONE,,H3K4me3,
335,EFO:0001182 Histone ChIP-seq H3K36me3,.,Histone ChIP-seq,EFO:0001182,HEK293,cell_line,embryonic,encode,single,False,0.7809950709342957,OutputType.CHIP_HISTONE,,H3K36me3,
336,EFO:0001182 Histone ChIP-seq H3K4me1,.,Histone ChIP-seq,EFO:0001182,HEK293,cell_line,embryonic,encode,single,False,0.87506103515625,OutputType.CHIP_HISTONE,,H3K4me1,
337,EFO:0001182 Histone ChIP-seq H3K4me3,.,Histone ChIP-seq,EFO:0001182,HEK293,cell_line,embryonic,encode,single,False,1.4261152744293213,OutputType.CHIP_HISTONE,,H3K4me3,
338,EFO:0001187 Histone ChIP-seq H3K27ac,.,Histone ChIP-seq,EFO:0001187,HepG2,cell_line,child,encode,single,False,0.8398945927619934,OutputType.CHIP_HISTONE,,H3K27ac,
339,EFO:0001187 Histone ChIP-seq H3K27me3,.,Histone ChIP-seq,EFO:0001187,HepG2,cell_line,child,encode,single,False,0.823556661605835,OutputType.CHIP_HISTONE,,H3K27me3,
340,EFO:0001187 Histone ChIP-seq H3K36me3,.,Histone ChIP-seq,EFO:0001187,HepG2,cell_line,child,encode,single,False,0.7415798306465149,OutputType.CHIP_HISTONE,,H3K36me3,
341,EFO:0001187 Histone ChIP-seq H3K4me1,.,Histone ChIP-seq,EFO:0001187,HepG2,cell_line,child,encode,single,False,0.9581140875816345,OutputType.CHIP_HISTONE,,H3K4me1,
342,EFO:0001187 Histone ChIP-seq H3K4me2,.,Histone ChIP-seq,EFO:0001187,HepG2,cell_line,child,encode,single,False,1.6532938480377197,OutputType.CHIP_HISTONE,,H3K4me2,
343,EFO:0001187 Histone ChIP-seq H3K4me3,.,Histone ChIP-seq,EFO:0001187,HepG2,cell_line,child,encode,single,False,0.7466471791267395,OutputType.CHIP_HISTONE,,H3K4me3,
344,EFO:0001187 Histone ChIP-seq H3K79me2,.,Histone ChIP-seq,EFO:0001187,HepG2,cell_line,child,encode,single,False,1.4591761827468872,OutputType.CHIP_HISTONE,,H3K79me2,
345,EFO:0001187 Histone ChIP-seq H3K9ac,.,Histone ChIP-seq,EFO:0001187,HepG2,cell_line,child,encode,single,False,1.4094842672348022,OutputType.CHIP_HISTONE,,H3K9ac,
346,EFO:0001187 Histone ChIP-seq H3K9me3,.,Histone ChIP-seq,EFO:0001187,HepG2,cell_line,child,encode,single,False,0.846428632736206,OutputType.CHIP_HISTONE,,H3K9me3,
347,EFO:0001187 Histone ChIP-seq H4K20me1,.,Histone ChIP-seq,EFO:0001187,HepG2,cell_line,child,encode,single,False,1.1623249053955078,OutputType.CHIP_HISTONE,,H4K20me1,
348,EFO:0001196 Histone ChIP-seq H2AFZ,.,Histone ChIP-seq,EFO:0001196,IMR-90,cell_line,embryonic,encode,single,False,1.2369091510772705,OutputType.CHIP_HISTONE,,H2AFZ,
349,EFO:0001196 Histone ChIP-seq H2AK5ac,.,Histone ChIP-seq,EFO:0001196,IMR-90,cell_line,embryonic,encode,single,False,1.5246500968933105,OutputType.CHIP_HISTONE,,H2AK5ac,
350,EFO:0001196 Histone ChIP-seq H2BK120ac,.,Histone ChIP-seq,EFO:0001196,IMR-90,cell_line,embryonic,encode,single,False,1.3716460466384888,OutputType.CHIP_HISTONE,,H2BK120ac,
351,EFO:0001196 Histone ChIP-seq H2BK12ac,.,Histone ChIP-seq,EFO:0001196,IMR-90,cell_line,embryonic,encode,single,False,1.4479514360427856,OutputType.CHIP_HISTONE,,H2BK12ac,
352,EFO:0001196 Histone ChIP-seq H2BK15ac,.,Histone ChIP-seq,EFO:0001196,IMR-90,cell_line,embryonic,encode,single,False,0.966442346572876,OutputType.CHIP_HISTONE,,H2BK15ac,
353,EFO:0001196 Histone ChIP-seq H2BK20ac,.,Histone ChIP-seq,EFO:0001196,IMR-90,cell_line,embryonic,encode,single,False,1.2972639799118042,OutputType.CHIP_HISTONE,,H2BK20ac,
354,EFO:0001196 Histone ChIP-seq H2BK5ac,.,Histone ChIP-seq,EFO:0001196,IMR-90,cell_line,embryonic,encode,single,False,0.9934648871421814,OutputType.CHIP_HISTONE,,H2BK5ac,
355,EFO:0001196 Histone ChIP-seq H3K14ac,.,Histone ChIP-seq,EFO:0001196,IMR-90,cell_line,embryonic,encode,single,False,1.083517074584961,OutputType.CHIP_HISTONE,,H3K14ac,
356,EFO:0001196 Histone ChIP-seq H3K18ac,.,Histone ChIP-seq,EFO:0001196,IMR-90,cell_line,embryonic,encode,single,False,1.057948112487793,OutputType.CHIP_HISTONE,,H3K18ac,
357,EFO:0001196 Histone ChIP-seq H3K23ac,.,Histone ChIP-seq,EFO:0001196,IMR-90,cell_line,embryonic,encode,single,False,1.0878431797027588,OutputType.CHIP_HISTONE,,H3K23ac,
358,EFO:0001196 Histone ChIP-seq H3K27ac,.,Histone ChIP-seq,EFO:0001196,IMR-90,cell_line,embryonic,encode,single,False,1.0501070022583008,OutputType.CHIP_HISTONE,,H3K27ac,
359,EFO:0001196 Histone ChIP-seq H3K27me3,.,Histone ChIP-seq,EFO:0001196,IMR-90,cell_line,embryonic,encode,single,False,1.1166572570800781,OutputType.CHIP_HISTONE,,H3K27me3,
360,EFO:0001196 Histone ChIP-seq H3K36me3,.,Histone ChIP-seq,EFO:0001196,IMR-90,cell_line,embryonic,encode,single,False,1.3623366355895996,OutputType.CHIP_HISTONE,,H3K36me3,
361,EFO:0001196 Histone ChIP-seq H3K4ac,.,Histone ChIP-seq,EFO:0001196,IMR-90,cell_line,embryonic,encode,single,False,1.3149033784866333,OutputType.CHIP_HISTONE,,H3K4ac,
362,EFO:0001196 Histone ChIP-seq H3K4me1,.,Histone ChIP-seq,EFO:0001196,IMR-90,cell_line,embryonic,encode,single,False,0.9336976408958435,OutputType.CHIP_HISTONE,,H3K4me1,
363,EFO:0001196 Histone ChIP-seq H3K4me2,.,Histone ChIP-seq,EFO:0001196,IMR-90,cell_line,embryonic,encode,single,False,1.0273102521896362,OutputType.CHIP_HISTONE,,H3K4me2,
364,EFO:0001196 Histone ChIP-seq H3K4me3,.,Histone ChIP-seq,EFO:0001196,IMR-90,cell_line,embryonic,encode,single,False,1.479701280593872,OutputType.CHIP_HISTONE,,H3K4me3,
365,EFO:0001196 Histone ChIP-seq H3K79me1,.,Histone ChIP-seq,EFO:0001196,IMR-90,cell_line,embryonic,encode,single,False,0.7547033429145813,OutputType.CHIP_HISTONE,,H3K79me1,
366,EFO:0001196 Histone ChIP-seq H3K79me2,.,Histone ChIP-seq,EFO:0001196,IMR-90,cell_line,embryonic,encode,single,False,1.1842864751815796,OutputType.CHIP_HISTONE,,H3K79me2,
367,EFO:0001196 Histone ChIP-seq H3K9ac,.,Histone ChIP-seq,EFO:0001196,IMR-90,cell_line,embryonic,encode,single,False,1.211501955986023,OutputType.CHIP_HISTONE,,H3K9ac,
368,EFO:0001196 Histone ChIP-seq H3K9me1,.,Histone ChIP-seq,EFO:0001196,IMR-90,cell_line,embryonic,encode,single,False,0.9264301061630249,OutputType.CHIP_HISTONE,,H3K9me1,
369,EFO:0001196 Histone ChIP-seq H3K9me3,.,Histone ChIP-seq,EFO:0001196,IMR-90,cell_line,embryonic,encode,single,False,1.1585264205932617,OutputType.CHIP_HISTONE,,H3K9me3,
370,EFO:0001196 Histone ChIP-seq H4K20me1,.,Histone ChIP-seq,EFO:0001196,IMR-90,cell_line,embryonic,encode,single,False,0.9348976612091064,OutputType.CHIP_HISTONE,,H4K20me1,
371,EFO:0001196 Histone ChIP-seq H4K5ac,.,Histone ChIP-seq,EFO:0001196,IMR-90,cell_line,embryonic,encode,single,False,0.9765207767486572,OutputType.CHIP_HISTONE,,H4K5ac,
372,EFO:0001196 Histone ChIP-seq H4K8ac,.,Histone ChIP-seq,EFO:0001196,IMR-90,cell_line,embryonic,encode,single,False,0.7747776508331299,OutputType.CHIP_HISTONE,,H4K8ac,
373,EFO:0001196 Histone ChIP-seq H4K91ac,.,Histone ChIP-seq,EFO:0001196,IMR-90,cell_line,embryonic,encode,single,False,1.7031760215759277,OutputType.CHIP_HISTONE,,H4K91ac,
374,EFO:0001203 Histone ChIP-seq H2AFZ,.,Histone ChIP-seq,EFO:0001203,MCF-7,cell_line,adult,encode,single,False,0.7777266502380371,OutputType.CHIP_HISTONE,,H2AFZ,
375,EFO:0001203 Histone ChIP-seq H3K27ac,.,Histone ChIP-seq,EFO:0001203,MCF-7,cell_line,adult,encode,single,False,0.6805304884910583,OutputType.CHIP_HISTONE,,H3K27ac,
376,EFO:0001203 Histone ChIP-seq H3K36me3,.,Histone ChIP-seq,EFO:0001203,MCF-7,cell_line,adult,encode,single,False,0.7012349367141724,OutputType.CHIP_HISTONE,,H3K36me3,
377,EFO:0001203 Histone ChIP-seq H3K4me1,.,Histone ChIP-seq,EFO:0001203,MCF-7,cell_line,adult,encode,single,False,0.7435044646263123,OutputType.CHIP_HISTONE,,H3K4me1,
378,EFO:0001203 Histone ChIP-seq H3K4me2,.,Histone ChIP-seq,EFO:0001203,MCF-7,cell_line,adult,encode,single,False,0.757789134979248,OutputType.CHIP_HISTONE,,H3K4me2,
379,EFO:0001203 Histone ChIP-seq H3K4me3,.,Histone ChIP-seq,EFO:0001203,MCF-7,cell_line,adult,encode,single,False,0.7882369756698608,OutputType.CHIP_HISTONE,,H3K4me3,
380,EFO:0001203 Histone ChIP-seq H3K79me2,.,Histone ChIP-seq,EFO:0001203,MCF-7,cell_line,adult,encode,single,False,0.8263932466506958,OutputType.CHIP_HISTONE,,H3K79me2,
381,EFO:0001203 Histone ChIP-seq H3K9ac,.,Histone ChIP-seq,EFO:0001203,MCF-7,cell_line,adult,encode,single,False,0.8699772357940674,OutputType.CHIP_HISTONE,,H3K9ac,
382,EFO:0001221 Histone ChIP-seq H2AFZ,.,Histone ChIP-seq,EFO:0001221,NCI-H929,cell_line,adult,encode,paired,False,0.8324805498123169,OutputType.CHIP_HISTONE,,H2AFZ,
383,EFO:0001221 Histone ChIP-seq H3K27ac,.,Histone ChIP-seq,EFO:0001221,NCI-H929,cell_line,adult,encode,paired,False,0.6850462555885315,OutputType.CHIP_HISTONE,,H3K27ac,
384,EFO:0001221 Histone ChIP-seq H3K36me3,.,Histone ChIP-seq,EFO:0001221,NCI-H929,cell_line,adult,encode,paired,False,0.8240364789962769,OutputType.CHIP_HISTONE,,H3K36me3,
385,EFO:0001221 Histone ChIP-seq H3K4me1,.,Histone ChIP-seq,EFO:0001221,NCI-H929,cell_line,adult,encode,paired,False,0.848157525062561,OutputType.CHIP_HISTONE,,H3K4me1,
386,EFO:0001221 Histone ChIP-seq H3K4me2,.,Histone ChIP-seq,EFO:0001221,NCI-H929,cell_line,adult,encode,paired,False,0.8175636529922485,OutputType.CHIP_HISTONE,,H3K4me2,
387,EFO:0001221 Histone ChIP-seq H3K4me3,.,Histone ChIP-seq,EFO:0001221,NCI-H929,cell_line,adult,encode,single,False,0.8140625357627869,OutputType.CHIP_HISTONE,,H3K4me3,
388,EFO:0001221 Histone ChIP-seq H3K79me2,.,Histone ChIP-seq,EFO:0001221,NCI-H929,cell_line,adult,encode,single,False,0.7729151844978333,OutputType.CHIP_HISTONE,,H3K79me2,
389,EFO:0001221 Histone ChIP-seq H3K9ac,.,Histone ChIP-seq,EFO:0001221,NCI-H929,cell_line,adult,encode,single,False,0.8214753866195679,OutputType.CHIP_HISTONE,,H3K9ac,
390,EFO:0001260 Histone ChIP-seq H3K4me3,.,Histone ChIP-seq,EFO:0001260,WI38,cell_line,unknown,encode,single,False,2.0542047023773193,OutputType.CHIP_HISTONE,,H3K4me3,
391,EFO:0002067 Histone ChIP-seq H2AFZ,.,Histone ChIP-seq,EFO:0002067,K562,cell_line,adult,encode,single,False,1.1387044191360474,OutputType.CHIP_HISTONE,,H2AFZ,
392,EFO:0002067 Histone ChIP-seq H3K27ac,.,Histone ChIP-seq,EFO:0002067,K562,cell_line,adult,encode,single,False,0.7258226275444031,OutputType.CHIP_HISTONE,,H3K27ac,
393,EFO:0002067 Histone ChIP-seq H3K27me3,.,Histone ChIP-seq,EFO:0002067,K562,cell_line,adult,encode,single,False,0.7676494121551514,OutputType.CHIP_HISTONE,,H3K27me3,
394,EFO:0002067 Histone ChIP-seq H3K36me3,.,Histone ChIP-seq,EFO:0002067,K562,cell_line,adult,encode,single,False,0.7321892380714417,OutputType.CHIP_HISTONE,,H3K36me3,
395,EFO:0002067 Histone ChIP-seq H3K4me1,.,Histone ChIP-seq,EFO:0002067,K562,cell_line,adult,encode,single,False,0.7091634273529053,OutputType.CHIP_HISTONE,,H3K4me1,
396,EFO:0002067 Histone ChIP-seq H3K4me2,.,Histone ChIP-seq,EFO:0002067,K562,cell_line,adult,encode,single,False,1.953864336013794,OutputType.CHIP_HISTONE,,H3K4me2,
397,EFO:0002067 Histone ChIP-seq H3K4me3,.,Histone ChIP-seq,EFO:0002067,K562,cell_line,adult,encode,single,False,0.6676239967346191,OutputType.CHIP_HISTONE,,H3K4me3,
398,EFO:0002067 Histone ChIP-seq H3K79me2,.,Histone ChIP-seq,EFO:0002067,K562,cell_line,adult,encode,single,False,1.0385363101959229,OutputType.CHIP_HISTONE,,H3K79me2,
399,EFO:0002067 Histone ChIP-seq H3K9ac,.,Histone ChIP-seq,EFO:0002067,K562,cell_line,adult,encode,single,False,1.1911028623580933,OutputType.CHIP_HISTONE,,H3K9ac,
400,EFO:0002067 Histone ChIP-seq H4K20me1,.,Histone ChIP-seq,EFO:0002067,K562,cell_line,adult,encode,single,False,1.103072166442871,OutputType.CHIP_HISTONE,,H4K20me1,
401,EFO:0002074 Histone ChIP-seq H2AFZ,.,Histone ChIP-seq,EFO:0002074,PC-3,cell_line,adult,encode,single,False,0.7435217499732971,OutputType.CHIP_HISTONE,,H2AFZ,
402,EFO:0002074 Histone ChIP-seq H3K27ac,.,Histone ChIP-seq,EFO:0002074,PC-3,cell_line,adult,encode,single,False,0.7057936787605286,OutputType.CHIP_HISTONE,,H3K27ac,
403,EFO:0002074 Histone ChIP-seq H3K27me3,.,Histone ChIP-seq,EFO:0002074,PC-3,cell_line,adult,encode,single,False,0.7873684167861938,OutputType.CHIP_HISTONE,,H3K27me3,
404,EFO:0002074 Histone ChIP-seq H3K36me3,.,Histone ChIP-seq,EFO:0002074,PC-3,cell_line,adult,encode,single,False,0.762434720993042,OutputType.CHIP_HISTONE,,H3K36me3,
405,EFO:0002074 Histone ChIP-seq H3K4me1,.,Histone ChIP-seq,EFO:0002074,PC-3,cell_line,adult,encode,single,False,0.7295119166374207,OutputType.CHIP_HISTONE,,H3K4me1,
406,EFO:0002074 Histone ChIP-seq H3K4me2,.,Histone ChIP-seq,EFO:0002074,PC-3,cell_line,adult,encode,single,False,0.7400060296058655,OutputType.CHIP_HISTONE,,H3K4me2,
407,EFO:0002074 Histone ChIP-seq H3K4me3,.,Histone ChIP-seq,EFO:0002074,PC-3,cell_line,adult,encode,single,False,0.7329297661781311,OutputType.CHIP_HISTONE,,H3K4me3,
408,EFO:0002074 Histone ChIP-seq H3K79me2,.,Histone ChIP-seq,EFO:0002074,PC-3,cell_line,adult,encode,single,False,0.7248369455337524,OutputType.CHIP_HISTONE,,H3K79me2,
409,EFO:0002074 Histone ChIP-seq H3K9ac,.,Histone ChIP-seq,EFO:0002074,PC-3,cell_line,adult,encode,single,False,0.7181410193443298,OutputType.CHIP_HISTONE,,H3K9ac,
410,EFO:0002095 Histone ChIP-seq H3K27ac,.,Histone ChIP-seq,EFO:0002095,22Rv1,cell_line,unknown,encode,paired,False,0.8225396871566772,OutputType.CHIP_HISTONE,,H3K27ac,
411,EFO:0002106 Histone ChIP-seq H3K27ac,.,Histone ChIP-seq,EFO:0002106,A673,cell_line,child,encode,single,False,0.9337882399559021,OutputType.CHIP_HISTONE,,H3K27ac,
412,EFO:0002106 Histone ChIP-seq H3K4me1,.,Histone ChIP-seq,EFO:0002106,A673,cell_line,child,encode,single,False,1.2146235704421997,OutputType.CHIP_HISTONE,,H3K4me1,
413,EFO:0002106 Histone ChIP-seq H3K4me3,.,Histone ChIP-seq,EFO:0002106,A673,cell_line,child,encode,single,False,1.032426357269287,OutputType.CHIP_HISTONE,,H3K4me3,
414,EFO:0002167 Histone ChIP-seq H2AFZ,.,Histone ChIP-seq,EFO:0002167,DOHH2,cell_line,adult,encode,single,False,0.8480846881866455,OutputType.CHIP_HISTONE,,H2AFZ,
415,EFO:0002167 Histone ChIP-seq H3F3A,.,Histone ChIP-seq,EFO:0002167,DOHH2,cell_line,adult,encode,single,False,0.7860332131385803,OutputType.CHIP_HISTONE,,H3F3A,
416,EFO:0002167 Histone ChIP-seq H3K27ac,.,Histone ChIP-seq,EFO:0002167,DOHH2,cell_line,adult,encode,single,False,0.9404491782188416,OutputType.CHIP_HISTONE,,H3K27ac,
417,EFO:0002167 Histone ChIP-seq H3K27me3,.,Histone ChIP-seq,EFO:0002167,DOHH2,cell_line,adult,encode,single,False,0.7938494086265564,OutputType.CHIP_HISTONE,,H3K27me3,
418,EFO:0002167 Histone ChIP-seq H3K36me3,.,Histone ChIP-seq,EFO:0002167,DOHH2,cell_line,adult,encode,single,False,0.7523781061172485,OutputType.CHIP_HISTONE,,H3K36me3,
419,EFO:0002167 Histone ChIP-seq H3K4me1,.,Histone ChIP-seq,EFO:0002167,DOHH2,cell_line,adult,encode,single,False,0.722085177898407,OutputType.CHIP_HISTONE,,H3K4me1,
420,EFO:0002167 Histone ChIP-seq H3K4me2,.,Histone ChIP-seq,EFO:0002167,DOHH2,cell_line,adult,encode,single,False,0.873505711555481,OutputType.CHIP_HISTONE,,H3K4me2,
421,EFO:0002167 Histone ChIP-seq H3K4me3,.,Histone ChIP-seq,EFO:0002167,DOHH2,cell_line,adult,encode,single,False,0.7785306572914124,OutputType.CHIP_HISTONE,,H3K4me3,
422,EFO:0002167 Histone ChIP-seq H3K79me2,.,Histone ChIP-seq,EFO:0002167,DOHH2,cell_line,adult,encode,single,False,0.7459806799888611,OutputType.CHIP_HISTONE,,H3K79me2,
423,EFO:0002234 Histone ChIP-seq H3K36me3,.,Histone ChIP-seq,EFO:0002234,MG63,cell_line,child,encode,paired,False,0.7326278686523438,OutputType.CHIP_HISTONE,,H3K36me3,
424,EFO:0002234 Histone ChIP-seq H3K4me3,.,Histone ChIP-seq,EFO:0002234,MG63,cell_line,child,encode,paired,False,0.7054553627967834,OutputType.CHIP_HISTONE,,H3K4me3,
425,EFO:0002323 Histone ChIP-seq H3K27ac,.,Histone ChIP-seq,EFO:0002323,RWPE1,cell_line,adult,encode,paired,False,1.316434383392334,OutputType.CHIP_HISTONE,,H3K27ac,
426,EFO:0002330 Histone ChIP-seq H3K27ac,.,Histone ChIP-seq,EFO:0002330,SJSA1,cell_line,adult,encode,paired,False,0.7031357884407043,OutputType.CHIP_HISTONE,,H3K27ac,
427,EFO:0002330 Histone ChIP-seq H3K36me3,.,Histone ChIP-seq,EFO:0002330,SJSA1,cell_line,adult,encode,paired,False,0.7640801072120667,OutputType.CHIP_HISTONE,,H3K36me3,
428,EFO:0002330 Histone ChIP-seq H3K4me1,.,Histone ChIP-seq,EFO:0002330,SJSA1,cell_line,adult,encode,paired,False,0.7201310396194458,OutputType.CHIP_HISTONE,,H3K4me1,
429,EFO:0002330 Histone ChIP-seq H3K4me3,.,Histone ChIP-seq,EFO:0002330,SJSA1,cell_line,adult,encode,paired,False,0.636623203754425,OutputType.CHIP_HISTONE,,H3K4me3,
430,EFO:0002357 Histone ChIP-seq H3F3A,.,Histone ChIP-seq,EFO:0002357,SU-DHL-6,cell_line,adult,encode,single,False,0.8423266410827637,OutputType.CHIP_HISTONE,,H3F3A,
431,EFO:0002357 Histone ChIP-seq H3K27ac,.,Histone ChIP-seq,EFO:0002357,SU-DHL-6,cell_line,adult,encode,single,False,0.8034595251083374,OutputType.CHIP_HISTONE,,H3K27ac,
432,EFO:0002357 Histone ChIP-seq H3K36me3,.,Histone ChIP-seq,EFO:0002357,SU-DHL-6,cell_line,adult,encode,single,False,0.7802841663360596,OutputType.CHIP_HISTONE,,H3K36me3,
433,EFO:0002357 Histone ChIP-seq H3K4me2,.,Histone ChIP-seq,EFO:0002357,SU-DHL-6,cell_line,adult,encode,single,False,0.79960036277771,OutputType.CHIP_HISTONE,,H3K4me2,
434,EFO:0002357 Histone ChIP-seq H3K79me2,.,Histone ChIP-seq,EFO:0002357,SU-DHL-6,cell_line,adult,encode,single,False,0.8656731843948364,OutputType.CHIP_HISTONE,,H3K79me2,
435,EFO:0002357 Histone ChIP-seq H3K9ac,.,Histone ChIP-seq,EFO:0002357,SU-DHL-6,cell_line,adult,encode,single,False,0.7668773531913757,OutputType.CHIP_HISTONE,,H3K9ac,
436,EFO:0002713 Histone ChIP-seq H3K27ac,.,Histone ChIP-seq,EFO:0002713,Panc1,cell_line,adult,encode,single,False,0.8690906763076782,OutputType.CHIP_HISTONE,,H3K27ac,
437,EFO:0002713 Histone ChIP-seq H3K36me3,.,Histone ChIP-seq,EFO:0002713,Panc1,cell_line,adult,encode,single,False,0.9535069465637207,OutputType.CHIP_HISTONE,,H3K36me3,
438,EFO:0002713 Histone ChIP-seq H3K4me1,.,Histone ChIP-seq,EFO:0002713,Panc1,cell_line,adult,encode,single,False,0.9128447771072388,OutputType.CHIP_HISTONE,,H3K4me1,
439,EFO:0002713 Histone ChIP-seq H3K4me3,.,Histone ChIP-seq,EFO:0002713,Panc1,cell_line,adult,encode,single,False,1.0108050107955933,OutputType.CHIP_HISTONE,,H3K4me3,
440,EFO:0002779 Histone ChIP-seq H3K27me3,.,Histone ChIP-seq,EFO:0002779,BJ,cell_line,newborn,encode,single,False,1.2857643365859985,OutputType.CHIP_HISTONE,,H3K27me3,
441,EFO:0002779 Histone ChIP-seq H3K36me3,.,Histone ChIP-seq,EFO:0002779,BJ,cell_line,newborn,encode,single,False,1.2777327299118042,OutputType.CHIP_HISTONE,,H3K36me3,
442,EFO:0002779 Histone ChIP-seq H3K4me3,.,Histone ChIP-seq,EFO:0002779,BJ,cell_line,newborn,encode,single,False,2.0215272903442383,OutputType.CHIP_HISTONE,,H3K4me3,
443,EFO:0002783 Histone ChIP-seq H3K36me3,.,Histone ChIP-seq,EFO:0002783,GM06990,cell_line,unknown,encode,single,False,1.289337396621704,OutputType.CHIP_HISTONE,,H3K36me3,
444,EFO:0002783 Histone ChIP-seq H3K4me3,.,Histone ChIP-seq,EFO:0002783,GM06990,cell_line,unknown,encode,single,False,2.12255859375,OutputType.CHIP_HISTONE,,H3K4me3,
445,EFO:0002784 Histone ChIP-seq H2AFZ,.,Histone ChIP-seq,EFO:0002784,GM12878,cell_line,adult,encode,single,False,1.0433303117752075,OutputType.CHIP_HISTONE,,H2AFZ,
446,EFO:0002784 Histone ChIP-seq H3K27ac,.,Histone ChIP-seq,EFO:0002784,GM12878,cell_line,adult,encode,single,False,2.0473732948303223,OutputType.CHIP_HISTONE,,H3K27ac,
447,EFO:0002784 Histone ChIP-seq H3K36me3,.,Histone ChIP-seq,EFO:0002784,GM12878,cell_line,adult,encode,single,False,0.9647253751754761,OutputType.CHIP_HISTONE,,H3K36me3,
448,EFO:0002784 Histone ChIP-seq H3K4me1,.,Histone ChIP-seq,EFO:0002784,GM12878,cell_line,adult,encode,single,False,0.8747251033782959,OutputType.CHIP_HISTONE,,H3K4me1,
449,EFO:0002784 Histone ChIP-seq H3K4me2,.,Histone ChIP-seq,EFO:0002784,GM12878,cell_line,adult,encode,single,False,2.022794008255005,OutputType.CHIP_HISTONE,,H3K4me2,
450,EFO:0002784 Histone ChIP-seq H3K4me3,.,Histone ChIP-seq,EFO:0002784,GM12878,cell_line,adult,encode,single,False,0.7356247305870056,OutputType.CHIP_HISTONE,,H3K4me3,
451,EFO:0002784 Histone ChIP-seq H3K79me2,.,Histone ChIP-seq,EFO:0002784,GM12878,cell_line,adult,encode,single,False,1.9463640451431274,OutputType.CHIP_HISTONE,,H3K79me2,
452,EFO:0002784 Histone ChIP-seq H3K9ac,.,Histone ChIP-seq,EFO:0002784,GM12878,cell_line,adult,encode,single,False,1.3702908754348755,OutputType.CHIP_HISTONE,,H3K9ac,
453,EFO:0002791 Histone ChIP-seq H2AFZ,.,Histone ChIP-seq,EFO:0002791,HeLa-S3,cell_line,adult,encode,single,False,0.8552187085151672,OutputType.CHIP_HISTONE,,H2AFZ,
454,EFO:0002791 Histone ChIP-seq H3K27ac,.,Histone ChIP-seq,EFO:0002791,HeLa-S3,cell_line,adult,encode,single,False,1.2037321329116821,OutputType.CHIP_HISTONE,,H3K27ac,
455,EFO:0002791 Histone ChIP-seq H3K27me3,.,Histone ChIP-seq,EFO:0002791,HeLa-S3,cell_line,adult,encode,single,False,0.8821183443069458,OutputType.CHIP_HISTONE,,H3K27me3,
456,EFO:0002791 Histone ChIP-seq H3K36me3,.,Histone ChIP-seq,EFO:0002791,HeLa-S3,cell_line,adult,encode,single,False,0.8423819541931152,OutputType.CHIP_HISTONE,,H3K36me3,
457,EFO:0002791 Histone ChIP-seq H3K4me1,.,Histone ChIP-seq,EFO:0002791,HeLa-S3,cell_line,adult,encode,single,False,0.9480814933776855,OutputType.CHIP_HISTONE,,H3K4me1,
458,EFO:0002791 Histone ChIP-seq H3K4me2,.,Histone ChIP-seq,EFO:0002791,HeLa-S3,cell_line,adult,encode,single,False,0.9384459853172302,OutputType.CHIP_HISTONE,,H3K4me2,
459,EFO:0002791 Histone ChIP-seq H3K4me3,.,Histone ChIP-seq,EFO:0002791,HeLa-S3,cell_line,adult,encode,single,False,0.7833877205848694,OutputType.CHIP_HISTONE,,H3K4me3,
460,EFO:0002791 Histone ChIP-seq H3K79me2,.,Histone ChIP-seq,EFO:0002791,HeLa-S3,cell_line,adult,encode,single,False,1.5820488929748535,OutputType.CHIP_HISTONE,,H3K79me2,
461,EFO:0002791 Histone ChIP-seq H3K9ac,.,Histone ChIP-seq,EFO:0002791,HeLa-S3,cell_line,adult,encode,single,False,1.1061956882476807,OutputType.CHIP_HISTONE,,H3K9ac,
462,EFO:0002793 Histone ChIP-seq H3K27ac,.,Histone ChIP-seq,EFO:0002793,HL-60,cell_line,adult,encode,paired,False,0.7122716307640076,OutputType.CHIP_HISTONE,,H3K27ac,
463,EFO:0002793 Histone ChIP-seq H3K4me3,.,Histone ChIP-seq,EFO:0002793,HL-60,cell_line,adult,encode,single,False,3.4567317962646484,OutputType.CHIP_HISTONE,,H3K4me3,
464,EFO:0002798 Histone ChIP-seq H3K4me3,.,Histone ChIP-seq,EFO:0002798,NB4,cell_line,adult,encode,single,False,2.6263296604156494,OutputType.CHIP_HISTONE,,H3K4me3,
465,EFO:0002824 Histone ChIP-seq H3K27ac,.,Histone ChIP-seq,EFO:0002824,HCT116,cell_line,adult,encode,single,False,0.8749218583106995,OutputType.CHIP_HISTONE,,H3K27ac,
466,EFO:0002824 Histone ChIP-seq H3K27me3,.,Histone ChIP-seq,EFO:0002824,HCT116,cell_line,adult,encode,single,False,0.8850667476654053,OutputType.CHIP_HISTONE,,H3K27me3,
467,EFO:0002824 Histone ChIP-seq H3K36me3,.,Histone ChIP-seq,EFO:0002824,HCT116,cell_line,adult,encode,single,False,0.7596229314804077,OutputType.CHIP_HISTONE,,H3K36me3,
468,EFO:0002824 Histone ChIP-seq H3K4me1,.,Histone ChIP-seq,EFO:0002824,HCT116,cell_line,adult,encode,single,False,0.7152540683746338,OutputType.CHIP_HISTONE,,H3K4me1,
469,EFO:0002824 Histone ChIP-seq H3K4me2,.,Histone ChIP-seq,EFO:0002824,HCT116,cell_line,adult,encode,single,False,0.833650529384613,OutputType.CHIP_HISTONE,,H3K4me2,
470,EFO:0002824 Histone ChIP-seq H3K4me3,.,Histone ChIP-seq,EFO:0002824,HCT116,cell_line,adult,encode,single,False,0.7914097905158997,OutputType.CHIP_HISTONE,,H3K4me3,
471,EFO:0002824 Histone ChIP-seq H3K79me2,.,Histone ChIP-seq,EFO:0002824,HCT116,cell_line,adult,encode,single,False,0.935132622718811,OutputType.CHIP_HISTONE,,H3K79me2,
472,EFO:0002824 Histone ChIP-seq H3K9ac,.,Histone ChIP-seq,EFO:0002824,HCT116,cell_line,adult,encode,single,False,0.8349432349205017,OutputType.CHIP_HISTONE,,H3K9ac,
473,EFO:0002847 Histone ChIP-seq H2AFZ,.,Histone ChIP-seq,EFO:0002847,PC-9,cell_line,unknown,encode,paired,False,0.8126703500747681,OutputType.CHIP_HISTONE,,H2AFZ,
474,EFO:0002847 Histone ChIP-seq H3F3A,.,Histone ChIP-seq,EFO:0002847,PC-9,cell_line,unknown,encode,paired,False,0.805666983127594,OutputType.CHIP_HISTONE,,H3F3A,
475,EFO:0002847 Histone ChIP-seq H3K27ac,.,Histone ChIP-seq,EFO:0002847,PC-9,cell_line,unknown,encode,single,False,0.7811882495880127,OutputType.CHIP_HISTONE,,H3K27ac,
476,EFO:0002847 Histone ChIP-seq H3K27me3,.,Histone ChIP-seq,EFO:0002847,PC-9,cell_line,unknown,encode,single,False,0.8377817273139954,OutputType.CHIP_HISTONE,,H3K27me3,
477,EFO:0002847 Histone ChIP-seq H3K4me1,.,Histone ChIP-seq,EFO:0002847,PC-9,cell_line,unknown,encode,single,False,0.7623736262321472,OutputType.CHIP_HISTONE,,H3K4me1,
478,EFO:0002847 Histone ChIP-seq H3K4me2,.,Histone ChIP-seq,EFO:0002847,PC-9,cell_line,unknown,encode,single,False,0.7997951507568359,OutputType.CHIP_HISTONE,,H3K4me2,
479,EFO:0002847 Histone ChIP-seq H3K4me3,.,Histone ChIP-seq,EFO:0002847,PC-9,cell_line,unknown,encode,single,False,0.7847661972045898,OutputType.CHIP_HISTONE,,H3K4me3,
480,EFO:0002847 Histone ChIP-seq H3K79me2,.,Histone ChIP-seq,EFO:0002847,PC-9,cell_line,unknown,encode,single,False,0.7880992889404297,OutputType.CHIP_HISTONE,,H3K79me2,
481,EFO:0002847 Histone ChIP-seq H3K9ac,.,Histone ChIP-seq,EFO:0002847,PC-9,cell_line,unknown,encode,single,False,0.7769328355789185,OutputType.CHIP_HISTONE,,H3K9ac,
482,EFO:0002847 Histone ChIP-seq H3K9me2,.,Histone ChIP-seq,EFO:0002847,PC-9,cell_line,unknown,encode,paired,False,0.8189198970794678,OutputType.CHIP_HISTONE,,H3K9me2,
483,EFO:0002847 Histone ChIP-seq H3K9me3,.,Histone ChIP-seq,EFO:0002847,PC-9,cell_line,unknown,encode,paired,False,0.8302831053733826,OutputType.CHIP_HISTONE,,H3K9me3,
484,EFO:0002847 Histone ChIP-seq H4K20me1,.,Histone ChIP-seq,EFO:0002847,PC-9,cell_line,unknown,encode,paired,False,0.8273460865020752,OutputType.CHIP_HISTONE,,H4K20me1,
485,EFO:0002860 Histone ChIP-seq H3K27ac,.,Histone ChIP-seq,EFO:0002860,SK-N-MC,cell_line,child,encode,single,False,0.8160144686698914,OutputType.CHIP_HISTONE,,H3K27ac,
486,EFO:0002860 Histone ChIP-seq H3K36me3,.,Histone ChIP-seq,EFO:0002860,SK-N-MC,cell_line,child,encode,single,False,0.7942330241203308,OutputType.CHIP_HISTONE,,H3K36me3,
487,EFO:0002860 Histone ChIP-seq H3K4me1,.,Histone ChIP-seq,EFO:0002860,SK-N-MC,cell_line,child,encode,single,False,0.7683026790618896,OutputType.CHIP_HISTONE,,H3K4me1,
488,EFO:0002860 Histone ChIP-seq H3K4me3,.,Histone ChIP-seq,EFO:0002860,SK-N-MC,cell_line,child,encode,single,False,0.766095757484436,OutputType.CHIP_HISTONE,,H3K4me3,
489,EFO:0002860 Histone ChIP-seq H3K9ac,.,Histone ChIP-seq,EFO:0002860,SK-N-MC,cell_line,child,encode,single,False,0.798915445804596,OutputType.CHIP_HISTONE,,H3K9ac,
490,EFO:0003042 Histone ChIP-seq H2AFZ,.,Histone ChIP-seq,EFO:0003042,H1,cell_line,embryonic,encode,single,False,0.8964623212814331,OutputType.CHIP_HISTONE,,H2AFZ,
491,EFO:0003042 Histone ChIP-seq H2BK12ac,.,Histone ChIP-seq,EFO:0003042,H1,cell_line,embryonic,encode,single,False,1.0385457277297974,OutputType.CHIP_HISTONE,,H2BK12ac,
492,EFO:0003042 Histone ChIP-seq H2BK5ac,.,Histone ChIP-seq,EFO:0003042,H1,cell_line,embryonic,encode,single,False,0.9948505759239197,OutputType.CHIP_HISTONE,,H2BK5ac,
493,EFO:0003042 Histone ChIP-seq H3K27ac,.,Histone ChIP-seq,EFO:0003042,H1,cell_line,embryonic,encode,single,False,1.1245684623718262,OutputType.CHIP_HISTONE,,H3K27ac,
494,EFO:0003042 Histone ChIP-seq H3K27me3,.,Histone ChIP-seq,EFO:0003042,H1,cell_line,embryonic,encode,single,False,0.9110193252563477,OutputType.CHIP_HISTONE,,H3K27me3,
495,EFO:0003042 Histone ChIP-seq H3K36me3,.,Histone ChIP-seq,EFO:0003042,H1,cell_line,embryonic,encode,single,False,0.7956418395042419,OutputType.CHIP_HISTONE,,H3K36me3,
496,EFO:0003042 Histone ChIP-seq H3K4me1,.,Histone ChIP-seq,EFO:0003042,H1,cell_line,embryonic,encode,single,False,0.8609104752540588,OutputType.CHIP_HISTONE,,H3K4me1,
497,EFO:0003042 Histone ChIP-seq H3K4me2,.,Histone ChIP-seq,EFO:0003042,H1,cell_line,embryonic,encode,single,False,1.423579454421997,OutputType.CHIP_HISTONE,,H3K4me2,
498,EFO:0003042 Histone ChIP-seq H3K4me3,.,Histone ChIP-seq,EFO:0003042,H1,cell_line,embryonic,encode,single,False,0.8046759366989136,OutputType.CHIP_HISTONE,,H3K4me3,
499,EFO:0003042 Histone ChIP-seq H3K79me2,.,Histone ChIP-seq,EFO:0003042,H1,cell_line,embryonic,encode,single,False,1.0178576707839966,OutputType.CHIP_HISTONE,,H3K79me2,
500,EFO:0003042 Histone ChIP-seq H3K9ac,.,Histone ChIP-seq,EFO:0003042,H1,cell_line,embryonic,encode,single,False,0.9233517050743103,OutputType.CHIP_HISTONE,,H3K9ac,
501,EFO:0003042 Histone ChIP-seq H3K9me3,.,Histone ChIP-seq,EFO:0003042,H1,cell_line,embryonic,encode,single,False,0.8602845668792725,OutputType.CHIP_HISTONE,,H3K9me3,
502,EFO:0003042 Histone ChIP-seq H4K20me1,.,Histone ChIP-seq,EFO:0003042,H1,cell_line,embryonic,encode,single,False,0.8364707231521606,OutputType.CHIP_HISTONE,,H4K20me1,
503,EFO:0003042 Histone ChIP-seq H4K91ac,.,Histone ChIP-seq,EFO:0003042,H1,cell_line,embryonic,encode,single,False,0.8832273483276367,OutputType.CHIP_HISTONE,,H4K91ac,
504,EFO:0003045 Histone ChIP-seq H3K27me3,.,Histone ChIP-seq,EFO:0003045,H9,cell_line,embryonic,encode,single,False,1.042486548423767,OutputType.CHIP_HISTONE,,H3K27me3,
505,EFO:0003045 Histone ChIP-seq H3K36me3,.,Histone ChIP-seq,EFO:0003045,H9,cell_line,embryonic,encode,single,False,1.2858878374099731,OutputType.CHIP_HISTONE,,H3K36me3,
506,EFO:0003045 Histone ChIP-seq H3K4me1,.,Histone ChIP-seq,EFO:0003045,H9,cell_line,embryonic,encode,single,False,1.0824403762817383,OutputType.CHIP_HISTONE,,H3K4me1,
507,EFO:0003045 Histone ChIP-seq H3K4me2,.,Histone ChIP-seq,EFO:0003045,H9,cell_line,embryonic,encode,single,False,0.8737141489982605,OutputType.CHIP_HISTONE,,H3K4me2,
508,EFO:0003045 Histone ChIP-seq H3K4me3,.,Histone ChIP-seq,EFO:0003045,H9,cell_line,embryonic,encode,single,False,2.0365102291107178,OutputType.CHIP_HISTONE,,H3K4me3,
509,EFO:0003045 Histone ChIP-seq H3K9me3,.,Histone ChIP-seq,EFO:0003045,H9,cell_line,embryonic,encode,single,False,1.0603501796722412,OutputType.CHIP_HISTONE,,H3K9me3,
510,EFO:0003072 Histone ChIP-seq H2AFZ,.,Histone ChIP-seq,EFO:0003072,SK-N-SH,cell_line,child,encode,paired,False,0.8825019598007202,OutputType.CHIP_HISTONE,,H2AFZ,
511,EFO:0003072 Histone ChIP-seq H3K27ac,.,Histone ChIP-seq,EFO:0003072,SK-N-SH,cell_line,child,encode,paired,False,0.879656970500946,OutputType.CHIP_HISTONE,,H3K27ac,
512,EFO:0003072 Histone ChIP-seq H3K27me3,.,Histone ChIP-seq,EFO:0003072,SK-N-SH,cell_line,child,encode,single,False,0.8798337578773499,OutputType.CHIP_HISTONE,,H3K27me3,
513,EFO:0003072 Histone ChIP-seq H3K36me3,.,Histone ChIP-seq,EFO:0003072,SK-N-SH,cell_line,child,encode,single,False,0.9075960516929626,OutputType.CHIP_HISTONE,,H3K36me3,
514,EFO:0003072 Histone ChIP-seq H3K4me1,.,Histone ChIP-seq,EFO:0003072,SK-N-SH,cell_line,child,encode,single,False,0.7671272158622742,OutputType.CHIP_HISTONE,,H3K4me1,
515,EFO:0003072 Histone ChIP-seq H3K4me2,.,Histone ChIP-seq,EFO:0003072,SK-N-SH,cell_line,child,encode,single,False,0.7950025200843811,OutputType.CHIP_HISTONE,,H3K4me2,
516,EFO:0003072 Histone ChIP-seq H3K4me3,.,Histone ChIP-seq,EFO:0003072,SK-N-SH,cell_line,child,encode,paired,False,0.876600980758667,OutputType.CHIP_HISTONE,,H3K4me3,
517,EFO:0003072 Histone ChIP-seq H3K79me2,.,Histone ChIP-seq,EFO:0003072,SK-N-SH,cell_line,child,encode,paired,False,0.9137915968894958,OutputType.CHIP_HISTONE,,H3K79me2,
518,EFO:0003072 Histone ChIP-seq H3K9ac,.,Histone ChIP-seq,EFO:0003072,SK-N-SH,cell_line,child,encode,single,False,0.7993491888046265,OutputType.CHIP_HISTONE,,H3K9ac,
519,EFO:0003072 Histone ChIP-seq H4K20me1,.,Histone ChIP-seq,EFO:0003072,SK-N-SH,cell_line,child,encode,single,False,0.8161243200302124,OutputType.CHIP_HISTONE,,H4K20me1,
520,EFO:0005236 Histone ChIP-seq H3K27me3,.,Histone ChIP-seq,EFO:0005236,NT2/D1,cell_line,unknown,encode,single,False,1.0673760175704956,OutputType.CHIP_HISTONE,,H3K27me3,
521,EFO:0005236 Histone ChIP-seq H3K36me3,.,Histone ChIP-seq,EFO:0005236,NT2/D1,cell_line,unknown,encode,single,False,1.3818084001541138,OutputType.CHIP_HISTONE,,H3K36me3,
522,EFO:0005236 Histone ChIP-seq H3K4me1,.,Histone ChIP-seq,EFO:0005236,NT2/D1,cell_line,unknown,encode,single,False,1.1486653089523315,OutputType.CHIP_HISTONE,,H3K4me1,
523,EFO:0005236 Histone ChIP-seq H3K4me3,.,Histone ChIP-seq,EFO:0005236,NT2/D1,cell_line,unknown,encode,single,False,1.227253794670105,OutputType.CHIP_HISTONE,,H3K4me3,
524,EFO:0005236 Histone ChIP-seq H3K9ac,.,Histone ChIP-seq,EFO:0005236,NT2/D1,cell_line,unknown,encode,single,False,1.299910306930542,OutputType.CHIP_HISTONE,,H3K9ac,
525,EFO:0005236 Histone ChIP-seq H3K9me3,.,Histone ChIP-seq,EFO:0005236,NT2/D1,cell_line,unknown,encode,single,False,0.8423168063163757,OutputType.CHIP_HISTONE,,H3K9me3,
526,EFO:0005333 Histone ChIP-seq H3K4me3,.,Histone ChIP-seq,EFO:0005333,GM08714,cell_line,unknown,encode,single,False,0.6614753007888794,OutputType.CHIP_HISTONE,,H3K4me3,
527,EFO:0005337 Histone ChIP-seq H3K4me3,.,Histone ChIP-seq,EFO:0005337,GM12864,cell_line,unknown,encode,single,False,1.0027735233306885,OutputType.CHIP_HISTONE,,H3K4me3,
528,EFO:0005338 Histone ChIP-seq H3K4me3,.,Histone ChIP-seq,EFO:0005338,GM12865,cell_line,unknown,encode,single,False,0.9344316124916077,OutputType.CHIP_HISTONE,,H3K4me3,
529,EFO:0005694 Histone ChIP-seq H2AFZ,.,Histone ChIP-seq,EFO:0005694,KMS-11,cell_line,adult,encode,single,False,0.8141403794288635,OutputType.CHIP_HISTONE,,H2AFZ,
530,EFO:0005694 Histone ChIP-seq H3K27ac,.,Histone ChIP-seq,EFO:0005694,KMS-11,cell_line,adult,encode,single,False,0.746717631816864,OutputType.CHIP_HISTONE,,H3K27ac,
531,EFO:0005694 Histone ChIP-seq H3K4me1,.,Histone ChIP-seq,EFO:0005694,KMS-11,cell_line,adult,encode,single,False,0.7639715671539307,OutputType.CHIP_HISTONE,,H3K4me1,
532,EFO:0005694 Histone ChIP-seq H3K4me2,.,Histone ChIP-seq,EFO:0005694,KMS-11,cell_line,adult,encode,single,False,0.8069808483123779,OutputType.CHIP_HISTONE,,H3K4me2,
533,EFO:0005694 Histone ChIP-seq H3K79me2,.,Histone ChIP-seq,EFO:0005694,KMS-11,cell_line,adult,encode,single,False,0.7864497303962708,OutputType.CHIP_HISTONE,,H3K79me2,
534,EFO:0005694 Histone ChIP-seq H3K9ac,.,Histone ChIP-seq,EFO:0005694,KMS-11,cell_line,adult,encode,single,False,0.8067595362663269,OutputType.CHIP_HISTONE,,H3K9ac,
535,EFO:0005710 Histone ChIP-seq H3K4me3,.,Histone ChIP-seq,EFO:0005710,HFF-Myc,cell_line,newborn,encode,single,False,2.5824942588806152,OutputType.CHIP_HISTONE,,H3K4me3,
536,EFO:0005715 Histone ChIP-seq H3K27ac,.,Histone ChIP-seq,EFO:0005715,WERI-Rb-1,cell_line,child,encode,paired,False,0.7390504479408264,OutputType.CHIP_HISTONE,,H3K27ac,
537,EFO:0005715 Histone ChIP-seq H3K36me3,.,Histone ChIP-seq,EFO:0005715,WERI-Rb-1,cell_line,child,encode,paired,False,0.7824030518531799,OutputType.CHIP_HISTONE,,H3K36me3,
538,EFO:0005715 Histone ChIP-seq H3K4me1,.,Histone ChIP-seq,EFO:0005715,WERI-Rb-1,cell_line,child,encode,paired,False,0.7635297179222107,OutputType.CHIP_HISTONE,,H3K4me1,
539,EFO:0005715 Histone ChIP-seq H3K4me3,.,Histone ChIP-seq,EFO:0005715,WERI-Rb-1,cell_line,child,encode,single,False,1.21775484085083,OutputType.CHIP_HISTONE,,H3K4me3,
540,EFO:0005719 Histone ChIP-seq H2AFZ,.,Histone ChIP-seq,EFO:0005719,Karpas-422,cell_line,adult,encode,single,False,0.8108116984367371,OutputType.CHIP_HISTONE,,H2AFZ,
541,EFO:0005719 Histone ChIP-seq H3K27ac,.,Histone ChIP-seq,EFO:0005719,Karpas-422,cell_line,adult,encode,single,False,0.8132166266441345,OutputType.CHIP_HISTONE,,H3K27ac,
542,EFO:0005719 Histone ChIP-seq H3K36me3,.,Histone ChIP-seq,EFO:0005719,Karpas-422,cell_line,adult,encode,single,False,0.7852209210395813,OutputType.CHIP_HISTONE,,H3K36me3,
543,EFO:0005719 Histone ChIP-seq H3K4me1,.,Histone ChIP-seq,EFO:0005719,Karpas-422,cell_line,adult,encode,single,False,0.6884607672691345,OutputType.CHIP_HISTONE,,H3K4me1,
544,EFO:0005719 Histone ChIP-seq H3K4me2,.,Histone ChIP-seq,EFO:0005719,Karpas-422,cell_line,adult,encode,single,False,0.8892467617988586,OutputType.CHIP_HISTONE,,H3K4me2,
545,EFO:0005719 Histone ChIP-seq H3K4me3,.,Histone ChIP-seq,EFO:0005719,Karpas-422,cell_line,adult,encode,single,False,0.7700881958007812,OutputType.CHIP_HISTONE,,H3K4me3,
546,EFO:0005719 Histone ChIP-seq H3K79me2,.,Histone ChIP-seq,EFO:0005719,Karpas-422,cell_line,adult,encode,single,False,0.7337878942489624,OutputType.CHIP_HISTONE,,H3K79me2,
547,EFO:0005719 Histone ChIP-seq H3K9ac,.,Histone ChIP-seq,EFO:0005719,Karpas-422,cell_line,adult,encode,single,False,0.8060652017593384,OutputType.CHIP_HISTONE,,H3K9ac,
548,EFO:0005719 Histone ChIP-seq H3K9me3,.,Histone ChIP-seq,EFO:0005719,Karpas-422,cell_line,adult,encode,single,False,0.787443220615387,OutputType.CHIP_HISTONE,,H3K9me3,
549,EFO:0005722 Histone ChIP-seq H3K27ac,.,Histone ChIP-seq,EFO:0005722,SJCRH30,cell_line,child,encode,paired,False,0.6896005868911743,OutputType.CHIP_HISTONE,,H3K27ac,
550,EFO:0005722 Histone ChIP-seq H3K36me3,.,Histone ChIP-seq,EFO:0005722,SJCRH30,cell_line,child,encode,paired,False,0.7707294821739197,OutputType.CHIP_HISTONE,,H3K36me3,
551,EFO:0005722 Histone ChIP-seq H3K4me1,.,Histone ChIP-seq,EFO:0005722,SJCRH30,cell_line,child,encode,paired,False,0.7450762987136841,OutputType.CHIP_HISTONE,,H3K4me1,
552,EFO:0005722 Histone ChIP-seq H3K4me3,.,Histone ChIP-seq,EFO:0005722,SJCRH30,cell_line,child,encode,paired,False,0.6206855177879333,OutputType.CHIP_HISTONE,,H3K4me3,
553,EFO:0005723 Histone ChIP-seq H2AFZ,.,Histone ChIP-seq,EFO:0005723,GM23248,cell_line,adult,encode,single,False,0.7952460050582886,OutputType.CHIP_HISTONE,,H2AFZ,
554,EFO:0005723 Histone ChIP-seq H3F3A,.,Histone ChIP-seq,EFO:0005723,GM23248,cell_line,adult,encode,single,False,0.793757975101471,OutputType.CHIP_HISTONE,,H3F3A,
555,EFO:0005723 Histone ChIP-seq H3K27ac,.,Histone ChIP-seq,EFO:0005723,GM23248,cell_line,adult,encode,single,False,0.8255560398101807,OutputType.CHIP_HISTONE,,H3K27ac,
556,EFO:0005723 Histone ChIP-seq H3K27me3,.,Histone ChIP-seq,EFO:0005723,GM23248,cell_line,adult,encode,single,False,0.8721643686294556,OutputType.CHIP_HISTONE,,H3K27me3,
557,EFO:0005723 Histone ChIP-seq H3K36me3,.,Histone ChIP-seq,EFO:0005723,GM23248,cell_line,adult,encode,single,False,0.8269196152687073,OutputType.CHIP_HISTONE,,H3K36me3,
558,EFO:0005723 Histone ChIP-seq H3K4me1,.,Histone ChIP-seq,EFO:0005723,GM23248,cell_line,adult,encode,single,False,0.8184978365898132,OutputType.CHIP_HISTONE,,H3K4me1,
559,EFO:0005723 Histone ChIP-seq H3K4me2,.,Histone ChIP-seq,EFO:0005723,GM23248,cell_line,adult,encode,single,False,1.1433426141738892,OutputType.CHIP_HISTONE,,H3K4me2,
560,EFO:0005723 Histone ChIP-seq H3K4me3,.,Histone ChIP-seq,EFO:0005723,GM23248,cell_line,adult,encode,single,False,0.7785521745681763,OutputType.CHIP_HISTONE,,H3K4me3,
561,EFO:0005723 Histone ChIP-seq H3K79me2,.,Histone ChIP-seq,EFO:0005723,GM23248,cell_line,adult,encode,single,False,0.9011765122413635,OutputType.CHIP_HISTONE,,H3K79me2,
562,EFO:0005723 Histone ChIP-seq H3K9ac,.,Histone ChIP-seq,EFO:0005723,GM23248,cell_line,adult,encode,single,False,0.7587307095527649,OutputType.CHIP_HISTONE,,H3K9ac,
563,EFO:0005724 Histone ChIP-seq H2AFZ,.,Histone ChIP-seq,EFO:0005724,MM.1S,cell_line,adult,encode,single,False,0.7800906300544739,OutputType.CHIP_HISTONE,,H2AFZ,
564,EFO:0005724 Histone ChIP-seq H3F3A,.,Histone ChIP-seq,EFO:0005724,MM.1S,cell_line,adult,encode,single,False,0.8031467199325562,OutputType.CHIP_HISTONE,,H3F3A,
565,EFO:0005724 Histone ChIP-seq H3K27ac,.,Histone ChIP-seq,EFO:0005724,MM.1S,cell_line,adult,encode,single,False,0.782006561756134,OutputType.CHIP_HISTONE,,H3K27ac,
566,EFO:0005724 Histone ChIP-seq H3K27me3,.,Histone ChIP-seq,EFO:0005724,MM.1S,cell_line,adult,encode,single,False,0.8092890977859497,OutputType.CHIP_HISTONE,,H3K27me3,
567,EFO:0005724 Histone ChIP-seq H3K4me1,.,Histone ChIP-seq,EFO:0005724,MM.1S,cell_line,adult,encode,single,False,0.7677534222602844,OutputType.CHIP_HISTONE,,H3K4me1,
568,EFO:0005724 Histone ChIP-seq H3K4me2,.,Histone ChIP-seq,EFO:0005724,MM.1S,cell_line,adult,encode,single,False,0.7975562214851379,OutputType.CHIP_HISTONE,,H3K4me2,
569,EFO:0005724 Histone ChIP-seq H3K4me3,.,Histone ChIP-seq,EFO:0005724,MM.1S,cell_line,adult,encode,single,False,0.7837072014808655,OutputType.CHIP_HISTONE,,H3K4me3,
570,EFO:0005724 Histone ChIP-seq H3K79me2,.,Histone ChIP-seq,EFO:0005724,MM.1S,cell_line,adult,encode,single,False,0.7689640522003174,OutputType.CHIP_HISTONE,,H3K79me2,
571,EFO:0005724 Histone ChIP-seq H3K9ac,.,Histone ChIP-seq,EFO:0005724,MM.1S,cell_line,adult,encode,single,False,0.7776012420654297,OutputType.CHIP_HISTONE,,H3K9ac,
572,EFO:0005725 Histone ChIP-seq H3K27me3,.,Histone ChIP-seq,EFO:0005725,BE2C,cell_line,child,encode,paired,False,0.7768091559410095,OutputType.CHIP_HISTONE,,H3K27me3,
573,EFO:0005725 Histone ChIP-seq H3K36me3,.,Histone ChIP-seq,EFO:0005725,BE2C,cell_line,child,encode,paired,False,0.7647978663444519,OutputType.CHIP_HISTONE,,H3K36me3,
574,EFO:0005725 Histone ChIP-seq H3K4me1,.,Histone ChIP-seq,EFO:0005725,BE2C,cell_line,child,encode,paired,False,0.7459593415260315,OutputType.CHIP_HISTONE,,H3K4me1,
575,EFO:0005725 Histone ChIP-seq H3K4me3,.,Histone ChIP-seq,EFO:0005725,BE2C,cell_line,child,encode,single,False,1.0527292490005493,OutputType.CHIP_HISTONE,,H3K4me3,
576,EFO:0005726 Histone ChIP-seq H3K4me3,.,Histone ChIP-seq,EFO:0005726,LNCaP clone FGC,cell_line,adult,encode,single,False,1.5429073572158813,OutputType.CHIP_HISTONE,,H3K4me3,
577,EFO:0005904 Histone ChIP-seq H3K27me3,.,Histone ChIP-seq,EFO:0005904,H7,cell_line,embryonic,encode,single,False,1.2266736030578613,OutputType.CHIP_HISTONE,,H3K27me3,
578,EFO:0005904 Histone ChIP-seq H3K36me3,.,Histone ChIP-seq,EFO:0005904,H7,cell_line,embryonic,encode,single,False,1.207909345626831,OutputType.CHIP_HISTONE,,H3K36me3,
579,EFO:0005904 Histone ChIP-seq H3K4me3,.,Histone ChIP-seq,EFO:0005904,H7,cell_line,embryonic,encode,single,False,2.94527268409729,OutputType.CHIP_HISTONE,,H3K4me3,
580,EFO:0005907 Histone ChIP-seq H3K27ac,.,Histone ChIP-seq,EFO:0005907,OCI-LY1,cell_line,adult,encode,single,False,1.0297112464904785,OutputType.CHIP_HISTONE,,H3K27ac,
581,EFO:0005907 Histone ChIP-seq H3K36me3,.,Histone ChIP-seq,EFO:0005907,OCI-LY1,cell_line,adult,encode,single,False,0.8471945524215698,OutputType.CHIP_HISTONE,,H3K36me3,
582,EFO:0005907 Histone ChIP-seq H3K4me1,.,Histone ChIP-seq,EFO:0005907,OCI-LY1,cell_line,adult,encode,single,False,0.9663975834846497,OutputType.CHIP_HISTONE,,H3K4me1,
583,EFO:0005907 Histone ChIP-seq H3K4me2,.,Histone ChIP-seq,EFO:0005907,OCI-LY1,cell_line,adult,encode,single,False,0.7491858601570129,OutputType.CHIP_HISTONE,,H3K4me2,
584,EFO:0005907 Histone ChIP-seq H3K4me3,.,Histone ChIP-seq,EFO:0005907,OCI-LY1,cell_line,adult,encode,single,False,0.9543201923370361,OutputType.CHIP_HISTONE,,H3K4me3,
585,EFO:0005907 Histone ChIP-seq H3K79me2,.,Histone ChIP-seq,EFO:0005907,OCI-LY1,cell_line,adult,encode,single,False,0.8348632454872131,OutputType.CHIP_HISTONE,,H3K79me2,
586,EFO:0005907 Histone ChIP-seq H3K9ac,.,Histone ChIP-seq,EFO:0005907,OCI-LY1,cell_line,adult,encode,single,False,0.7003461718559265,OutputType.CHIP_HISTONE,,H3K9ac,
587,EFO:0006270 Histone ChIP-seq H3K27ac,.,Histone ChIP-seq,EFO:0006270,AG04450,cell_line,embryonic,encode,single,False,1.9686357975006104,OutputType.CHIP_HISTONE,,H3K27ac,
588,EFO:0006270 Histone ChIP-seq H3K27me3,.,Histone ChIP-seq,EFO:0006270,AG04450,cell_line,embryonic,encode,single,False,1.8396755456924438,OutputType.CHIP_HISTONE,,H3K27me3,
589,EFO:0006270 Histone ChIP-seq H3K4me3,.,Histone ChIP-seq,EFO:0006270,AG04450,cell_line,embryonic,encode,single,False,1.9831632375717163,OutputType.CHIP_HISTONE,,H3K4me3,
590,EFO:0006270 Histone ChIP-seq H3K9me3,.,Histone ChIP-seq,EFO:0006270,AG04450,cell_line,embryonic,encode,single,False,1.4357243776321411,OutputType.CHIP_HISTONE,,H3K9me3,
591,EFO:0006283 Histone ChIP-seq H3K27ac,.,Histone ChIP-seq,EFO:0006283,KOPT-K1,cell_line,unknown,encode,single,False,1.3327282667160034,OutputType.CHIP_HISTONE,,H3K27ac,
592,EFO:0006283 Histone ChIP-seq H3K36me3,.,Histone ChIP-seq,EFO:0006283,KOPT-K1,cell_line,unknown,encode,single,False,1.4527289867401123,OutputType.CHIP_HISTONE,,H3K36me3,
593,EFO:0006283 Histone ChIP-seq H3K4me1,.,Histone ChIP-seq,EFO:0006283,KOPT-K1,cell_line,unknown,encode,single,False,1.3107812404632568,OutputType.CHIP_HISTONE,,H3K4me1,
594,EFO:0006365 Histone ChIP-seq H3K27ac,.,Histone ChIP-seq,EFO:0006365,C4-2B,cell_line,adult,encode,paired,False,0.754474401473999,OutputType.CHIP_HISTONE,,H3K27ac,
595,EFO:0006710 Histone ChIP-seq H2AFZ,.,Histone ChIP-seq,EFO:0006710,OCI-LY3,cell_line,adult,encode,single,False,0.8652040362358093,OutputType.CHIP_HISTONE,,H2AFZ,
596,EFO:0006710 Histone ChIP-seq H3K27ac,.,Histone ChIP-seq,EFO:0006710,OCI-LY3,cell_line,adult,encode,single,False,0.7575159668922424,OutputType.CHIP_HISTONE,,H3K27ac,
597,EFO:0006710 Histone ChIP-seq H3K27me3,.,Histone ChIP-seq,EFO:0006710,OCI-LY3,cell_line,adult,encode,single,False,0.8024139404296875,OutputType.CHIP_HISTONE,,H3K27me3,
598,EFO:0006710 Histone ChIP-seq H3K36me3,.,Histone ChIP-seq,EFO:0006710,OCI-LY3,cell_line,adult,encode,single,False,0.7774218320846558,OutputType.CHIP_HISTONE,,H3K36me3,
599,EFO:0006710 Histone ChIP-seq H3K4me1,.,Histone ChIP-seq,EFO:0006710,OCI-LY3,cell_line,adult,encode,single,False,0.726151704788208,OutputType.CHIP_HISTONE,,H3K4me1,
600,EFO:0006710 Histone ChIP-seq H3K4me2,.,Histone ChIP-seq,EFO:0006710,OCI-LY3,cell_line,adult,encode,single,False,0.8114163279533386,OutputType.CHIP_HISTONE,,H3K4me2,
601,EFO:0006710 Histone ChIP-seq H3K4me3,.,Histone ChIP-seq,EFO:0006710,OCI-LY3,cell_line,adult,encode,single,False,0.7242121696472168,OutputType.CHIP_HISTONE,,H3K4me3,
602,EFO:0006710 Histone ChIP-seq H3K79me2,.,Histone ChIP-seq,EFO:0006710,OCI-LY3,cell_line,adult,encode,single,False,0.7425189018249512,OutputType.CHIP_HISTONE,,H3K79me2,
603,EFO:0006710 Histone ChIP-seq H3K9ac,.,Histone ChIP-seq,EFO:0006710,OCI-LY3,cell_line,adult,encode,single,False,0.8127356767654419,OutputType.CHIP_HISTONE,,H3K9ac,
604,EFO:0006710 Histone ChIP-seq H4K20me1,.,Histone ChIP-seq,EFO:0006710,OCI-LY3,cell_line,adult,encode,single,False,0.7914016246795654,OutputType.CHIP_HISTONE,,H4K20me1,
605,EFO:0006711 Histone ChIP-seq H2AFZ,.,Histone ChIP-seq,EFO:0006711,OCI-LY7,cell_line,adult,encode,single,False,0.8166161775588989,OutputType.CHIP_HISTONE,,H2AFZ,
606,EFO:0006711 Histone ChIP-seq H3K27ac,.,Histone ChIP-seq,EFO:0006711,OCI-LY7,cell_line,adult,encode,single,False,1.0634981393814087,OutputType.CHIP_HISTONE,,H3K27ac,
607,EFO:0006711 Histone ChIP-seq H3K36me3,.,Histone ChIP-seq,EFO:0006711,OCI-LY7,cell_line,adult,encode,single,False,0.8508294224739075,OutputType.CHIP_HISTONE,,H3K36me3,
608,EFO:0006711 Histone ChIP-seq H3K4me1,.,Histone ChIP-seq,EFO:0006711,OCI-LY7,cell_line,adult,encode,single,False,1.1747151613235474,OutputType.CHIP_HISTONE,,H3K4me1,
609,EFO:0006711 Histone ChIP-seq H3K4me2,.,Histone ChIP-seq,EFO:0006711,OCI-LY7,cell_line,adult,encode,single,False,0.8813180923461914,OutputType.CHIP_HISTONE,,H3K4me2,
610,EFO:0006711 Histone ChIP-seq H3K4me3,.,Histone ChIP-seq,EFO:0006711,OCI-LY7,cell_line,adult,encode,single,False,1.0456187725067139,OutputType.CHIP_HISTONE,,H3K4me3,
611,EFO:0006711 Histone ChIP-seq H3K79me2,.,Histone ChIP-seq,EFO:0006711,OCI-LY7,cell_line,adult,encode,single,False,0.8088855147361755,OutputType.CHIP_HISTONE,,H3K79me2,
612,EFO:0007070 Histone ChIP-seq H2AFZ,.,Histone ChIP-seq,EFO:0007070,ACC112,cell_line,adult,encode,single,False,1.1752159595489502,OutputType.CHIP_HISTONE,,H2AFZ,
613,EFO:0007070 Histone ChIP-seq H3K27ac,.,Histone ChIP-seq,EFO:0007070,ACC112,cell_line,adult,encode,single,False,0.9650293588638306,OutputType.CHIP_HISTONE,,H3K27ac,
614,EFO:0007070 Histone ChIP-seq H3K27me3,.,Histone ChIP-seq,EFO:0007070,ACC112,cell_line,adult,encode,single,False,0.8814367055892944,OutputType.CHIP_HISTONE,,H3K27me3,
615,EFO:0007070 Histone ChIP-seq H3K36me3,.,Histone ChIP-seq,EFO:0007070,ACC112,cell_line,adult,encode,single,False,0.7858275175094604,OutputType.CHIP_HISTONE,,H3K36me3,
616,EFO:0007070 Histone ChIP-seq H3K4me1,.,Histone ChIP-seq,EFO:0007070,ACC112,cell_line,adult,encode,single,False,1.075564980506897,OutputType.CHIP_HISTONE,,H3K4me1,
617,EFO:0007070 Histone ChIP-seq H3K4me3,.,Histone ChIP-seq,EFO:0007070,ACC112,cell_line,adult,encode,single,False,0.7788870334625244,OutputType.CHIP_HISTONE,,H3K4me3,
618,EFO:0007070 Histone ChIP-seq H3K79me2,.,Histone ChIP-seq,EFO:0007070,ACC112,cell_line,adult,encode,single,False,1.3678133487701416,OutputType.CHIP_HISTONE,,H3K79me2,
619,EFO:0007074 Histone ChIP-seq H2AFZ,.,Histone ChIP-seq,EFO:0007074,DND-41,cell_line,child,encode,single,False,0.9895577430725098,OutputType.CHIP_HISTONE,,H2AFZ,
620,EFO:0007074 Histone ChIP-seq H3K27ac,.,Histone ChIP-seq,EFO:0007074,DND-41,cell_line,child,encode,single,False,0.7825018763542175,OutputType.CHIP_HISTONE,,H3K27ac,
621,EFO:0007074 Histone ChIP-seq H3K36me3,.,Histone ChIP-seq,EFO:0007074,DND-41,cell_line,child,encode,single,False,1.0529050827026367,OutputType.CHIP_HISTONE,,H3K36me3,
622,EFO:0007074 Histone ChIP-seq H3K4me1,.,Histone ChIP-seq,EFO:0007074,DND-41,cell_line,child,encode,single,False,1.0538052320480347,OutputType.CHIP_HISTONE,,H3K4me1,
623,EFO:0007074 Histone ChIP-seq H3K4me2,.,Histone ChIP-seq,EFO:0007074,DND-41,cell_line,child,encode,single,False,1.6599756479263306,OutputType.CHIP_HISTONE,,H3K4me2,
624,EFO:0007074 Histone ChIP-seq H3K4me3,.,Histone ChIP-seq,EFO:0007074,DND-41,cell_line,child,encode,single,False,0.7011074423789978,OutputType.CHIP_HISTONE,,H3K4me3,
625,EFO:0007074 Histone ChIP-seq H3K79me2,.,Histone ChIP-seq,EFO:0007074,DND-41,cell_line,child,encode,single,False,1.3025755882263184,OutputType.CHIP_HISTONE,,H3K79me2,
626,EFO:0007074 Histone ChIP-seq H3K9ac,.,Histone ChIP-seq,EFO:0007074,DND-41,cell_line,child,encode,single,False,0.9783159494400024,OutputType.CHIP_HISTONE,,H3K9ac,
627,EFO:0007074 Histone ChIP-seq H4K20me1,.,Histone ChIP-seq,EFO:0007074,DND-41,cell_line,child,encode,single,False,0.9341121912002563,OutputType.CHIP_HISTONE,,H4K20me1,
628,EFO:0007076 Histone ChIP-seq H3K36me3,.,Histone ChIP-seq,EFO:0007076,ES-I3,cell_line,embryonic,encode,single,False,1.2987866401672363,OutputType.CHIP_HISTONE,,H3K36me3,
629,EFO:0007076 Histone ChIP-seq H3K4me1,.,Histone ChIP-seq,EFO:0007076,ES-I3,cell_line,embryonic,encode,single,False,0.9938431978225708,OutputType.CHIP_HISTONE,,H3K4me1,
630,EFO:0007076 Histone ChIP-seq H3K9ac,.,Histone ChIP-seq,EFO:0007076,ES-I3,cell_line,embryonic,encode,single,False,1.3369234800338745,OutputType.CHIP_HISTONE,,H3K9ac,
631,EFO:0007083 Histone ChIP-seq H3K27ac,.,Histone ChIP-seq,EFO:0007083,HUES48,cell_line,embryonic,encode,single,False,1.690273404121399,OutputType.CHIP_HISTONE,,H3K27ac,
632,EFO:0007083 Histone ChIP-seq H3K27me3,.,Histone ChIP-seq,EFO:0007083,HUES48,cell_line,embryonic,encode,single,False,0.9886635541915894,OutputType.CHIP_HISTONE,,H3K27me3,
633,EFO:0007083 Histone ChIP-seq H3K36me3,.,Histone ChIP-seq,EFO:0007083,HUES48,cell_line,embryonic,encode,single,False,0.9601725339889526,OutputType.CHIP_HISTONE,,H3K36me3,
634,EFO:0007083 Histone ChIP-seq H3K4me1,.,Histone ChIP-seq,EFO:0007083,HUES48,cell_line,embryonic,encode,single,False,0.9300087094306946,OutputType.CHIP_HISTONE,,H3K4me1,
635,EFO:0007083 Histone ChIP-seq H3K4me3,.,Histone ChIP-seq,EFO:0007083,HUES48,cell_line,embryonic,encode,single,False,1.015495777130127,OutputType.CHIP_HISTONE,,H3K4me3,
636,EFO:0007083 Histone ChIP-seq H3K9ac,.,Histone ChIP-seq,EFO:0007083,HUES48,cell_line,embryonic,encode,single,False,0.8901925086975098,OutputType.CHIP_HISTONE,,H3K9ac,
637,EFO:0007083 Histone ChIP-seq H3K9me3,.,Histone ChIP-seq,EFO:0007083,HUES48,cell_line,embryonic,encode,single,False,1.0969005823135376,OutputType.CHIP_HISTONE,,H3K9me3,
638,EFO:0007086 Histone ChIP-seq H3K27ac,.,Histone ChIP-seq,EFO:0007086,HUES6,cell_line,embryonic,encode,single,False,0.8609235286712646,OutputType.CHIP_HISTONE,,H3K27ac,
639,EFO:0007086 Histone ChIP-seq H3K27me3,.,Histone ChIP-seq,EFO:0007086,HUES6,cell_line,embryonic,encode,single,False,0.9851930141448975,OutputType.CHIP_HISTONE,,H3K27me3,
640,EFO:0007086 Histone ChIP-seq H3K36me3,.,Histone ChIP-seq,EFO:0007086,HUES6,cell_line,embryonic,encode,single,False,1.0129314661026,OutputType.CHIP_HISTONE,,H3K36me3,
641,EFO:0007086 Histone ChIP-seq H3K4me1,.,Histone ChIP-seq,EFO:0007086,HUES6,cell_line,embryonic,encode,single,False,0.9332792162895203,OutputType.CHIP_HISTONE,,H3K4me1,
642,EFO:0007086 Histone ChIP-seq H3K4me3,.,Histone ChIP-seq,EFO:0007086,HUES6,cell_line,embryonic,encode,single,False,1.0370745658874512,OutputType.CHIP_HISTONE,,H3K4me3,
643,EFO:0007086 Histone ChIP-seq H3K9ac,.,Histone ChIP-seq,EFO:0007086,HUES6,cell_line,embryonic,encode,single,False,1.2630641460418701,OutputType.CHIP_HISTONE,,H3K9ac,
644,EFO:0007086 Histone ChIP-seq H3K9me3,.,Histone ChIP-seq,EFO:0007086,HUES6,cell_line,embryonic,encode,single,False,1.1540638208389282,OutputType.CHIP_HISTONE,,H3K9me3,
645,EFO:0007089 Histone ChIP-seq H3K27ac,.,Histone ChIP-seq,EFO:0007089,HUES64,cell_line,embryonic,encode,single,False,0.8550357818603516,OutputType.CHIP_HISTONE,,H3K27ac,
646,EFO:0007089 Histone ChIP-seq H3K27me3,.,Histone ChIP-seq,EFO:0007089,HUES64,cell_line,embryonic,encode,single,False,1.0195966958999634,OutputType.CHIP_HISTONE,,H3K27me3,
647,EFO:0007089 Histone ChIP-seq H3K36me3,.,Histone ChIP-seq,EFO:0007089,HUES64,cell_line,embryonic,encode,single,False,1.0098785161972046,OutputType.CHIP_HISTONE,,H3K36me3,
648,EFO:0007089 Histone ChIP-seq H3K4me1,.,Histone ChIP-seq,EFO:0007089,HUES64,cell_line,embryonic,encode,single,False,0.9001332521438599,OutputType.CHIP_HISTONE,,H3K4me1,
649,EFO:0007089 Histone ChIP-seq H3K4me3,.,Histone ChIP-seq,EFO:0007089,HUES64,cell_line,embryonic,encode,single,False,1.1050348281860352,OutputType.CHIP_HISTONE,,H3K4me3,
650,EFO:0007089 Histone ChIP-seq H3K9ac,.,Histone ChIP-seq,EFO:0007089,HUES64,cell_line,embryonic,encode,single,False,0.8477354645729065,OutputType.CHIP_HISTONE,,H3K9ac,
651,EFO:0007089 Histone ChIP-seq H3K9me3,.,Histone ChIP-seq,EFO:0007089,HUES64,cell_line,embryonic,encode,single,False,1.1592868566513062,OutputType.CHIP_HISTONE,,H3K9me3,
652,EFO:0007096 Histone ChIP-seq H3K36me3,.,Histone ChIP-seq,EFO:0007096,iPS DF 19.11,cell_line,newborn,encode,single,False,0.9917740225791931,OutputType.CHIP_HISTONE,,H3K36me3,
653,EFO:0007096 Histone ChIP-seq H3K4me1,.,Histone ChIP-seq,EFO:0007096,iPS DF 19.11,cell_line,newborn,encode,single,False,1.209425449371338,OutputType.CHIP_HISTONE,,H3K4me1,
654,EFO:0007096 Histone ChIP-seq H3K4me3,.,Histone ChIP-seq,EFO:0007096,iPS DF 19.11,cell_line,newborn,encode,single,False,1.4535536766052246,OutputType.CHIP_HISTONE,,H3K4me3,
655,EFO:0007096 Histone ChIP-seq H3K9me3,.,Histone ChIP-seq,EFO:0007096,iPS DF 19.11,cell_line,newborn,encode,single,False,1.1676043272018433,OutputType.CHIP_HISTONE,,H3K9me3,
656,EFO:0007098 Histone ChIP-seq H3K27me3,.,Histone ChIP-seq,EFO:0007098,iPS DF 6.9,cell_line,newborn,encode,single,False,0.8807129859924316,OutputType.CHIP_HISTONE,,H3K27me3,
657,EFO:0007098 Histone ChIP-seq H3K4me3,.,Histone ChIP-seq,EFO:0007098,iPS DF 6.9,cell_line,newborn,encode,single,False,0.8723101019859314,OutputType.CHIP_HISTONE,,H3K4me3,
658,EFO:0007099 Histone ChIP-seq H3K4me3,.,Histone ChIP-seq,EFO:0007099,iPS-11a,cell_line,adult,encode,single,False,1.8062061071395874,OutputType.CHIP_HISTONE,,H3K4me3,
659,EFO:0007102 Histone ChIP-seq H3K27me3,.,Histone ChIP-seq,EFO:0007102,iPS-15b,cell_line,adult,encode,single,False,1.2672089338302612,OutputType.CHIP_HISTONE,,H3K27me3,
660,EFO:0007102 Histone ChIP-seq H3K36me3,.,Histone ChIP-seq,EFO:0007102,iPS-15b,cell_line,adult,encode,single,False,1.6455957889556885,OutputType.CHIP_HISTONE,,H3K36me3,
661,EFO:0007102 Histone ChIP-seq H3K4me1,.,Histone ChIP-seq,EFO:0007102,iPS-15b,cell_line,adult,encode,single,False,1.1997390985488892,OutputType.CHIP_HISTONE,,H3K4me1,
662,EFO:0007102 Histone ChIP-seq H3K4me3,.,Histone ChIP-seq,EFO:0007102,iPS-15b,cell_line,adult,encode,single,False,1.4930837154388428,OutputType.CHIP_HISTONE,,H3K4me3,
663,EFO:0007102 Histone ChIP-seq H3K9ac,.,Histone ChIP-seq,EFO:0007102,iPS-15b,cell_line,adult,encode,single,False,1.2961440086364746,OutputType.CHIP_HISTONE,,H3K9ac,
664,EFO:0007105 Histone ChIP-seq H3K27me3,.,Histone ChIP-seq,EFO:0007105,iPS-18a,cell_line,adult,encode,single,False,0.9958552122116089,OutputType.CHIP_HISTONE,,H3K27me3,
665,EFO:0007105 Histone ChIP-seq H3K36me3,.,Histone ChIP-seq,EFO:0007105,iPS-18a,cell_line,adult,encode,single,False,0.8784027099609375,OutputType.CHIP_HISTONE,,H3K36me3,
666,EFO:0007105 Histone ChIP-seq H3K4me1,.,Histone ChIP-seq,EFO:0007105,iPS-18a,cell_line,adult,encode,single,False,0.9265301823616028,OutputType.CHIP_HISTONE,,H3K4me1,
667,EFO:0007105 Histone ChIP-seq H3K4me3,.,Histone ChIP-seq,EFO:0007105,iPS-18a,cell_line,adult,encode,single,False,1.1476532220840454,OutputType.CHIP_HISTONE,,H3K4me3,
668,EFO:0007105 Histone ChIP-seq H3K9ac,.,Histone ChIP-seq,EFO:0007105,iPS-18a,cell_line,adult,encode,single,False,0.9910545945167542,OutputType.CHIP_HISTONE,,H3K9ac,
669,EFO:0007105 Histone ChIP-seq H3K9me3,.,Histone ChIP-seq,EFO:0007105,iPS-18a,cell_line,adult,encode,single,False,1.1282650232315063,OutputType.CHIP_HISTONE,,H3K9me3,
670,EFO:0007107 Histone ChIP-seq H3K4me3,.,Histone ChIP-seq,EFO:0007107,iPS-18c,cell_line,adult,encode,single,False,1.324804663658142,OutputType.CHIP_HISTONE,,H3K4me3,
671,EFO:0007107 Histone ChIP-seq H3K9me3,.,Histone ChIP-seq,EFO:0007107,iPS-18c,cell_line,adult,encode,single,False,4.074578285217285,OutputType.CHIP_HISTONE,,H3K9me3,
672,EFO:0007108 Histone ChIP-seq H3K27ac,.,Histone ChIP-seq,EFO:0007108,iPS-20b,cell_line,adult,encode,single,False,0.982379138469696,OutputType.CHIP_HISTONE,,H3K27ac,
673,EFO:0007108 Histone ChIP-seq H3K27me3,.,Histone ChIP-seq,EFO:0007108,iPS-20b,cell_line,adult,encode,single,False,0.9250741600990295,OutputType.CHIP_HISTONE,,H3K27me3,
674,EFO:0007108 Histone ChIP-seq H3K36me3,.,Histone ChIP-seq,EFO:0007108,iPS-20b,cell_line,adult,encode,single,False,0.9049729704856873,OutputType.CHIP_HISTONE,,H3K36me3,
675,EFO:0007108 Histone ChIP-seq H3K4me1,.,Histone ChIP-seq,EFO:0007108,iPS-20b,cell_line,adult,encode,single,False,0.8496806621551514,OutputType.CHIP_HISTONE,,H3K4me1,
676,EFO:0007108 Histone ChIP-seq H3K4me3,.,Histone ChIP-seq,EFO:0007108,iPS-20b,cell_line,adult,encode,single,False,0.8902922868728638,OutputType.CHIP_HISTONE,,H3K4me3,
677,EFO:0007108 Histone ChIP-seq H3K9ac,.,Histone ChIP-seq,EFO:0007108,iPS-20b,cell_line,adult,encode,single,False,0.8390867114067078,OutputType.CHIP_HISTONE,,H3K9ac,
678,EFO:0007108 Histone ChIP-seq H3K9me3,.,Histone ChIP-seq,EFO:0007108,iPS-20b,cell_line,adult,encode,single,False,1.1647130250930786,OutputType.CHIP_HISTONE,,H3K9me3,
679,EFO:0007112 Histone ChIP-seq H2AFZ,.,Histone ChIP-seq,EFO:0007112,Loucy,cell_line,adult,encode,single,False,0.8742896318435669,OutputType.CHIP_HISTONE,,H2AFZ,
680,EFO:0007112 Histone ChIP-seq H3K36me3,.,Histone ChIP-seq,EFO:0007112,Loucy,cell_line,adult,encode,single,False,0.9616490006446838,OutputType.CHIP_HISTONE,,H3K36me3,
681,EFO:0007112 Histone ChIP-seq H3K4me1,.,Histone ChIP-seq,EFO:0007112,Loucy,cell_line,adult,encode,single,False,0.9160391688346863,OutputType.CHIP_HISTONE,,H3K4me1,
682,EFO:0007112 Histone ChIP-seq H3K4me2,.,Histone ChIP-seq,EFO:0007112,Loucy,cell_line,adult,encode,single,False,0.8706828951835632,OutputType.CHIP_HISTONE,,H3K4me2,
683,EFO:0007112 Histone ChIP-seq H3K4me3,.,Histone ChIP-seq,EFO:0007112,Loucy,cell_line,adult,encode,single,False,0.8072449564933777,OutputType.CHIP_HISTONE,,H3K4me3,
684,EFO:0007112 Histone ChIP-seq H3K79me2,.,Histone ChIP-seq,EFO:0007112,Loucy,cell_line,adult,encode,single,False,0.9605991840362549,OutputType.CHIP_HISTONE,,H3K79me2,
685,EFO:0007112 Histone ChIP-seq H3K9ac,.,Histone ChIP-seq,EFO:0007112,Loucy,cell_line,adult,encode,single,False,0.8224473595619202,OutputType.CHIP_HISTONE,,H3K9ac,
686,EFO:0007116 Histone ChIP-seq H3K27me3,.,Histone ChIP-seq,EFO:0007116,UCSF-4,cell_line,embryonic,encode,single,False,0.9684178829193115,OutputType.CHIP_HISTONE,,H3K27me3,
687,EFO:0007116 Histone ChIP-seq H3K36me3,.,Histone ChIP-seq,EFO:0007116,UCSF-4,cell_line,embryonic,encode,single,False,0.9719266891479492,OutputType.CHIP_HISTONE,,H3K36me3,
688,EFO:0007116 Histone ChIP-seq H3K4me1,.,Histone ChIP-seq,EFO:0007116,UCSF-4,cell_line,embryonic,encode,single,False,0.9426586031913757,OutputType.CHIP_HISTONE,,H3K4me1,
689,EFO:0007116 Histone ChIP-seq H3K4me3,.,Histone ChIP-seq,EFO:0007116,UCSF-4,cell_line,embryonic,encode,single,False,0.9728504419326782,OutputType.CHIP_HISTONE,,H3K4me3,
690,EFO:0007116 Histone ChIP-seq H3K9me3,.,Histone ChIP-seq,EFO:0007116,UCSF-4,cell_line,embryonic,encode,single,False,1.1920392513275146,OutputType.CHIP_HISTONE,,H3K9me3,
691,EFO:0007598 Histone ChIP-seq H3K27ac,.,Histone ChIP-seq,EFO:0007598,HAP-1,cell_line,adult,encode,paired,False,0.777906596660614,OutputType.CHIP_HISTONE,,H3K27ac,
692,EFO:0007598 Histone ChIP-seq H3K36me3,.,Histone ChIP-seq,EFO:0007598,HAP-1,cell_line,adult,encode,paired,False,0.7863885164260864,OutputType.CHIP_HISTONE,,H3K36me3,
693,EFO:0007598 Histone ChIP-seq H3K4me1,.,Histone ChIP-seq,EFO:0007598,HAP-1,cell_line,adult,encode,paired,False,0.7626118659973145,OutputType.CHIP_HISTONE,,H3K4me1,
694,EFO:0007598 Histone ChIP-seq H3K4me3,.,Histone ChIP-seq,EFO:0007598,HAP-1,cell_line,adult,encode,paired,False,0.7728875279426575,OutputType.CHIP_HISTONE,,H3K4me3,
695,EFO:0007610 Histone ChIP-seq H3K27ac,.,Histone ChIP-seq,EFO:0007610,RWPE2,cell_line,adult,encode,paired,False,0.758574903011322,OutputType.CHIP_HISTONE,,H3K27ac,
696,EFO:0007610 Histone ChIP-seq H3K36me3,.,Histone ChIP-seq,EFO:0007610,RWPE2,cell_line,unknown,encode,paired,False,0.7755931615829468,OutputType.CHIP_HISTONE,,H3K36me3,
697,EFO:0007610 Histone ChIP-seq H3K4me3,.,Histone ChIP-seq,EFO:0007610,RWPE2,cell_line,unknown,encode,paired,False,0.6467007398605347,OutputType.CHIP_HISTONE,,H3K4me3,
698,EFO:0007752 Histone ChIP-seq H3K27ac,.,Histone ChIP-seq,EFO:0007752,VCaP,cell_line,adult,encode,paired,False,0.8279675841331482,OutputType.CHIP_HISTONE,,H3K27ac,
699,EFO:0007950 Histone ChIP-seq H2AFZ,.,Histone ChIP-seq,EFO:0007950,GM23338,cell_line,adult,encode,paired,False,0.7917439341545105,OutputType.CHIP_HISTONE,,H2AFZ,
700,EFO:0007950 Histone ChIP-seq H3K27ac,.,Histone ChIP-seq,EFO:0007950,GM23338,cell_line,adult,encode,paired,False,0.7947958111763,OutputType.CHIP_HISTONE,,H3K27ac,
701,EFO:0007950 Histone ChIP-seq H3K27me3,.,Histone ChIP-seq,EFO:0007950,GM23338,cell_line,adult,encode,single,False,0.8958479762077332,OutputType.CHIP_HISTONE,,H3K27me3,
702,EFO:0007950 Histone ChIP-seq H3K36me3,.,Histone ChIP-seq,EFO:0007950,GM23338,cell_line,adult,encode,paired,False,0.8456178903579712,OutputType.CHIP_HISTONE,,H3K36me3,
703,EFO:0007950 Histone ChIP-seq H3K4me1,.,Histone ChIP-seq,EFO:0007950,GM23338,cell_line,adult,encode,paired,False,0.8153598308563232,OutputType.CHIP_HISTONE,,H3K4me1,
704,EFO:0007950 Histone ChIP-seq H3K4me2,.,Histone ChIP-seq,EFO:0007950,GM23338,cell_line,adult,encode,single,False,0.8118318319320679,OutputType.CHIP_HISTONE,,H3K4me2,
705,EFO:0007950 Histone ChIP-seq H3K4me3,.,Histone ChIP-seq,EFO:0007950,GM23338,cell_line,adult,encode,single,False,0.8339612483978271,OutputType.CHIP_HISTONE,,H3K4me3,
706,EFO:0007950 Histone ChIP-seq H3K79me2,.,Histone ChIP-seq,EFO:0007950,GM23338,cell_line,adult,encode,paired,False,0.8553295731544495,OutputType.CHIP_HISTONE,,H3K79me2,
707,EFO:0007950 Histone ChIP-seq H4K20me1,.,Histone ChIP-seq,EFO:0007950,GM23338,cell_line,adult,encode,paired,False,0.8245225548744202,OutputType.CHIP_HISTONE,,H4K20me1,
708,EFO:0030018 Histone ChIP-seq H3K27ac,.,Histone ChIP-seq,EFO:0030018,BLaER1,cell_line,unknown,encode,single,False,0.8453137874603271,OutputType.CHIP_HISTONE,,H3K27ac,
709,EFO:0030018 Histone ChIP-seq H3K27me3,.,Histone ChIP-seq,EFO:0030018,BLaER1,cell_line,unknown,encode,single,False,0.8831771016120911,OutputType.CHIP_HISTONE,,H3K27me3,
710,EFO:0030018 Histone ChIP-seq H3K36me3,.,Histone ChIP-seq,EFO:0030018,BLaER1,cell_line,unknown,encode,single,False,0.8955613970756531,OutputType.CHIP_HISTONE,,H3K36me3,
711,EFO:0030018 Histone ChIP-seq H3K4me1,.,Histone ChIP-seq,EFO:0030018,BLaER1,cell_line,unknown,encode,single,False,0.9010633826255798,OutputType.CHIP_HISTONE,,H3K4me1,
712,EFO:0030018 Histone ChIP-seq H3K4me2,.,Histone ChIP-seq,EFO:0030018,BLaER1,cell_line,unknown,encode,single,False,0.9807412028312683,OutputType.CHIP_HISTONE,,H3K4me2,
713,EFO:0030018 Histone ChIP-seq H3K4me3,.,Histone ChIP-seq,EFO:0030018,BLaER1,cell_line,unknown,encode,single,False,0.866553783416748,OutputType.CHIP_HISTONE,,H3K4me3,
714,EFO:0030018 Histone ChIP-seq H3K9ac,.,Histone ChIP-seq,EFO:0030018,BLaER1,cell_line,unknown,encode,single,False,0.8512776494026184,OutputType.CHIP_HISTONE,,H3K9ac,
715,EFO:0030018 Histone ChIP-seq H3K9me3,.,Histone ChIP-seq,EFO:0030018,BLaER1,cell_line,unknown,encode,single,False,0.9261501431465149,OutputType.CHIP_HISTONE,,H3K9me3,
716,EFO:0030018 Histone ChIP-seq H4K20me1,.,Histone ChIP-seq,EFO:0030018,BLaER1,cell_line,unknown,encode,single,False,0.8451873660087585,OutputType.CHIP_HISTONE,,H4K20me1,
717,NTR:0000427 Histone ChIP-seq H3K27ac,.,Histone ChIP-seq,NTR:0000427,neurosphere,primary_cell,embryonic,encode,paired,False,1.0220340490341187,OutputType.CHIP_HISTONE,,H3K27ac,
718,NTR:0000427 Histone ChIP-seq H3K27me3,.,Histone ChIP-seq,NTR:0000427,neurosphere,primary_cell,embryonic,encode,single,False,0.9329742193222046,OutputType.CHIP_HISTONE,,H3K27me3,
719,NTR:0000427 Histone ChIP-seq H3K36me3,.,Histone ChIP-seq,NTR:0000427,neurosphere,primary_cell,embryonic,encode,single,False,0.8910112380981445,OutputType.CHIP_HISTONE,,H3K36me3,
720,NTR:0000427 Histone ChIP-seq H3K4me1,.,Histone ChIP-seq,NTR:0000427,neurosphere,primary_cell,embryonic,encode,single,False,0.8559538722038269,OutputType.CHIP_HISTONE,,H3K4me1,
721,NTR:0000427 Histone ChIP-seq H3K4me3,.,Histone ChIP-seq,NTR:0000427,neurosphere,primary_cell,embryonic,encode,paired,False,1.0345739126205444,OutputType.CHIP_HISTONE,,H3K4me3,
722,NTR:0000427 Histone ChIP-seq H3K9me3,.,Histone ChIP-seq,NTR:0000427,neurosphere,primary_cell,embryonic,encode,single,False,0.8926787376403809,OutputType.CHIP_HISTONE,,H3K9me3,
723,NTR:0000493 Histone ChIP-seq H3K27ac,.,Histone ChIP-seq,NTR:0000493,left ventricle myocardium inferior,tissue,adult,encode,single,False,1.01837956905365,OutputType.CHIP_HISTONE,,H3K27ac,
724,NTR:0000493 Histone ChIP-seq H3K27me3,.,Histone ChIP-seq,NTR:0000493,left ventricle myocardium inferior,tissue,adult,encode,single,False,0.864700436592102,OutputType.CHIP_HISTONE,,H3K27me3,
725,NTR:0000493 Histone ChIP-seq H3K36me3,.,Histone ChIP-seq,NTR:0000493,left ventricle myocardium inferior,tissue,adult,encode,single,False,0.8186243176460266,OutputType.CHIP_HISTONE,,H3K36me3,
726,NTR:0000493 Histone ChIP-seq H3K4me1,.,Histone ChIP-seq,NTR:0000493,left ventricle myocardium inferior,tissue,adult,encode,single,False,0.8264829516410828,OutputType.CHIP_HISTONE,,H3K4me1,
727,NTR:0000493 Histone ChIP-seq H3K4me3,.,Histone ChIP-seq,NTR:0000493,left ventricle myocardium inferior,tissue,adult,encode,single,False,1.0564485788345337,OutputType.CHIP_HISTONE,,H3K4me3,
728,NTR:0000493 Histone ChIP-seq H3K9me3,.,Histone ChIP-seq,NTR:0000493,left ventricle myocardium inferior,tissue,adult,encode,single,False,0.8471832871437073,OutputType.CHIP_HISTONE,,H3K9me3,
729,NTR:0000856 Histone ChIP-seq H3K18ac,.,Histone ChIP-seq,NTR:0000856,mesendoderm,in_vitro_differentiated_cells,embryonic,encode,single,False,0.8934034705162048,OutputType.CHIP_HISTONE,,H3K18ac,
730,NTR:0000856 Histone ChIP-seq H3K4ac,.,Histone ChIP-seq,NTR:0000856,mesendoderm,in_vitro_differentiated_cells,embryonic,encode,single,False,1.5615620613098145,OutputType.CHIP_HISTONE,,H3K4ac,
731,NTR:0000856 Histone ChIP-seq H3K4me2,.,Histone ChIP-seq,NTR:0000856,mesendoderm,in_vitro_differentiated_cells,embryonic,encode,single,False,0.8411622643470764,OutputType.CHIP_HISTONE,,H3K4me2,
732,NTR:0000856 Histone ChIP-seq H3K4me3,.,Histone ChIP-seq,NTR:0000856,mesendoderm,in_vitro_differentiated_cells,embryonic,encode,single,False,0.7826849222183228,OutputType.CHIP_HISTONE,,H3K4me3,
733,NTR:0000856 Histone ChIP-seq H3K56ac,.,Histone ChIP-seq,NTR:0000856,mesendoderm,in_vitro_differentiated_cells,embryonic,encode,single,False,1.2835445404052734,OutputType.CHIP_HISTONE,,H3K56ac,
734,NTR:0000856 Histone ChIP-seq H3K79me2,.,Histone ChIP-seq,NTR:0000856,mesendoderm,in_vitro_differentiated_cells,embryonic,encode,single,False,0.860698938369751,OutputType.CHIP_HISTONE,,H3K79me2,
735,NTR:0000856 Histone ChIP-seq H3K9ac,.,Histone ChIP-seq,NTR:0000856,mesendoderm,in_vitro_differentiated_cells,embryonic,encode,single,False,0.8375087380409241,OutputType.CHIP_HISTONE,,H3K9ac,
736,NTR:0001226 Histone ChIP-seq H2AFZ,.,Histone ChIP-seq,NTR:0001226,parathyroid adenoma,tissue,adult,encode,single,False,0.8161088228225708,OutputType.CHIP_HISTONE,,H2AFZ,
737,NTR:0001226 Histone ChIP-seq H3K27ac,.,Histone ChIP-seq,NTR:0001226,parathyroid adenoma,tissue,adult,encode,single,False,0.7947527170181274,OutputType.CHIP_HISTONE,,H3K27ac,
738,NTR:0001226 Histone ChIP-seq H3K4me1,.,Histone ChIP-seq,NTR:0001226,parathyroid adenoma,tissue,adult,encode,single,False,0.807529628276825,OutputType.CHIP_HISTONE,,H3K4me1,
739,NTR:0001226 Histone ChIP-seq H3K4me2,.,Histone ChIP-seq,NTR:0001226,parathyroid adenoma,tissue,adult,encode,single,False,0.8124940991401672,OutputType.CHIP_HISTONE,,H3K4me2,
740,NTR:0001226 Histone ChIP-seq H3K4me3,.,Histone ChIP-seq,NTR:0001226,parathyroid adenoma,tissue,adult,encode,single,False,1.165473461151123,OutputType.CHIP_HISTONE,,H3K4me3,
741,NTR:0001226 Histone ChIP-seq H3K79me2,.,Histone ChIP-seq,NTR:0001226,parathyroid adenoma,tissue,adult,encode,single,False,0.7845446467399597,OutputType.CHIP_HISTONE,,H3K79me2,
742,NTR:0001407 Histone ChIP-seq H3K27me3,.,Histone ChIP-seq,NTR:0001407,germinal matrix,tissue,embryonic,encode,single,False,1.1895791292190552,OutputType.CHIP_HISTONE,,H3K27me3,
743,NTR:0001407 Histone ChIP-seq H3K36me3,.,Histone ChIP-seq,NTR:0001407,germinal matrix,tissue,embryonic,encode,single,False,0.9429861903190613,OutputType.CHIP_HISTONE,,H3K36me3,
744,NTR:0001407 Histone ChIP-seq H3K4me1,.,Histone ChIP-seq,NTR:0001407,germinal matrix,tissue,embryonic,encode,single,False,0.9059633016586304,OutputType.CHIP_HISTONE,,H3K4me1,
745,NTR:0001407 Histone ChIP-seq H3K4me3,.,Histone ChIP-seq,NTR:0001407,germinal matrix,tissue,embryonic,encode,single,False,1.1096848249435425,OutputType.CHIP_HISTONE,,H3K4me3,
746,NTR:0001407 Histone ChIP-seq H3K9me3,.,Histone ChIP-seq,NTR:0001407,germinal matrix,tissue,embryonic,encode,single,False,1.0260707139968872,OutputType.CHIP_HISTONE,,H3K9me3,
747,NTR:0003013 Histone ChIP-seq H3K27ac,.,Histone ChIP-seq,NTR:0003013,placental basal plate,tissue,embryonic,encode,single,False,1.4060741662979126,OutputType.CHIP_HISTONE,,H3K27ac,
748,NTR:0003079 Histone ChIP-seq H3K27ac,.,Histone ChIP-seq,NTR:0003079,fibroblast of breast,primary_cell,adult,encode,single,False,0.7597173452377319,OutputType.CHIP_HISTONE,,H3K27ac,
749,NTR:0003079 Histone ChIP-seq H3K36me3,.,Histone ChIP-seq,NTR:0003079,fibroblast of breast,primary_cell,adult,encode,single,False,1.0632909536361694,OutputType.CHIP_HISTONE,,H3K36me3,
750,NTR:0003079 Histone ChIP-seq H3K4me1,.,Histone ChIP-seq,NTR:0003079,fibroblast of breast,primary_cell,adult,encode,single,False,0.8757542967796326,OutputType.CHIP_HISTONE,,H3K4me1,
751,NTR:0003079 Histone ChIP-seq H3K4me3,.,Histone ChIP-seq,NTR:0003079,fibroblast of breast,primary_cell,adult,encode,single,False,0.8202831149101257,OutputType.CHIP_HISTONE,,H3K4me3,
752,UBERON:0000016 Histone ChIP-seq H3K27ac,.,Histone ChIP-seq,UBERON:0000016,endocrine pancreas,tissue,adult,encode,single,False,1.4828875064849854,OutputType.CHIP_HISTONE,,H3K27ac,
753,UBERON:0000016 Histone ChIP-seq H3K36me3,.,Histone ChIP-seq,UBERON:0000016,endocrine pancreas,tissue,adult,encode,single,False,2.1891863346099854,OutputType.CHIP_HISTONE,,H3K36me3,
754,UBERON:0000016 Histone ChIP-seq H3K4me1,.,Histone ChIP-seq,UBERON:0000016,endocrine pancreas,tissue,adult,encode,single,False,2.137770652770996,OutputType.CHIP_HISTONE,,H3K4me1,
755,UBERON:0000016 Histone ChIP-seq H3K4me3,.,Histone ChIP-seq,UBERON:0000016,endocrine pancreas,tissue,adult,encode,single,False,1.4818469285964966,OutputType.CHIP_HISTONE,,H3K4me3,
756,UBERON:0000016 Histone ChIP-seq H3K9ac,.,Histone ChIP-seq,UBERON:0000016,endocrine pancreas,tissue,adult,encode,single,False,2.1529765129089355,OutputType.CHIP_HISTONE,,H3K9ac,
757,UBERON:0000059 Histone ChIP-seq H3K27ac,.,Histone ChIP-seq,UBERON:0000059,large intestine,tissue,embryonic,encode,single,False,1.276995062828064,OutputType.CHIP_HISTONE,,H3K27ac,
758,UBERON:0000059 Histone ChIP-seq H3K27me3,.,Histone ChIP-seq,UBERON:0000059,large intestine,tissue,embryonic,encode,single,False,0.9727251529693604,OutputType.CHIP_HISTONE,,H3K27me3,
759,UBERON:0000059 Histone ChIP-seq H3K36me3,.,Histone ChIP-seq,UBERON:0000059,large intestine,tissue,embryonic,encode,single,False,0.9926259517669678,OutputType.CHIP_HISTONE,,H3K36me3,
760,UBERON:0000059 Histone ChIP-seq H3K4me1,.,Histone ChIP-seq,UBERON:0000059,large intestine,tissue,embryonic,encode,single,False,1.1485345363616943,OutputType.CHIP_HISTONE,,H3K4me1,
761,UBERON:0000059 Histone ChIP-seq H3K4me3,.,Histone ChIP-seq,UBERON:0000059,large intestine,tissue,embryonic,encode,single,False,1.3408679962158203,OutputType.CHIP_HISTONE,,H3K4me3,
762,UBERON:0000059 Histone ChIP-seq H3K9me3,.,Histone ChIP-seq,UBERON:0000059,large intestine,tissue,embryonic,encode,single,False,1.536685585975647,OutputType.CHIP_HISTONE,,H3K9me3,
763,UBERON:0000088 Histone ChIP-seq H3K27ac,.,Histone ChIP-seq,UBERON:0000088,trophoblast,tissue,embryonic,encode,single,False,1.0545294284820557,OutputType.CHIP_HISTONE,,H3K27ac,
764,UBERON:0000088 Histone ChIP-seq H3K36me3,.,Histone ChIP-seq,UBERON:0000088,trophoblast,tissue,embryonic,encode,single,False,0.7907378077507019,OutputType.CHIP_HISTONE,,H3K36me3,
765,UBERON:0000088 Histone ChIP-seq H3K4me1,.,Histone ChIP-seq,UBERON:0000088,trophoblast,tissue,embryonic,encode,single,False,1.0091884136199951,OutputType.CHIP_HISTONE,,H3K4me1,
766,UBERON:0000305 Histone ChIP-seq H3K36me3,.,Histone ChIP-seq,UBERON:0000305,amnion,tissue,embryonic,encode,single,False,1.0920192003250122,OutputType.CHIP_HISTONE,,H3K36me3,
767,UBERON:0000305 Histone ChIP-seq H3K4me1,.,Histone ChIP-seq,UBERON:0000305,amnion,tissue,embryonic,encode,single,False,1.0551388263702393,OutputType.CHIP_HISTONE,,H3K4me1,
768,UBERON:0000305 Histone ChIP-seq H3K4me3,.,Histone ChIP-seq,UBERON:0000305,amnion,tissue,embryonic,encode,single,False,0.9844587445259094,OutputType.CHIP_HISTONE,,H3K4me3,
769,UBERON:0000317 Histone ChIP-seq H3K27ac,.,Histone ChIP-seq,UBERON:0000317,colonic mucosa,tissue,adult,encode,single,False,0.7492919564247131,OutputType.CHIP_HISTONE,,H3K27ac,
770,UBERON:0000317 Histone ChIP-seq H3K27me3,.,Histone ChIP-seq,UBERON:0000317,colonic mucosa,tissue,adult,encode,single,False,1.7739183902740479,OutputType.CHIP_HISTONE,,H3K27me3,
771,UBERON:0000317 Histone ChIP-seq H3K36me3,.,Histone ChIP-seq,UBERON:0000317,colonic mucosa,tissue,adult,encode,single,False,1.8659192323684692,OutputType.CHIP_HISTONE,,H3K36me3,
772,UBERON:0000317 Histone ChIP-seq H3K4me1,.,Histone ChIP-seq,UBERON:0000317,colonic mucosa,tissue,adult,encode,single,False,0.9417597651481628,OutputType.CHIP_HISTONE,,H3K4me1,
773,UBERON:0000317 Histone ChIP-seq H3K4me3,.,Histone ChIP-seq,UBERON:0000317,colonic mucosa,tissue,adult,encode,single,False,0.739352285861969,OutputType.CHIP_HISTONE,,H3K4me3,
774,UBERON:0000317 Histone ChIP-seq H3K9ac,.,Histone ChIP-seq,UBERON:0000317,colonic mucosa,tissue,adult,encode,single,False,0.9502277374267578,OutputType.CHIP_HISTONE,,H3K9ac,
775,UBERON:0000320 Histone ChIP-seq H3K27ac,.,Histone ChIP-seq,UBERON:0000320,duodenal mucosa,tissue,adult,encode,single,False,1.5512161254882812,OutputType.CHIP_HISTONE,,H3K27ac,
776,UBERON:0000320 Histone ChIP-seq H3K27me3,.,Histone ChIP-seq,UBERON:0000320,duodenal mucosa,tissue,adult,encode,single,False,1.077257752418518,OutputType.CHIP_HISTONE,,H3K27me3,
777,UBERON:0000320 Histone ChIP-seq H3K36me3,.,Histone ChIP-seq,UBERON:0000320,duodenal mucosa,tissue,adult,encode,single,False,0.8997368216514587,OutputType.CHIP_HISTONE,,H3K36me3,
778,UBERON:0000320 Histone ChIP-seq H3K4me1,.,Histone ChIP-seq,UBERON:0000320,duodenal mucosa,tissue,adult,encode,single,False,0.8478185534477234,OutputType.CHIP_HISTONE,,H3K4me1,
779,UBERON:0000320 Histone ChIP-seq H3K4me3,.,Histone ChIP-seq,UBERON:0000320,duodenal mucosa,tissue,adult,encode,single,False,0.9015464782714844,OutputType.CHIP_HISTONE,,H3K4me3,
780,UBERON:0000320 Histone ChIP-seq H3K9ac,.,Histone ChIP-seq,UBERON:0000320,duodenal mucosa,tissue,adult,encode,single,False,0.8578343391418457,OutputType.CHIP_HISTONE,,H3K9ac,
781,UBERON:0000320 Histone ChIP-seq H3K9me3,.,Histone ChIP-seq,UBERON:0000320,duodenal mucosa,tissue,adult,encode,single,False,1.0300414562225342,OutputType.CHIP_HISTONE,,H3K9me3,
782,UBERON:0000473 Histone ChIP-seq H3K27ac,.,Histone ChIP-seq,UBERON:0000473,testis,tissue,adult,encode,single,False,0.8015499114990234,OutputType.CHIP_HISTONE,,H3K27ac,
783,UBERON:0000473 Histone ChIP-seq H3K4me1,.,Histone ChIP-seq,UBERON:0000473,testis,tissue,adult,encode,single,False,0.8120537400245667,OutputType.CHIP_HISTONE,,H3K4me1,
784,UBERON:0000473 Histone ChIP-seq H3K4me3,.,Histone ChIP-seq,UBERON:0000473,testis,tissue,adult,encode,single,False,0.8049049973487854,OutputType.CHIP_HISTONE,,H3K4me3,
785,UBERON:0000945 Histone ChIP-seq H3K27ac,.,Histone ChIP-seq,UBERON:0000945,stomach,tissue,adult,encode,single,False,1.3241729736328125,OutputType.CHIP_HISTONE,,H3K27ac,
786,UBERON:0000945 Histone ChIP-seq H3K27me3,.,Histone ChIP-seq,UBERON:0000945,stomach,tissue,adult,encode,single,False,0.8545126914978027,OutputType.CHIP_HISTONE,,H3K27me3,
787,UBERON:0000945 Histone ChIP-seq H3K36me3,.,Histone ChIP-seq,UBERON:0000945,stomach,tissue,adult,encode,single,False,0.8173034191131592,OutputType.CHIP_HISTONE,,H3K36me3,
788,UBERON:0000945 Histone ChIP-seq H3K4me1,.,Histone ChIP-seq,UBERON:0000945,stomach,tissue,adult,encode,single,False,0.8793164491653442,OutputType.CHIP_HISTONE,,H3K4me1,
789,UBERON:0000945 Histone ChIP-seq H3K4me3,.,Histone ChIP-seq,UBERON:0000945,stomach,tissue,adult,encode,single,False,0.7691627740859985,OutputType.CHIP_HISTONE,,H3K4me3,
790,UBERON:0000945 Histone ChIP-seq H3K9me3,.,Histone ChIP-seq,UBERON:0000945,stomach,tissue,adult,encode,single,False,0.8707597255706787,OutputType.CHIP_HISTONE,,H3K9me3,
791,UBERON:0000947 Histone ChIP-seq H3K27ac,.,Histone ChIP-seq,UBERON:0000947,aorta,tissue,adult,encode,single,False,0.8740572929382324,OutputType.CHIP_HISTONE,,H3K27ac,
792,UBERON:0000947 Histone ChIP-seq H3K36me3,.,Histone ChIP-seq,UBERON:0000947,aorta,tissue,adult,encode,single,False,1.1076427698135376,OutputType.CHIP_HISTONE,,H3K36me3,
793,UBERON:0000947 Histone ChIP-seq H3K4me3,.,Histone ChIP-seq,UBERON:0000947,aorta,tissue,adult,encode,single,False,0.8130810856819153,OutputType.CHIP_HISTONE,,H3K4me3,
794,UBERON:0000948 Histone ChIP-seq H3K27me3,.,Histone ChIP-seq,UBERON:0000948,heart,tissue,embryonic,encode,single,False,1.3972610235214233,OutputType.CHIP_HISTONE,,H3K27me3,
795,UBERON:0000948 Histone ChIP-seq H3K4me1,.,Histone ChIP-seq,UBERON:0000948,heart,tissue,embryonic,encode,single,False,2.119180202484131,OutputType.CHIP_HISTONE,,H3K4me1,
796,UBERON:0000948 Histone ChIP-seq H3K4me3,.,Histone ChIP-seq,UBERON:0000948,heart,tissue,embryonic,encode,single,False,1.5036487579345703,OutputType.CHIP_HISTONE,,H3K4me3,
797,UBERON:0000948 Histone ChIP-seq H3K9ac,.,Histone ChIP-seq,UBERON:0000948,heart,tissue,embryonic,encode,single,False,2.4713633060455322,OutputType.CHIP_HISTONE,,H3K9ac,
798,UBERON:0000955 Histone ChIP-seq H3K27me3,.,Histone ChIP-seq,UBERON:0000955,brain,tissue,embryonic,encode,single,False,0.8013409972190857,OutputType.CHIP_HISTONE,,H3K27me3,
799,UBERON:0000955 Histone ChIP-seq H3K36me3,.,Histone ChIP-seq,UBERON:0000955,brain,tissue,embryonic,encode,single,False,0.7830002307891846,OutputType.CHIP_HISTONE,,H3K36me3,
800,UBERON:0000955 Histone ChIP-seq H3K4me1,.,Histone ChIP-seq,UBERON:0000955,brain,tissue,embryonic,encode,single,False,0.8544619083404541,OutputType.CHIP_HISTONE,,H3K4me1,
801,UBERON:0000955 Histone ChIP-seq H3K4me3,.,Histone ChIP-seq,UBERON:0000955,brain,tissue,embryonic,encode,single,False,1.043258786201477,OutputType.CHIP_HISTONE,,H3K4me3,
802,UBERON:0000955 Histone ChIP-seq H3K9me3,.,Histone ChIP-seq,UBERON:0000955,brain,tissue,embryonic,encode,single,False,0.9674521684646606,OutputType.CHIP_HISTONE,,H3K9me3,
803,UBERON:0000992 Histone ChIP-seq H3K27ac,.,Histone ChIP-seq,UBERON:0000992,ovary,tissue,adult,encode,single,False,0.720077633857727,OutputType.CHIP_HISTONE,,H3K27ac,
804,UBERON:0000992 Histone ChIP-seq H3K27me3,.,Histone ChIP-seq,UBERON:0000992,ovary,tissue,adult,encode,single,False,0.9560567140579224,OutputType.CHIP_HISTONE,,H3K27me3,
805,UBERON:0000992 Histone ChIP-seq H3K36me3,.,Histone ChIP-seq,UBERON:0000992,ovary,tissue,adult,encode,single,False,1.3437166213989258,OutputType.CHIP_HISTONE,,H3K36me3,
806,UBERON:0000992 Histone ChIP-seq H3K4me1,.,Histone ChIP-seq,UBERON:0000992,ovary,tissue,adult,encode,single,False,1.3047332763671875,OutputType.CHIP_HISTONE,,H3K4me1,
807,UBERON:0000992 Histone ChIP-seq H3K4me3,.,Histone ChIP-seq,UBERON:0000992,ovary,tissue,adult,encode,single,False,0.7095605134963989,OutputType.CHIP_HISTONE,,H3K4me3,
808,UBERON:0000992 Histone ChIP-seq H3K9me3,.,Histone ChIP-seq,UBERON:0000992,ovary,tissue,adult,encode,single,False,0.879421055316925,OutputType.CHIP_HISTONE,,H3K9me3,
809,UBERON:0000995 Histone ChIP-seq H3K27ac,.,Histone ChIP-seq,UBERON:0000995,uterus,tissue,adult,encode,single,False,0.8092418909072876,OutputType.CHIP_HISTONE,,H3K27ac,
810,UBERON:0000995 Histone ChIP-seq H3K4me3,.,Histone ChIP-seq,UBERON:0000995,uterus,tissue,adult,encode,single,False,0.8103049397468567,OutputType.CHIP_HISTONE,,H3K4me3,
811,UBERON:0000996 Histone ChIP-seq H3K27ac,.,Histone ChIP-seq,UBERON:0000996,vagina,tissue,adult,encode,single,False,1.0347249507904053,OutputType.CHIP_HISTONE,,H3K27ac,
812,UBERON:0000996 Histone ChIP-seq H3K36me3,.,Histone ChIP-seq,UBERON:0000996,vagina,tissue,adult,encode,single,False,0.8707129955291748,OutputType.CHIP_HISTONE,,H3K36me3,
813,UBERON:0000996 Histone ChIP-seq H3K4me1,.,Histone ChIP-seq,UBERON:0000996,vagina,tissue,adult,encode,single,False,0.8535761833190918,OutputType.CHIP_HISTONE,,H3K4me1,
814,UBERON:0000996 Histone ChIP-seq H3K4me3,.,Histone ChIP-seq,UBERON:0000996,vagina,tissue,adult,encode,single,False,0.8425154089927673,OutputType.CHIP_HISTONE,,H3K4me3,
815,UBERON:0001003 Histone ChIP-seq H3K27ac,.,Histone ChIP-seq,UBERON:0001003,skin epidermis,tissue,adult,encode,single,False,0.7780634164810181,OutputType.CHIP_HISTONE,,H3K27ac,
816,UBERON:0001003 Histone ChIP-seq H3K4me3,.,Histone ChIP-seq,UBERON:0001003,skin epidermis,tissue,adult,encode,single,False,0.7833503484725952,OutputType.CHIP_HISTONE,,H3K4me3,
817,UBERON:0001043 Histone ChIP-seq H3K27ac,.,Histone ChIP-seq,UBERON:0001043,esophagus,tissue,adult,encode,single,False,1.2696486711502075,OutputType.CHIP_HISTONE,,H3K27ac,
818,UBERON:0001043 Histone ChIP-seq H3K36me3,.,Histone ChIP-seq,UBERON:0001043,esophagus,tissue,adult,encode,single,False,1.5379191637039185,OutputType.CHIP_HISTONE,,H3K36me3,
819,UBERON:0001043 Histone ChIP-seq H3K4me1,.,Histone ChIP-seq,UBERON:0001043,esophagus,tissue,adult,encode,single,False,1.4723411798477173,OutputType.CHIP_HISTONE,,H3K4me1,
820,UBERON:0001043 Histone ChIP-seq H3K4me3,.,Histone ChIP-seq,UBERON:0001043,esophagus,tissue,adult,encode,single,False,0.9049034118652344,OutputType.CHIP_HISTONE,,H3K4me3,
821,UBERON:0001043 Histone ChIP-seq H3K9me3,.,Histone ChIP-seq,UBERON:0001043,esophagus,tissue,adult,encode,single,False,1.5137780904769897,OutputType.CHIP_HISTONE,,H3K9me3,
822,UBERON:0001114 Histone ChIP-seq H3K27ac,.,Histone ChIP-seq,UBERON:0001114,right lobe of liver,tissue,adult,encode,single,False,0.7784299850463867,OutputType.CHIP_HISTONE,,H3K27ac,
823,UBERON:0001114 Histone ChIP-seq H3K36me3,.,Histone ChIP-seq,UBERON:0001114,right lobe of liver,tissue,adult,encode,single,False,0.8362173438072205,OutputType.CHIP_HISTONE,,H3K36me3,
824,UBERON:0001114 Histone ChIP-seq H3K4me1,.,Histone ChIP-seq,UBERON:0001114,right lobe of liver,tissue,adult,encode,single,False,0.8233218193054199,OutputType.CHIP_HISTONE,,H3K4me1,
825,UBERON:0001114 Histone ChIP-seq H3K4me3,.,Histone ChIP-seq,UBERON:0001114,right lobe of liver,tissue,adult,encode,single,False,0.7803559899330139,OutputType.CHIP_HISTONE,,H3K4me3,
826,UBERON:0001134 Histone ChIP-seq H3K27ac,.,Histone ChIP-seq,UBERON:0001134,skeletal muscle tissue,tissue,adult,encode,single,False,1.3797202110290527,OutputType.CHIP_HISTONE,,H3K27ac,
827,UBERON:0001134 Histone ChIP-seq H3K27me3,.,Histone ChIP-seq,UBERON:0001134,skeletal muscle tissue,tissue,adult,encode,single,False,0.8649007081985474,OutputType.CHIP_HISTONE,,H3K27me3,
828,UBERON:0001134 Histone ChIP-seq H3K36me3,.,Histone ChIP-seq,UBERON:0001134,skeletal muscle tissue,tissue,adult,encode,single,False,0.8371026515960693,OutputType.CHIP_HISTONE,,H3K36me3,
829,UBERON:0001134 Histone ChIP-seq H3K4me1,.,Histone ChIP-seq,UBERON:0001134,skeletal muscle tissue,tissue,adult,encode,single,False,0.9665578007698059,OutputType.CHIP_HISTONE,,H3K4me1,
830,UBERON:0001134 Histone ChIP-seq H3K4me3,.,Histone ChIP-seq,UBERON:0001134,skeletal muscle tissue,tissue,adult,encode,single,False,0.8837461471557617,OutputType.CHIP_HISTONE,,H3K4me3,
831,UBERON:0001134 Histone ChIP-seq H3K9ac,.,Histone ChIP-seq,UBERON:0001134,skeletal muscle tissue,tissue,adult,encode,single,False,1.0119422674179077,OutputType.CHIP_HISTONE,,H3K9ac,
832,UBERON:0001150 Histone ChIP-seq H3K27ac,.,Histone ChIP-seq,UBERON:0001150,body of pancreas,tissue,adult,encode,single,False,0.8846782445907593,OutputType.CHIP_HISTONE,,H3K27ac,
833,UBERON:0001150 Histone ChIP-seq H3K4me1,.,Histone ChIP-seq,UBERON:0001150,body of pancreas,tissue,adult,encode,single,False,0.8054571151733398,OutputType.CHIP_HISTONE,,H3K4me1,
834,UBERON:0001150 Histone ChIP-seq H3K4me3,.,Histone ChIP-seq,UBERON:0001150,body of pancreas,tissue,adult,encode,single,False,0.8380602598190308,OutputType.CHIP_HISTONE,,H3K4me3,
835,UBERON:0001157 Histone ChIP-seq H3K27ac,.,Histone ChIP-seq,UBERON:0001157,transverse colon,tissue,adult,encode,single,False,0.7854095697402954,OutputType.CHIP_HISTONE,,H3K27ac,
836,UBERON:0001157 Histone ChIP-seq H3K27me3,.,Histone ChIP-seq,UBERON:0001157,transverse colon,tissue,adult,encode,single,False,0.8251835703849792,OutputType.CHIP_HISTONE,,H3K27me3,
837,UBERON:0001157 Histone ChIP-seq H3K36me3,.,Histone ChIP-seq,UBERON:0001157,transverse colon,tissue,adult,encode,single,False,0.8235317468643188,OutputType.CHIP_HISTONE,,H3K36me3,
838,UBERON:0001157 Histone ChIP-seq H3K4me1,.,Histone ChIP-seq,UBERON:0001157,transverse colon,tissue,adult,encode,single,False,0.8129381537437439,OutputType.CHIP_HISTONE,,H3K4me1,
839,UBERON:0001157 Histone ChIP-seq H3K4me3,.,Histone ChIP-seq,UBERON:0001157,transverse colon,tissue,adult,encode,single,False,0.8056944012641907,OutputType.CHIP_HISTONE,,H3K4me3,
840,UBERON:0001159 Histone ChIP-seq H3K27ac,.,Histone ChIP-seq,UBERON:0001159,sigmoid colon,tissue,adult,encode,single,False,0.7376067638397217,OutputType.CHIP_HISTONE,,H3K27ac,
841,UBERON:0001159 Histone ChIP-seq H3K27me3,.,Histone ChIP-seq,UBERON:0001159,sigmoid colon,tissue,adult,encode,single,False,0.862529993057251,OutputType.CHIP_HISTONE,,H3K27me3,
842,UBERON:0001159 Histone ChIP-seq H3K36me3,.,Histone ChIP-seq,UBERON:0001159,sigmoid colon,tissue,adult,encode,single,False,0.8250663876533508,OutputType.CHIP_HISTONE,,H3K36me3,
843,UBERON:0001159 Histone ChIP-seq H3K4me1,.,Histone ChIP-seq,UBERON:0001159,sigmoid colon,tissue,adult,encode,single,False,0.8141694664955139,OutputType.CHIP_HISTONE,,H3K4me1,
844,UBERON:0001159 Histone ChIP-seq H3K4me3,.,Histone ChIP-seq,UBERON:0001159,sigmoid colon,tissue,adult,encode,single,False,0.9082852602005005,OutputType.CHIP_HISTONE,,H3K4me3,
845,UBERON:0001199 Histone ChIP-seq H3K27me3,.,Histone ChIP-seq,UBERON:0001199,mucosa of stomach,tissue,adult,encode,single,False,0.9448559880256653,OutputType.CHIP_HISTONE,,H3K27me3,
846,UBERON:0001199 Histone ChIP-seq H3K4me1,.,Histone ChIP-seq,UBERON:0001199,mucosa of stomach,tissue,adult,encode,single,False,0.9851387739181519,OutputType.CHIP_HISTONE,,H3K4me1,
847,UBERON:0001199 Histone ChIP-seq H3K4me3,.,Histone ChIP-seq,UBERON:0001199,mucosa of stomach,tissue,adult,encode,single,False,0.9022591710090637,OutputType.CHIP_HISTONE,,H3K4me3,
848,UBERON:0001199 Histone ChIP-seq H3K9ac,.,Histone ChIP-seq,UBERON:0001199,mucosa of stomach,tissue,adult,encode,single,False,0.9789822101593018,OutputType.CHIP_HISTONE,,H3K9ac,
849,UBERON:0001211 Histone ChIP-seq H3K27ac,.,Histone ChIP-seq,UBERON:0001211,Peyer's patch,tissue,adult,encode,single,False,1.0645337104797363,OutputType.CHIP_HISTONE,,H3K27ac,
850,UBERON:0001211 Histone ChIP-seq H3K36me3,.,Histone ChIP-seq,UBERON:0001211,Peyer's patch,tissue,adult,encode,single,False,0.8398535251617432,OutputType.CHIP_HISTONE,,H3K36me3,
851,UBERON:0001211 Histone ChIP-seq H3K4me1,.,Histone ChIP-seq,UBERON:0001211,Peyer's patch,tissue,adult,encode,single,False,0.8229295015335083,OutputType.CHIP_HISTONE,,H3K4me1,
852,UBERON:0001211 Histone ChIP-seq H3K4me3,.,Histone ChIP-seq,UBERON:0001211,Peyer's patch,tissue,adult,encode,single,False,0.8059539198875427,OutputType.CHIP_HISTONE,,H3K4me3,
853,UBERON:0001211 Histone ChIP-seq H3K9me3,.,Histone ChIP-seq,UBERON:0001211,Peyer's patch,tissue,adult,encode,single,False,0.8079014420509338,OutputType.CHIP_HISTONE,,H3K9me3,
854,UBERON:0001255 Histone ChIP-seq H3K27ac,.,Histone ChIP-seq,UBERON:0001255,urinary bladder,tissue,adult,encode,single,False,1.5340087413787842,OutputType.CHIP_HISTONE,,H3K27ac,
855,UBERON:0001255 Histone ChIP-seq H3K4me3,.,Histone ChIP-seq,UBERON:0001255,urinary bladder,tissue,adult,encode,single,False,1.249588966369629,OutputType.CHIP_HISTONE,,H3K4me3,
856,UBERON:0001264 Histone ChIP-seq H3K27ac,.,Histone ChIP-seq,UBERON:0001264,pancreas,tissue,adult,encode,single,False,0.7563256025314331,OutputType.CHIP_HISTONE,,H3K27ac,
857,UBERON:0001264 Histone ChIP-seq H3K36me3,.,Histone ChIP-seq,UBERON:0001264,pancreas,tissue,adult,encode,single,False,0.8419210314750671,OutputType.CHIP_HISTONE,,H3K36me3,
858,UBERON:0001264 Histone ChIP-seq H3K4me1,.,Histone ChIP-seq,UBERON:0001264,pancreas,tissue,adult,encode,single,False,0.7936822772026062,OutputType.CHIP_HISTONE,,H3K4me1,
859,UBERON:0001264 Histone ChIP-seq H3K4me3,.,Histone ChIP-seq,UBERON:0001264,pancreas,tissue,adult,encode,single,False,0.7248829007148743,OutputType.CHIP_HISTONE,,H3K4me3,
860,UBERON:0001264 Histone ChIP-seq H3K9me3,.,Histone ChIP-seq,UBERON:0001264,pancreas,tissue,adult,encode,single,False,1.5992413759231567,OutputType.CHIP_HISTONE,,H3K9me3,
861,UBERON:0001323 Histone ChIP-seq H3K27ac,.,Histone ChIP-seq,UBERON:0001323,tibial nerve,tissue,adult,encode,single,False,1.3211156129837036,OutputType.CHIP_HISTONE,,H3K27ac,
862,UBERON:0001323 Histone ChIP-seq H3K27me3,.,Histone ChIP-seq,UBERON:0001323,tibial nerve,tissue,adult,encode,single,False,0.8642919063568115,OutputType.CHIP_HISTONE,,H3K27me3,
863,UBERON:0001323 Histone ChIP-seq H3K36me3,.,Histone ChIP-seq,UBERON:0001323,tibial nerve,tissue,adult,encode,single,False,0.9108094573020935,OutputType.CHIP_HISTONE,,H3K36me3,
864,UBERON:0001323 Histone ChIP-seq H3K4me1,.,Histone ChIP-seq,UBERON:0001323,tibial nerve,tissue,adult,encode,single,False,0.8470635414123535,OutputType.CHIP_HISTONE,,H3K4me1,
865,UBERON:0001323 Histone ChIP-seq H3K4me3,.,Histone ChIP-seq,UBERON:0001323,tibial nerve,tissue,adult,encode,single,False,0.9945918917655945,OutputType.CHIP_HISTONE,,H3K4me3,
866,UBERON:0001323 Histone ChIP-seq H3K9me3,.,Histone ChIP-seq,UBERON:0001323,tibial nerve,tissue,adult,encode,single,False,0.9940832257270813,OutputType.CHIP_HISTONE,,H3K9me3,
867,UBERON:0001383 Histone ChIP-seq H3K27ac,.,Histone ChIP-seq,UBERON:0001383,muscle of leg,tissue,embryonic,encode,single,False,1.4244413375854492,OutputType.CHIP_HISTONE,,H3K27ac,
868,UBERON:0001383 Histone ChIP-seq H3K27me3,.,Histone ChIP-seq,UBERON:0001383,muscle of leg,tissue,embryonic,encode,single,False,1.6756627559661865,OutputType.CHIP_HISTONE,,H3K27me3,
869,UBERON:0001383 Histone ChIP-seq H3K36me3,.,Histone ChIP-seq,UBERON:0001383,muscle of leg,tissue,embryonic,encode,single,False,1.3110146522521973,OutputType.CHIP_HISTONE,,H3K36me3,
870,UBERON:0001383 Histone ChIP-seq H3K4me1,.,Histone ChIP-seq,UBERON:0001383,muscle of leg,tissue,embryonic,encode,single,False,1.5736838579177856,OutputType.CHIP_HISTONE,,H3K4me1,
871,UBERON:0001383 Histone ChIP-seq H3K4me3,.,Histone ChIP-seq,UBERON:0001383,muscle of leg,tissue,embryonic,encode,single,False,1.1692146062850952,OutputType.CHIP_HISTONE,,H3K4me3,
872,UBERON:0001383 Histone ChIP-seq H3K9me3,.,Histone ChIP-seq,UBERON:0001383,muscle of leg,tissue,embryonic,encode,single,False,0.9339243769645691,OutputType.CHIP_HISTONE,,H3K9me3,
873,UBERON:0001496 Histone ChIP-seq H3K27ac,.,Histone ChIP-seq,UBERON:0001496,ascending aorta,tissue,adult,encode,single,False,0.941458523273468,OutputType.CHIP_HISTONE,,H3K27ac,
874,UBERON:0001496 Histone ChIP-seq H3K36me3,.,Histone ChIP-seq,UBERON:0001496,ascending aorta,tissue,adult,encode,single,False,0.7998642921447754,OutputType.CHIP_HISTONE,,H3K36me3,
875,UBERON:0001496 Histone ChIP-seq H3K4me1,.,Histone ChIP-seq,UBERON:0001496,ascending aorta,tissue,adult,encode,single,False,0.7923071384429932,OutputType.CHIP_HISTONE,,H3K4me1,
876,UBERON:0001496 Histone ChIP-seq H3K4me3,.,Histone ChIP-seq,UBERON:0001496,ascending aorta,tissue,adult,encode,single,False,1.0133315324783325,OutputType.CHIP_HISTONE,,H3K4me3,
877,UBERON:0001496 Histone ChIP-seq H3K9me3,.,Histone ChIP-seq,UBERON:0001496,ascending aorta,tissue,adult,encode,single,False,0.8675394654273987,OutputType.CHIP_HISTONE,,H3K9me3,
878,UBERON:0001515 Histone ChIP-seq H3K27ac,.,Histone ChIP-seq,UBERON:0001515,thoracic aorta,tissue,adult,encode,single,False,0.7655042409896851,OutputType.CHIP_HISTONE,,H3K27ac,
879,UBERON:0001515 Histone ChIP-seq H3K36me3,.,Histone ChIP-seq,UBERON:0001515,thoracic aorta,tissue,adult,encode,single,False,0.8727486729621887,OutputType.CHIP_HISTONE,,H3K36me3,
880,UBERON:0001515 Histone ChIP-seq H3K4me1,.,Histone ChIP-seq,UBERON:0001515,thoracic aorta,tissue,adult,encode,single,False,0.766152560710907,OutputType.CHIP_HISTONE,,H3K4me1,
881,UBERON:0001515 Histone ChIP-seq H3K4me3,.,Histone ChIP-seq,UBERON:0001515,thoracic aorta,tissue,adult,encode,single,False,0.7468891739845276,OutputType.CHIP_HISTONE,,H3K4me3,
882,UBERON:0001621 Histone ChIP-seq H3K27ac,.,Histone ChIP-seq,UBERON:0001621,coronary artery,tissue,adult,encode,single,False,1.356512188911438,OutputType.CHIP_HISTONE,,H3K27ac,
883,UBERON:0001621 Histone ChIP-seq H3K4me3,.,Histone ChIP-seq,UBERON:0001621,coronary artery,tissue,adult,encode,single,False,0.8368509411811829,OutputType.CHIP_HISTONE,,H3K4me3,
884,UBERON:0001774 Histone ChIP-seq H3K27ac,.,Histone ChIP-seq,UBERON:0001774,muscle of trunk,tissue,embryonic,encode,single,False,1.3104538917541504,OutputType.CHIP_HISTONE,,H3K27ac,
885,UBERON:0001774 Histone ChIP-seq H3K27me3,.,Histone ChIP-seq,UBERON:0001774,muscle of trunk,tissue,embryonic,encode,single,False,1.8899438381195068,OutputType.CHIP_HISTONE,,H3K27me3,
886,UBERON:0001774 Histone ChIP-seq H3K36me3,.,Histone ChIP-seq,UBERON:0001774,muscle of trunk,tissue,embryonic,encode,single,False,1.3060396909713745,OutputType.CHIP_HISTONE,,H3K36me3,
887,UBERON:0001774 Histone ChIP-seq H3K4me1,.,Histone ChIP-seq,UBERON:0001774,muscle of trunk,tissue,embryonic,encode,single,False,2.113858461380005,OutputType.CHIP_HISTONE,,H3K4me1,
888,UBERON:0001774 Histone ChIP-seq H3K4me3,.,Histone ChIP-seq,UBERON:0001774,muscle of trunk,tissue,embryonic,encode,single,False,1.0175188779830933,OutputType.CHIP_HISTONE,,H3K4me3,
889,UBERON:0001774 Histone ChIP-seq H3K9me3,.,Histone ChIP-seq,UBERON:0001774,muscle of trunk,tissue,embryonic,encode,single,False,1.3337962627410889,OutputType.CHIP_HISTONE,,H3K9me3,
890,UBERON:0001871 Histone ChIP-seq H3K27ac,.,Histone ChIP-seq,UBERON:0001871,temporal lobe,tissue,adult,encode,single,False,0.9006586670875549,OutputType.CHIP_HISTONE,,H3K27ac,
891,UBERON:0001871 Histone ChIP-seq H3K36me3,.,Histone ChIP-seq,UBERON:0001871,temporal lobe,tissue,adult,encode,single,False,0.8488104343414307,OutputType.CHIP_HISTONE,,H3K36me3,
892,UBERON:0001871 Histone ChIP-seq H3K4me1,.,Histone ChIP-seq,UBERON:0001871,temporal lobe,tissue,adult,encode,single,False,0.8646435141563416,OutputType.CHIP_HISTONE,,H3K4me1,
893,UBERON:0001871 Histone ChIP-seq H3K4me3,.,Histone ChIP-seq,UBERON:0001871,temporal lobe,tissue,adult,encode,single,False,0.8694230914115906,OutputType.CHIP_HISTONE,,H3K4me3,
894,UBERON:0001871 Histone ChIP-seq H3K9ac,.,Histone ChIP-seq,UBERON:0001871,temporal lobe,tissue,adult,encode,single,False,1.1393189430236816,OutputType.CHIP_HISTONE,,H3K9ac,
895,UBERON:0001873 Histone ChIP-seq H3K27ac,.,Histone ChIP-seq,UBERON:0001873,caudate nucleus,tissue,adult,encode,single,False,0.9687084555625916,OutputType.CHIP_HISTONE,,H3K27ac,
896,UBERON:0001873 Histone ChIP-seq H3K36me3,.,Histone ChIP-seq,UBERON:0001873,caudate nucleus,tissue,adult,encode,single,False,0.8227593898773193,OutputType.CHIP_HISTONE,,H3K36me3,
897,UBERON:0001873 Histone ChIP-seq H3K4me1,.,Histone ChIP-seq,UBERON:0001873,caudate nucleus,tissue,adult,encode,single,False,0.8329311609268188,OutputType.CHIP_HISTONE,,H3K4me1,
898,UBERON:0001873 Histone ChIP-seq H3K4me3,.,Histone ChIP-seq,UBERON:0001873,caudate nucleus,tissue,adult,encode,single,False,0.8766636848449707,OutputType.CHIP_HISTONE,,H3K4me3,
899,UBERON:0001873 Histone ChIP-seq H3K9ac,.,Histone ChIP-seq,UBERON:0001873,caudate nucleus,tissue,adult,encode,single,False,1.1741129159927368,OutputType.CHIP_HISTONE,,H3K9ac,
900,UBERON:0001987 Histone ChIP-seq H3K27ac,.,Histone ChIP-seq,UBERON:0001987,placenta,tissue,embryonic,encode,single,False,0.7619684338569641,OutputType.CHIP_HISTONE,,H3K27ac,
901,UBERON:0001987 Histone ChIP-seq H3K27me3,.,Histone ChIP-seq,UBERON:0001987,placenta,tissue,embryonic,encode,single,False,0.9213661551475525,OutputType.CHIP_HISTONE,,H3K27me3,
902,UBERON:0001987 Histone ChIP-seq H3K36me3,.,Histone ChIP-seq,UBERON:0001987,placenta,tissue,embryonic,encode,single,False,1.5290863513946533,OutputType.CHIP_HISTONE,,H3K36me3,
903,UBERON:0001987 Histone ChIP-seq H3K4me1,.,Histone ChIP-seq,UBERON:0001987,placenta,tissue,embryonic,encode,single,False,1.3510398864746094,OutputType.CHIP_HISTONE,,H3K4me1,
904,UBERON:0001987 Histone ChIP-seq H3K4me3,.,Histone ChIP-seq,UBERON:0001987,placenta,tissue,embryonic,encode,single,False,0.7686141729354858,OutputType.CHIP_HISTONE,,H3K4me3,
905,UBERON:0001987 Histone ChIP-seq H3K9me3,.,Histone ChIP-seq,UBERON:0001987,placenta,tissue,embryonic,encode,single,False,1.201725721359253,OutputType.CHIP_HISTONE,,H3K9me3,
906,UBERON:0002037 Histone ChIP-seq H3K4me3,.,Histone ChIP-seq,UBERON:0002037,cerebellum,tissue,adult,encode,single,False,1.2195651531219482,OutputType.CHIP_HISTONE,,H3K4me3,
907,UBERON:0002038 Histone ChIP-seq H3K27ac,.,Histone ChIP-seq,UBERON:0002038,substantia nigra,tissue,adult,encode,single,False,0.9022706151008606,OutputType.CHIP_HISTONE,,H3K27ac,
908,UBERON:0002038 Histone ChIP-seq H3K36me3,.,Histone ChIP-seq,UBERON:0002038,substantia nigra,tissue,adult,encode,single,False,0.8933779001235962,OutputType.CHIP_HISTONE,,H3K36me3,
909,UBERON:0002038 Histone ChIP-seq H3K4me1,.,Histone ChIP-seq,UBERON:0002038,substantia nigra,tissue,adult,encode,single,False,1.0500805377960205,OutputType.CHIP_HISTONE,,H3K4me1,
910,UBERON:0002038 Histone ChIP-seq H3K4me3,.,Histone ChIP-seq,UBERON:0002038,substantia nigra,tissue,adult,encode,single,False,0.8325366973876953,OutputType.CHIP_HISTONE,,H3K4me3,
911,UBERON:0002038 Histone ChIP-seq H3K9ac,.,Histone ChIP-seq,UBERON:0002038,substantia nigra,tissue,adult,encode,single,False,1.0571855306625366,OutputType.CHIP_HISTONE,,H3K9ac,
912,UBERON:0002046 Histone ChIP-seq H3K27ac,.,Histone ChIP-seq,UBERON:0002046,thyroid gland,tissue,adult,encode,single,False,1.0849581956863403,OutputType.CHIP_HISTONE,,H3K27ac,
913,UBERON:0002046 Histone ChIP-seq H3K36me3,.,Histone ChIP-seq,UBERON:0002046,thyroid gland,tissue,adult,encode,single,False,0.8517771363258362,OutputType.CHIP_HISTONE,,H3K36me3,
914,UBERON:0002046 Histone ChIP-seq H3K4me1,.,Histone ChIP-seq,UBERON:0002046,thyroid gland,tissue,adult,encode,single,False,0.8095167279243469,OutputType.CHIP_HISTONE,,H3K4me1,
915,UBERON:0002046 Histone ChIP-seq H3K4me3,.,Histone ChIP-seq,UBERON:0002046,thyroid gland,tissue,adult,encode,single,False,1.038463830947876,OutputType.CHIP_HISTONE,,H3K4me3,
916,UBERON:0002048 Histone ChIP-seq H3K27ac,.,Histone ChIP-seq,UBERON:0002048,lung,tissue,adult,encode,single,False,1.4589347839355469,OutputType.CHIP_HISTONE,,H3K27ac,
917,UBERON:0002048 Histone ChIP-seq H3K27me3,.,Histone ChIP-seq,UBERON:0002048,lung,tissue,embryonic,encode,single,False,0.9830350279808044,OutputType.CHIP_HISTONE,,H3K27me3,
918,UBERON:0002048 Histone ChIP-seq H3K36me3,.,Histone ChIP-seq,UBERON:0002048,lung,tissue,adult,encode,single,False,1.7142006158828735,OutputType.CHIP_HISTONE,,H3K36me3,
919,UBERON:0002048 Histone ChIP-seq H3K4me1,.,Histone ChIP-seq,UBERON:0002048,lung,tissue,adult,encode,single,False,2.136195182800293,OutputType.CHIP_HISTONE,,H3K4me1,
920,UBERON:0002048 Histone ChIP-seq H3K4me3,.,Histone ChIP-seq,UBERON:0002048,lung,tissue,adult,encode,single,False,1.4228606224060059,OutputType.CHIP_HISTONE,,H3K4me3,
921,UBERON:0002048 Histone ChIP-seq H3K9ac,.,Histone ChIP-seq,UBERON:0002048,lung,tissue,embryonic,encode,single,False,1.1020851135253906,OutputType.CHIP_HISTONE,,H3K9ac,
922,UBERON:0002048 Histone ChIP-seq H3K9me3,.,Histone ChIP-seq,UBERON:0002048,lung,tissue,adult,encode,single,False,1.596697211265564,OutputType.CHIP_HISTONE,,H3K9me3,
923,UBERON:0002078 Histone ChIP-seq H3K27ac,.,Histone ChIP-seq,UBERON:0002078,right cardiac atrium,tissue,adult,encode,single,False,1.2285999059677124,OutputType.CHIP_HISTONE,,H3K27ac,
924,UBERON:0002078 Histone ChIP-seq H3K4me1,.,Histone ChIP-seq,UBERON:0002078,right cardiac atrium,tissue,adult,encode,single,False,1.5381871461868286,OutputType.CHIP_HISTONE,,H3K4me1,
925,UBERON:0002078 Histone ChIP-seq H3K4me3,.,Histone ChIP-seq,UBERON:0002078,right cardiac atrium,tissue,adult,encode,single,False,0.9993526339530945,OutputType.CHIP_HISTONE,,H3K4me3,
926,UBERON:0002080 Histone ChIP-seq H3K27ac,.,Histone ChIP-seq,UBERON:0002080,heart right ventricle,tissue,adult,encode,single,False,0.742721438407898,OutputType.CHIP_HISTONE,,H3K27ac,
927,UBERON:0002080 Histone ChIP-seq H3K27me3,.,Histone ChIP-seq,UBERON:0002080,heart right ventricle,tissue,adult,encode,single,False,0.8221991062164307,OutputType.CHIP_HISTONE,,H3K27me3,
928,UBERON:0002080 Histone ChIP-seq H3K36me3,.,Histone ChIP-seq,UBERON:0002080,heart right ventricle,tissue,adult,encode,single,False,0.7794134616851807,OutputType.CHIP_HISTONE,,H3K36me3,
929,UBERON:0002080 Histone ChIP-seq H3K4me1,.,Histone ChIP-seq,UBERON:0002080,heart right ventricle,tissue,adult,encode,single,False,0.7713398337364197,OutputType.CHIP_HISTONE,,H3K4me1,
930,UBERON:0002080 Histone ChIP-seq H3K4me3,.,Histone ChIP-seq,UBERON:0002080,heart right ventricle,tissue,adult,encode,single,False,0.7453254461288452,OutputType.CHIP_HISTONE,,H3K4me3,
931,UBERON:0002080 Histone ChIP-seq H3K9me3,.,Histone ChIP-seq,UBERON:0002080,heart right ventricle,tissue,adult,encode,single,False,0.8001134991645813,OutputType.CHIP_HISTONE,,H3K9me3,
932,UBERON:0002084 Histone ChIP-seq H3K27ac,.,Histone ChIP-seq,UBERON:0002084,heart left ventricle,tissue,adult,encode,single,False,0.8882824778556824,OutputType.CHIP_HISTONE,,H3K27ac,
933,UBERON:0002084 Histone ChIP-seq H3K27me3,.,Histone ChIP-seq,UBERON:0002084,heart left ventricle,tissue,adult,encode,single,False,0.7984142303466797,OutputType.CHIP_HISTONE,,H3K27me3,
934,UBERON:0002084 Histone ChIP-seq H3K36me3,.,Histone ChIP-seq,UBERON:0002084,heart left ventricle,tissue,adult,encode,single,False,0.8181394338607788,OutputType.CHIP_HISTONE,,H3K36me3,
935,UBERON:0002084 Histone ChIP-seq H3K4me1,.,Histone ChIP-seq,UBERON:0002084,heart left ventricle,tissue,adult,encode,single,False,0.8571037650108337,OutputType.CHIP_HISTONE,,H3K4me1,
936,UBERON:0002084 Histone ChIP-seq H3K4me3,.,Histone ChIP-seq,UBERON:0002084,heart left ventricle,tissue,adult,encode,single,False,0.7315558195114136,OutputType.CHIP_HISTONE,,H3K4me3,
937,UBERON:0002084 Histone ChIP-seq H3K9me3,.,Histone ChIP-seq,UBERON:0002084,heart left ventricle,tissue,adult,encode,single,False,0.890792191028595,OutputType.CHIP_HISTONE,,H3K9me3,
938,UBERON:0002106 Histone ChIP-seq H3K27ac,.,Histone ChIP-seq,UBERON:0002106,spleen,tissue,adult,encode,single,False,0.7800244092941284,OutputType.CHIP_HISTONE,,H3K27ac,
939,UBERON:0002106 Histone ChIP-seq H3K27me3,.,Histone ChIP-seq,UBERON:0002106,spleen,tissue,adult,encode,single,False,0.8321865200996399,OutputType.CHIP_HISTONE,,H3K27me3,
940,UBERON:0002106 Histone ChIP-seq H3K36me3,.,Histone ChIP-seq,UBERON:0002106,spleen,tissue,adult,encode,single,False,0.8215964436531067,OutputType.CHIP_HISTONE,,H3K36me3,
941,UBERON:0002106 Histone ChIP-seq H3K4me1,.,Histone ChIP-seq,UBERON:0002106,spleen,tissue,adult,encode,single,False,0.8138890862464905,OutputType.CHIP_HISTONE,,H3K4me1,
942,UBERON:0002106 Histone ChIP-seq H3K4me3,.,Histone ChIP-seq,UBERON:0002106,spleen,tissue,adult,encode,single,False,0.7977772951126099,OutputType.CHIP_HISTONE,,H3K4me3,
943,UBERON:0002106 Histone ChIP-seq H3K9me3,.,Histone ChIP-seq,UBERON:0002106,spleen,tissue,adult,encode,single,False,0.8140273690223694,OutputType.CHIP_HISTONE,,H3K9me3,
944,UBERON:0002107 Histone ChIP-seq H3K27ac,.,Histone ChIP-seq,UBERON:0002107,liver,tissue,adult,encode,single,False,0.9069214463233948,OutputType.CHIP_HISTONE,,H3K27ac,
945,UBERON:0002107 Histone ChIP-seq H3K36me3,.,Histone ChIP-seq,UBERON:0002107,liver,tissue,adult,encode,single,False,0.8101385235786438,OutputType.CHIP_HISTONE,,H3K36me3,
946,UBERON:0002107 Histone ChIP-seq H3K4me1,.,Histone ChIP-seq,UBERON:0002107,liver,tissue,adult,encode,single,False,0.7480568885803223,OutputType.CHIP_HISTONE,,H3K4me1,
947,UBERON:0002107 Histone ChIP-seq H3K4me3,.,Histone ChIP-seq,UBERON:0002107,liver,tissue,adult,encode,single,False,0.7054669857025146,OutputType.CHIP_HISTONE,,H3K4me3,
948,UBERON:0002107 Histone ChIP-seq H3K9ac,.,Histone ChIP-seq,UBERON:0002107,liver,tissue,adult,encode,single,False,0.8565387725830078,OutputType.CHIP_HISTONE,,H3K9ac,
949,UBERON:0002107 Histone ChIP-seq H3K9me3,.,Histone ChIP-seq,UBERON:0002107,liver,tissue,adult,encode,single,False,1.423638939857483,OutputType.CHIP_HISTONE,,H3K9me3,
950,UBERON:0002108 Histone ChIP-seq H3K27ac,.,Histone ChIP-seq,UBERON:0002108,small intestine,tissue,adult,encode,single,False,1.5306456089019775,OutputType.CHIP_HISTONE,,H3K27ac,
951,UBERON:0002108 Histone ChIP-seq H3K27me3,.,Histone ChIP-seq,UBERON:0002108,small intestine,tissue,embryonic,encode,single,False,1.321641445159912,OutputType.CHIP_HISTONE,,H3K27me3,
952,UBERON:0002108 Histone ChIP-seq H3K36me3,.,Histone ChIP-seq,UBERON:0002108,small intestine,tissue,adult,encode,single,False,1.1116917133331299,OutputType.CHIP_HISTONE,,H3K36me3,
953,UBERON:0002108 Histone ChIP-seq H3K4me1,.,Histone ChIP-seq,UBERON:0002108,small intestine,tissue,embryonic,encode,single,False,1.1648976802825928,OutputType.CHIP_HISTONE,,H3K4me1,
954,UBERON:0002108 Histone ChIP-seq H3K4me3,.,Histone ChIP-seq,UBERON:0002108,small intestine,tissue,adult,encode,single,False,0.9390207529067993,OutputType.CHIP_HISTONE,,H3K4me3,
955,UBERON:0002108 Histone ChIP-seq H3K9me3,.,Histone ChIP-seq,UBERON:0002108,small intestine,tissue,embryonic,encode,single,False,1.295670986175537,OutputType.CHIP_HISTONE,,H3K9me3,
956,UBERON:0002113 Histone ChIP-seq H3K27ac,.,Histone ChIP-seq,UBERON:0002113,kidney,tissue,adult,encode,single,False,0.9552195072174072,OutputType.CHIP_HISTONE,,H3K27ac,
957,UBERON:0002113 Histone ChIP-seq H3K36me3,.,Histone ChIP-seq,UBERON:0002113,kidney,tissue,adult,encode,single,False,0.798854410648346,OutputType.CHIP_HISTONE,,H3K36me3,
958,UBERON:0002113 Histone ChIP-seq H3K4me1,.,Histone ChIP-seq,UBERON:0002113,kidney,tissue,adult,encode,single,False,0.8005074858665466,OutputType.CHIP_HISTONE,,H3K4me1,
959,UBERON:0002113 Histone ChIP-seq H3K4me3,.,Histone ChIP-seq,UBERON:0002113,kidney,tissue,adult,encode,single,False,0.7985708117485046,OutputType.CHIP_HISTONE,,H3K4me3,
960,UBERON:0002113 Histone ChIP-seq H3K9ac,.,Histone ChIP-seq,UBERON:0002113,kidney,tissue,adult,encode,single,False,0.8986935615539551,OutputType.CHIP_HISTONE,,H3K9ac,
961,UBERON:0002168 Histone ChIP-seq H3K27ac,.,Histone ChIP-seq,UBERON:0002168,left lung,tissue,adult,encode,single,False,0.8949621319770813,OutputType.CHIP_HISTONE,,H3K27ac,
962,UBERON:0002168 Histone ChIP-seq H3K27me3,.,Histone ChIP-seq,UBERON:0002168,left lung,tissue,adult,encode,single,False,0.8752104640007019,OutputType.CHIP_HISTONE,,H3K27me3,
963,UBERON:0002168 Histone ChIP-seq H3K36me3,.,Histone ChIP-seq,UBERON:0002168,left lung,tissue,adult,encode,single,False,0.8681212663650513,OutputType.CHIP_HISTONE,,H3K36me3,
964,UBERON:0002168 Histone ChIP-seq H3K4me1,.,Histone ChIP-seq,UBERON:0002168,left lung,tissue,adult,encode,single,False,0.9048176407814026,OutputType.CHIP_HISTONE,,H3K4me1,
965,UBERON:0002168 Histone ChIP-seq H3K4me3,.,Histone ChIP-seq,UBERON:0002168,left lung,tissue,adult,encode,single,False,0.9501997828483582,OutputType.CHIP_HISTONE,,H3K4me3,
966,UBERON:0002168 Histone ChIP-seq H3K9me3,.,Histone ChIP-seq,UBERON:0002168,left lung,tissue,adult,encode,single,False,1.1099082231521606,OutputType.CHIP_HISTONE,,H3K9me3,
967,UBERON:0002170 Histone ChIP-seq H3K27ac,.,Histone ChIP-seq,UBERON:0002170,upper lobe of right lung,tissue,adult,encode,single,False,0.8909234404563904,OutputType.CHIP_HISTONE,,H3K27ac,
968,UBERON:0002170 Histone ChIP-seq H3K36me3,.,Histone ChIP-seq,UBERON:0002170,upper lobe of right lung,tissue,adult,encode,single,False,0.8416327834129333,OutputType.CHIP_HISTONE,,H3K36me3,
969,UBERON:0002170 Histone ChIP-seq H3K4me1,.,Histone ChIP-seq,UBERON:0002170,upper lobe of right lung,tissue,adult,encode,single,False,0.8523540496826172,OutputType.CHIP_HISTONE,,H3K4me1,
970,UBERON:0002170 Histone ChIP-seq H3K4me3,.,Histone ChIP-seq,UBERON:0002170,upper lobe of right lung,tissue,adult,encode,single,False,0.9516236186027527,OutputType.CHIP_HISTONE,,H3K4me3,
971,UBERON:0002171 Histone ChIP-seq H3K27ac,.,Histone ChIP-seq,UBERON:0002171,lower lobe of right lung,tissue,adult,encode,single,False,0.9444779753684998,OutputType.CHIP_HISTONE,,H3K27ac,
972,UBERON:0002171 Histone ChIP-seq H3K27me3,.,Histone ChIP-seq,UBERON:0002171,lower lobe of right lung,tissue,adult,encode,single,False,0.9000256061553955,OutputType.CHIP_HISTONE,,H3K27me3,
973,UBERON:0002171 Histone ChIP-seq H3K36me3,.,Histone ChIP-seq,UBERON:0002171,lower lobe of right lung,tissue,adult,encode,single,False,0.8784345984458923,OutputType.CHIP_HISTONE,,H3K36me3,
974,UBERON:0002171 Histone ChIP-seq H3K4me1,.,Histone ChIP-seq,UBERON:0002171,lower lobe of right lung,tissue,adult,encode,single,False,0.8521840572357178,OutputType.CHIP_HISTONE,,H3K4me1,
975,UBERON:0002171 Histone ChIP-seq H3K4me3,.,Histone ChIP-seq,UBERON:0002171,lower lobe of right lung,tissue,adult,encode,single,False,0.9574486017227173,OutputType.CHIP_HISTONE,,H3K4me3,
976,UBERON:0002240 Histone ChIP-seq H3K27ac,.,Histone ChIP-seq,UBERON:0002240,spinal cord,tissue,embryonic,encode,single,False,1.5454556941986084,OutputType.CHIP_HISTONE,,H3K27ac,
977,UBERON:0002240 Histone ChIP-seq H3K27me3,.,Histone ChIP-seq,UBERON:0002240,spinal cord,tissue,embryonic,encode,single,False,1.2282136678695679,OutputType.CHIP_HISTONE,,H3K27me3,
978,UBERON:0002240 Histone ChIP-seq H3K36me3,.,Histone ChIP-seq,UBERON:0002240,spinal cord,tissue,embryonic,encode,single,False,1.335628867149353,OutputType.CHIP_HISTONE,,H3K36me3,
979,UBERON:0002240 Histone ChIP-seq H3K4me1,.,Histone ChIP-seq,UBERON:0002240,spinal cord,tissue,embryonic,encode,single,False,2.040064573287964,OutputType.CHIP_HISTONE,,H3K4me1,
980,UBERON:0002240 Histone ChIP-seq H3K4me3,.,Histone ChIP-seq,UBERON:0002240,spinal cord,tissue,embryonic,encode,single,False,1.6200331449508667,OutputType.CHIP_HISTONE,,H3K4me3,
981,UBERON:0002305 Histone ChIP-seq H3K27ac,.,Histone ChIP-seq,UBERON:0002305,layer of hippocampus,tissue,adult,encode,single,False,0.9011349081993103,OutputType.CHIP_HISTONE,,H3K27ac,
982,UBERON:0002305 Histone ChIP-seq H3K36me3,.,Histone ChIP-seq,UBERON:0002305,layer of hippocampus,tissue,adult,encode,single,False,0.7941612601280212,OutputType.CHIP_HISTONE,,H3K36me3,
983,UBERON:0002305 Histone ChIP-seq H3K4me1,.,Histone ChIP-seq,UBERON:0002305,layer of hippocampus,tissue,adult,encode,single,False,0.8219332695007324,OutputType.CHIP_HISTONE,,H3K4me1,
984,UBERON:0002305 Histone ChIP-seq H3K4me3,.,Histone ChIP-seq,UBERON:0002305,layer of hippocampus,tissue,adult,encode,single,False,0.7843244075775146,OutputType.CHIP_HISTONE,,H3K4me3,
985,UBERON:0002305 Histone ChIP-seq H3K9ac,.,Histone ChIP-seq,UBERON:0002305,layer of hippocampus,tissue,adult,encode,single,False,1.1184202432632446,OutputType.CHIP_HISTONE,,H3K9ac,
986,UBERON:0002367 Histone ChIP-seq H3K27ac,.,Histone ChIP-seq,UBERON:0002367,prostate gland,tissue,adult,encode,single,False,0.8253678679466248,OutputType.CHIP_HISTONE,,H3K27ac,
987,UBERON:0002367 Histone ChIP-seq H3K36me3,.,Histone ChIP-seq,UBERON:0002367,prostate gland,tissue,adult,encode,single,False,0.8486926555633545,OutputType.CHIP_HISTONE,,H3K36me3,
988,UBERON:0002367 Histone ChIP-seq H3K4me3,.,Histone ChIP-seq,UBERON:0002367,prostate gland,tissue,adult,encode,single,False,0.827519953250885,OutputType.CHIP_HISTONE,,H3K4me3,
989,UBERON:0002369 Histone ChIP-seq H3K27ac,.,Histone ChIP-seq,UBERON:0002369,adrenal gland,tissue,adult,encode,single,False,0.7852216958999634,OutputType.CHIP_HISTONE,,H3K27ac,
990,UBERON:0002369 Histone ChIP-seq H3K27me3,.,Histone ChIP-seq,UBERON:0002369,adrenal gland,tissue,embryonic,encode,single,False,1.6154215335845947,OutputType.CHIP_HISTONE,,H3K27me3,
991,UBERON:0002369 Histone ChIP-seq H3K36me3,.,Histone ChIP-seq,UBERON:0002369,adrenal gland,tissue,adult,encode,single,False,0.8357100486755371,OutputType.CHIP_HISTONE,,H3K36me3,
992,UBERON:0002369 Histone ChIP-seq H3K4me1,.,Histone ChIP-seq,UBERON:0002369,adrenal gland,tissue,adult,encode,single,False,0.8265619277954102,OutputType.CHIP_HISTONE,,H3K4me1,
993,UBERON:0002369 Histone ChIP-seq H3K4me3,.,Histone ChIP-seq,UBERON:0002369,adrenal gland,tissue,adult,encode,single,False,0.9138931035995483,OutputType.CHIP_HISTONE,,H3K4me3,
994,UBERON:0002369 Histone ChIP-seq H3K9me3,.,Histone ChIP-seq,UBERON:0002369,adrenal gland,tissue,embryonic,encode,single,False,1.4173235893249512,OutputType.CHIP_HISTONE,,H3K9me3,
995,UBERON:0002370 Histone ChIP-seq H3K27ac,.,Histone ChIP-seq,UBERON:0002370,thymus,tissue,embryonic,encode,single,False,0.9632824063301086,OutputType.CHIP_HISTONE,,H3K27ac,
996,UBERON:0002370 Histone ChIP-seq H3K27me3,.,Histone ChIP-seq,UBERON:0002370,thymus,tissue,embryonic,encode,single,False,0.9465627074241638,OutputType.CHIP_HISTONE,,H3K27me3,
997,UBERON:0002370 Histone ChIP-seq H3K36me3,.,Histone ChIP-seq,UBERON:0002370,thymus,tissue,embryonic,encode,single,False,1.3685346841812134,OutputType.CHIP_HISTONE,,H3K36me3,
998,UBERON:0002370 Histone ChIP-seq H3K4me1,.,Histone ChIP-seq,UBERON:0002370,thymus,tissue,embryonic,encode,single,False,1.824151873588562,OutputType.CHIP_HISTONE,,H3K4me1,
999,UBERON:0002370 Histone ChIP-seq H3K4me3,.,Histone ChIP-seq,UBERON:0002370,thymus,tissue,embryonic,encode,single,False,1.1562947034835815,OutputType.CHIP_HISTONE,,H3K4me3,
1000,UBERON:0002370 Histone ChIP-seq H3K9me3,.,Histone ChIP-seq,UBERON:0002370,thymus,tissue,embryonic,encode,single,False,1.4777132272720337,OutputType.CHIP_HISTONE,,H3K9me3,
1001,UBERON:0002686 Histone ChIP-seq H3K27ac,.,Histone ChIP-seq,UBERON:0002686,angular gyrus,tissue,adult,encode,single,False,0.9001856446266174,OutputType.CHIP_HISTONE,,H3K27ac,
1002,UBERON:0002686 Histone ChIP-seq H3K36me3,.,Histone ChIP-seq,UBERON:0002686,angular gyrus,tissue,adult,encode,single,False,0.8129374980926514,OutputType.CHIP_HISTONE,,H3K36me3,
1003,UBERON:0002686 Histone ChIP-seq H3K4me1,.,Histone ChIP-seq,UBERON:0002686,angular gyrus,tissue,adult,encode,single,False,0.8170185089111328,OutputType.CHIP_HISTONE,,H3K4me1,
1004,UBERON:0002686 Histone ChIP-seq H3K4me3,.,Histone ChIP-seq,UBERON:0002686,angular gyrus,tissue,adult,encode,single,False,0.8224157094955444,OutputType.CHIP_HISTONE,,H3K4me3,
1005,UBERON:0002686 Histone ChIP-seq H3K9ac,.,Histone ChIP-seq,UBERON:0002686,angular gyrus,tissue,adult,encode,single,False,1.0026452541351318,OutputType.CHIP_HISTONE,,H3K9ac,
1006,UBERON:0002967 Histone ChIP-seq H3K27ac,.,Histone ChIP-seq,UBERON:0002967,cingulate gyrus,tissue,adult,encode,single,False,0.8721300959587097,OutputType.CHIP_HISTONE,,H3K27ac,
1007,UBERON:0002967 Histone ChIP-seq H3K36me3,.,Histone ChIP-seq,UBERON:0002967,cingulate gyrus,tissue,adult,encode,single,False,0.8179123401641846,OutputType.CHIP_HISTONE,,H3K36me3,
1008,UBERON:0002967 Histone ChIP-seq H3K4me1,.,Histone ChIP-seq,UBERON:0002967,cingulate gyrus,tissue,adult,encode,single,False,0.8339878916740417,OutputType.CHIP_HISTONE,,H3K4me1,
1009,UBERON:0002967 Histone ChIP-seq H3K4me3,.,Histone ChIP-seq,UBERON:0002967,cingulate gyrus,tissue,adult,encode,single,False,0.8354508876800537,OutputType.CHIP_HISTONE,,H3K4me3,
1010,UBERON:0002967 Histone ChIP-seq H3K9ac,.,Histone ChIP-seq,UBERON:0002967,cingulate gyrus,tissue,adult,encode,single,False,1.1167891025543213,OutputType.CHIP_HISTONE,,H3K9ac,
1011,UBERON:0003124 Histone ChIP-seq H3K27ac,.,Histone ChIP-seq,UBERON:0003124,chorion,tissue,embryonic,encode,single,False,1.1212384700775146,OutputType.CHIP_HISTONE,,H3K27ac,
1012,UBERON:0003124 Histone ChIP-seq H3K36me3,.,Histone ChIP-seq,UBERON:0003124,chorion,tissue,embryonic,encode,single,False,1.0928360223770142,OutputType.CHIP_HISTONE,,H3K36me3,
1013,UBERON:0003124 Histone ChIP-seq H3K4me1,.,Histone ChIP-seq,UBERON:0003124,chorion,tissue,embryonic,encode,single,False,1.134663701057434,OutputType.CHIP_HISTONE,,H3K4me1,
1014,UBERON:0003124 Histone ChIP-seq H3K4me3,.,Histone ChIP-seq,UBERON:0003124,chorion,tissue,embryonic,encode,single,False,1.0205134153366089,OutputType.CHIP_HISTONE,,H3K4me3,
1015,UBERON:0003346 Histone ChIP-seq H3K27ac,.,Histone ChIP-seq,UBERON:0003346,mucosa of rectum,tissue,adult,encode,single,False,1.2068597078323364,OutputType.CHIP_HISTONE,,H3K27ac,
1016,UBERON:0003346 Histone ChIP-seq H3K36me3,.,Histone ChIP-seq,UBERON:0003346,mucosa of rectum,tissue,adult,encode,single,False,0.8918594121932983,OutputType.CHIP_HISTONE,,H3K36me3,
1017,UBERON:0003346 Histone ChIP-seq H3K4me1,.,Histone ChIP-seq,UBERON:0003346,mucosa of rectum,tissue,adult,encode,single,False,0.9211472272872925,OutputType.CHIP_HISTONE,,H3K4me1,
1018,UBERON:0003346 Histone ChIP-seq H3K4me3,.,Histone ChIP-seq,UBERON:0003346,mucosa of rectum,tissue,adult,encode,single,False,0.9614381790161133,OutputType.CHIP_HISTONE,,H3K4me3,
1019,UBERON:0003346 Histone ChIP-seq H3K9ac,.,Histone ChIP-seq,UBERON:0003346,mucosa of rectum,tissue,adult,encode,single,False,0.8959307074546814,OutputType.CHIP_HISTONE,,H3K9ac,
1020,UBERON:0004222 Histone ChIP-seq H3K27ac,.,Histone ChIP-seq,UBERON:0004222,stomach smooth muscle,tissue,adult,encode,single,False,1.061765193939209,OutputType.CHIP_HISTONE,,H3K27ac,
1021,UBERON:0004222 Histone ChIP-seq H3K27me3,.,Histone ChIP-seq,UBERON:0004222,stomach smooth muscle,tissue,adult,encode,single,False,0.8521047234535217,OutputType.CHIP_HISTONE,,H3K27me3,
1022,UBERON:0004222 Histone ChIP-seq H3K36me3,.,Histone ChIP-seq,UBERON:0004222,stomach smooth muscle,tissue,adult,encode,single,False,0.826144814491272,OutputType.CHIP_HISTONE,,H3K36me3,
1023,UBERON:0004222 Histone ChIP-seq H3K4me1,.,Histone ChIP-seq,UBERON:0004222,stomach smooth muscle,tissue,adult,encode,single,False,1.913686752319336,OutputType.CHIP_HISTONE,,H3K4me1,
1024,UBERON:0004222 Histone ChIP-seq H3K4me3,.,Histone ChIP-seq,UBERON:0004222,stomach smooth muscle,tissue,adult,encode,single,False,0.9053452610969543,OutputType.CHIP_HISTONE,,H3K4me3,
1025,UBERON:0004222 Histone ChIP-seq H3K9ac,.,Histone ChIP-seq,UBERON:0004222,stomach smooth muscle,tissue,adult,encode,single,False,0.7713716626167297,OutputType.CHIP_HISTONE,,H3K9ac,
1026,UBERON:0004550 Histone ChIP-seq H3K27ac,.,Histone ChIP-seq,UBERON:0004550,gastroesophageal sphincter,tissue,adult,encode,single,False,1.4019594192504883,OutputType.CHIP_HISTONE,,H3K27ac,
1027,UBERON:0004550 Histone ChIP-seq H3K27me3,.,Histone ChIP-seq,UBERON:0004550,gastroesophageal sphincter,tissue,adult,encode,single,False,0.860275387763977,OutputType.CHIP_HISTONE,,H3K27me3,
1028,UBERON:0004550 Histone ChIP-seq H3K36me3,.,Histone ChIP-seq,UBERON:0004550,gastroesophageal sphincter,tissue,adult,encode,single,False,0.9105188250541687,OutputType.CHIP_HISTONE,,H3K36me3,
1029,UBERON:0004550 Histone ChIP-seq H3K4me1,.,Histone ChIP-seq,UBERON:0004550,gastroesophageal sphincter,tissue,adult,encode,single,False,0.8863487243652344,OutputType.CHIP_HISTONE,,H3K4me1,
1030,UBERON:0004550 Histone ChIP-seq H3K4me3,.,Histone ChIP-seq,UBERON:0004550,gastroesophageal sphincter,tissue,adult,encode,single,False,0.7414591312408447,OutputType.CHIP_HISTONE,,H3K4me3,
1031,UBERON:0004550 Histone ChIP-seq H3K9me3,.,Histone ChIP-seq,UBERON:0004550,gastroesophageal sphincter,tissue,adult,encode,single,False,0.8467487692832947,OutputType.CHIP_HISTONE,,H3K9me3,
1032,UBERON:0004648 Histone ChIP-seq H3K27ac,.,Histone ChIP-seq,UBERON:0004648,esophagus muscularis mucosa,tissue,adult,encode,single,False,0.7982273697853088,OutputType.CHIP_HISTONE,,H3K27ac,
1033,UBERON:0004648 Histone ChIP-seq H3K27me3,.,Histone ChIP-seq,UBERON:0004648,esophagus muscularis mucosa,tissue,adult,encode,single,False,0.9206722378730774,OutputType.CHIP_HISTONE,,H3K27me3,
1034,UBERON:0004648 Histone ChIP-seq H3K36me3,.,Histone ChIP-seq,UBERON:0004648,esophagus muscularis mucosa,tissue,adult,encode,single,False,0.816602349281311,OutputType.CHIP_HISTONE,,H3K36me3,
1035,UBERON:0004648 Histone ChIP-seq H3K4me1,.,Histone ChIP-seq,UBERON:0004648,esophagus muscularis mucosa,tissue,adult,encode,single,False,0.8247384428977966,OutputType.CHIP_HISTONE,,H3K4me1,
1036,UBERON:0004648 Histone ChIP-seq H3K4me3,.,Histone ChIP-seq,UBERON:0004648,esophagus muscularis mucosa,tissue,adult,encode,single,False,0.7969858050346375,OutputType.CHIP_HISTONE,,H3K4me3,
1037,UBERON:0004648 Histone ChIP-seq H3K9me3,.,Histone ChIP-seq,UBERON:0004648,esophagus muscularis mucosa,tissue,adult,encode,single,False,0.8506141304969788,OutputType.CHIP_HISTONE,,H3K9me3,
1038,UBERON:0004992 Histone ChIP-seq H3K4me1,.,Histone ChIP-seq,UBERON:0004992,mucosa of descending colon,tissue,adult,encode,single,False,0.9400363564491272,OutputType.CHIP_HISTONE,,H3K4me1,
1039,UBERON:0004992 Histone ChIP-seq H3K4me3,.,Histone ChIP-seq,UBERON:0004992,mucosa of descending colon,tissue,adult,encode,single,False,0.9843800067901611,OutputType.CHIP_HISTONE,,H3K4me3,
1040,UBERON:0004992 Histone ChIP-seq H3K9me3,.,Histone ChIP-seq,UBERON:0004992,mucosa of descending colon,tissue,adult,encode,single,False,1.0794081687927246,OutputType.CHIP_HISTONE,,H3K9me3,
1041,UBERON:0006631 Histone ChIP-seq H3K27ac,.,Histone ChIP-seq,UBERON:0006631,right atrium auricular region,tissue,adult,encode,single,False,1.5091086626052856,OutputType.CHIP_HISTONE,,H3K27ac,
1042,UBERON:0006631 Histone ChIP-seq H3K36me3,.,Histone ChIP-seq,UBERON:0006631,right atrium auricular region,tissue,adult,encode,single,False,0.8356142640113831,OutputType.CHIP_HISTONE,,H3K36me3,
1043,UBERON:0006631 Histone ChIP-seq H3K4me1,.,Histone ChIP-seq,UBERON:0006631,right atrium auricular region,tissue,adult,encode,single,False,0.8639379739761353,OutputType.CHIP_HISTONE,,H3K4me1,
1044,UBERON:0006631 Histone ChIP-seq H3K4me3,.,Histone ChIP-seq,UBERON:0006631,right atrium auricular region,tissue,adult,encode,single,False,1.0309559106826782,OutputType.CHIP_HISTONE,,H3K4me3,
1045,UBERON:0006631 Histone ChIP-seq H3K9me3,.,Histone ChIP-seq,UBERON:0006631,right atrium auricular region,tissue,adult,encode,single,False,0.843159556388855,OutputType.CHIP_HISTONE,,H3K9me3,
1046,UBERON:0006920 Histone ChIP-seq H3K27ac,.,Histone ChIP-seq,UBERON:0006920,esophagus squamous epithelium,tissue,adult,encode,single,False,1.224211573600769,OutputType.CHIP_HISTONE,,H3K27ac,
1047,UBERON:0006920 Histone ChIP-seq H3K27me3,.,Histone ChIP-seq,UBERON:0006920,esophagus squamous epithelium,tissue,adult,encode,single,False,0.9047441482543945,OutputType.CHIP_HISTONE,,H3K27me3,
1048,UBERON:0006920 Histone ChIP-seq H3K36me3,.,Histone ChIP-seq,UBERON:0006920,esophagus squamous epithelium,tissue,adult,encode,single,False,0.8787626624107361,OutputType.CHIP_HISTONE,,H3K36me3,
1049,UBERON:0006920 Histone ChIP-seq H3K4me1,.,Histone ChIP-seq,UBERON:0006920,esophagus squamous epithelium,tissue,adult,encode,single,False,0.8141622543334961,OutputType.CHIP_HISTONE,,H3K4me1,
1050,UBERON:0006920 Histone ChIP-seq H3K4me3,.,Histone ChIP-seq,UBERON:0006920,esophagus squamous epithelium,tissue,adult,encode,single,False,0.8070417642593384,OutputType.CHIP_HISTONE,,H3K4me3,
1051,UBERON:0006920 Histone ChIP-seq H3K9me3,.,Histone ChIP-seq,UBERON:0006920,esophagus squamous epithelium,tissue,adult,encode,single,False,0.8435921669006348,OutputType.CHIP_HISTONE,,H3K9me3,
1052,UBERON:0007106 Histone ChIP-seq H3K27ac,.,Histone ChIP-seq,UBERON:0007106,chorionic villus,tissue,embryonic,encode,single,False,1.0513697862625122,OutputType.CHIP_HISTONE,,H3K27ac,
1053,UBERON:0007610 Histone ChIP-seq H3K27ac,.,Histone ChIP-seq,UBERON:0007610,tibial artery,tissue,adult,encode,single,False,0.7654767036437988,OutputType.CHIP_HISTONE,,H3K27ac,
1054,UBERON:0007610 Histone ChIP-seq H3K27me3,.,Histone ChIP-seq,UBERON:0007610,tibial artery,tissue,adult,encode,single,False,0.8302474021911621,OutputType.CHIP_HISTONE,,H3K27me3,
1055,UBERON:0007610 Histone ChIP-seq H3K36me3,.,Histone ChIP-seq,UBERON:0007610,tibial artery,tissue,adult,encode,single,False,0.8503223657608032,OutputType.CHIP_HISTONE,,H3K36me3,
1056,UBERON:0007610 Histone ChIP-seq H3K4me1,.,Histone ChIP-seq,UBERON:0007610,tibial artery,tissue,adult,encode,single,False,0.7865008115768433,OutputType.CHIP_HISTONE,,H3K4me1,
1057,UBERON:0007610 Histone ChIP-seq H3K4me3,.,Histone ChIP-seq,UBERON:0007610,tibial artery,tissue,adult,encode,single,False,0.7735725045204163,OutputType.CHIP_HISTONE,,H3K4me3,
1058,UBERON:0007610 Histone ChIP-seq H3K9me3,.,Histone ChIP-seq,UBERON:0007610,tibial artery,tissue,adult,encode,single,False,0.9169700741767883,OutputType.CHIP_HISTONE,,H3K9me3,
1059,UBERON:0008367 Histone ChIP-seq H3K27ac,.,Histone ChIP-seq,UBERON:0008367,breast epithelium,tissue,adult,encode,single,False,0.7933363914489746,OutputType.CHIP_HISTONE,,H3K27ac,
1060,UBERON:0008367 Histone ChIP-seq H3K27me3,.,Histone ChIP-seq,UBERON:0008367,breast epithelium,tissue,adult,encode,single,False,0.8398851156234741,OutputType.CHIP_HISTONE,,H3K27me3,
1061,UBERON:0008367 Histone ChIP-seq H3K36me3,.,Histone ChIP-seq,UBERON:0008367,breast epithelium,tissue,adult,encode,single,False,0.8763333559036255,OutputType.CHIP_HISTONE,,H3K36me3,
1062,UBERON:0008367 Histone ChIP-seq H3K4me3,.,Histone ChIP-seq,UBERON:0008367,breast epithelium,tissue,adult,encode,single,False,0.8072652816772461,OutputType.CHIP_HISTONE,,H3K4me3,
1063,UBERON:0008367 Histone ChIP-seq H3K9me3,.,Histone ChIP-seq,UBERON:0008367,breast epithelium,tissue,adult,encode,single,False,0.8470003604888916,OutputType.CHIP_HISTONE,,H3K9me3,
1064,UBERON:0008450 Histone ChIP-seq H3K27ac,.,Histone ChIP-seq,UBERON:0008450,psoas muscle,tissue,adult,encode,single,False,0.9119850397109985,OutputType.CHIP_HISTONE,,H3K27ac,
1065,UBERON:0008450 Histone ChIP-seq H3K27me3,.,Histone ChIP-seq,UBERON:0008450,psoas muscle,tissue,adult,encode,single,False,0.8814289569854736,OutputType.CHIP_HISTONE,,H3K27me3,
1066,UBERON:0008450 Histone ChIP-seq H3K36me3,.,Histone ChIP-seq,UBERON:0008450,psoas muscle,tissue,adult,encode,single,False,0.9716756343841553,OutputType.CHIP_HISTONE,,H3K36me3,
1067,UBERON:0008450 Histone ChIP-seq H3K4me1,.,Histone ChIP-seq,UBERON:0008450,psoas muscle,tissue,adult,encode,single,False,0.8452923893928528,OutputType.CHIP_HISTONE,,H3K4me1,
1068,UBERON:0008450 Histone ChIP-seq H3K4me3,.,Histone ChIP-seq,UBERON:0008450,psoas muscle,tissue,adult,encode,single,False,0.7766005396842957,OutputType.CHIP_HISTONE,,H3K4me3,
1069,UBERON:0008952 Histone ChIP-seq H3K27ac,.,Histone ChIP-seq,UBERON:0008952,upper lobe of left lung,tissue,adult,encode,single,False,0.8779808282852173,OutputType.CHIP_HISTONE,,H3K27ac,
1070,UBERON:0008952 Histone ChIP-seq H3K36me3,.,Histone ChIP-seq,UBERON:0008952,upper lobe of left lung,tissue,adult,encode,single,False,0.8125616908073425,OutputType.CHIP_HISTONE,,H3K36me3,
1071,UBERON:0008952 Histone ChIP-seq H3K4me1,.,Histone ChIP-seq,UBERON:0008952,upper lobe of left lung,tissue,adult,encode,single,False,0.8664360642433167,OutputType.CHIP_HISTONE,,H3K4me1,
1072,UBERON:0008952 Histone ChIP-seq H3K4me3,.,Histone ChIP-seq,UBERON:0008952,upper lobe of left lung,tissue,adult,encode,single,False,0.8021848201751709,OutputType.CHIP_HISTONE,,H3K4me3,
1073,UBERON:0008953 Histone ChIP-seq H3K27ac,.,Histone ChIP-seq,UBERON:0008953,lower lobe of left lung,tissue,adult,encode,single,False,0.8131684064865112,OutputType.CHIP_HISTONE,,H3K27ac,
1074,UBERON:0008953 Histone ChIP-seq H3K27me3,.,Histone ChIP-seq,UBERON:0008953,lower lobe of left lung,tissue,adult,encode,single,False,0.8400024771690369,OutputType.CHIP_HISTONE,,H3K27me3,
1075,UBERON:0008953 Histone ChIP-seq H3K36me3,.,Histone ChIP-seq,UBERON:0008953,lower lobe of left lung,tissue,adult,encode,single,False,0.8133916854858398,OutputType.CHIP_HISTONE,,H3K36me3,
1076,UBERON:0008953 Histone ChIP-seq H3K4me1,.,Histone ChIP-seq,UBERON:0008953,lower lobe of left lung,tissue,adult,encode,single,False,0.8141807317733765,OutputType.CHIP_HISTONE,,H3K4me1,
1077,UBERON:0008953 Histone ChIP-seq H3K4me3,.,Histone ChIP-seq,UBERON:0008953,lower lobe of left lung,tissue,adult,encode,single,False,0.8252076506614685,OutputType.CHIP_HISTONE,,H3K4me3,
1078,UBERON:0008953 Histone ChIP-seq H3K9me3,.,Histone ChIP-seq,UBERON:0008953,lower lobe of left lung,tissue,adult,encode,single,False,0.8201392889022827,OutputType.CHIP_HISTONE,,H3K9me3,
1079,UBERON:0009834 Histone ChIP-seq H3K27ac,.,Histone ChIP-seq,UBERON:0009834,dorsolateral prefrontal cortex,tissue,adult,encode,single,False,0.7915490865707397,OutputType.CHIP_HISTONE,,H3K27ac,
1080,UBERON:0009834 Histone ChIP-seq H3K27me3,.,Histone ChIP-seq,UBERON:0009834,dorsolateral prefrontal cortex,tissue,adult,encode,single,False,0.8048524856567383,OutputType.CHIP_HISTONE,,H3K27me3,
1081,UBERON:0009834 Histone ChIP-seq H3K36me3,.,Histone ChIP-seq,UBERON:0009834,dorsolateral prefrontal cortex,tissue,adult,encode,single,False,0.8312941193580627,OutputType.CHIP_HISTONE,,H3K36me3,
1082,UBERON:0009834 Histone ChIP-seq H3K4me1,.,Histone ChIP-seq,UBERON:0009834,dorsolateral prefrontal cortex,tissue,adult,encode,single,False,0.8213521838188171,OutputType.CHIP_HISTONE,,H3K4me1,
1083,UBERON:0009834 Histone ChIP-seq H3K4me3,.,Histone ChIP-seq,UBERON:0009834,dorsolateral prefrontal cortex,tissue,adult,encode,single,False,0.795435905456543,OutputType.CHIP_HISTONE,,H3K4me3,
1084,UBERON:0009834 Histone ChIP-seq H3K9ac,.,Histone ChIP-seq,UBERON:0009834,dorsolateral prefrontal cortex,tissue,adult,encode,single,False,1.0359257459640503,OutputType.CHIP_HISTONE,,H3K9ac,
1085,UBERON:0011907 Histone ChIP-seq H3K27ac,.,Histone ChIP-seq,UBERON:0011907,gastrocnemius medialis,tissue,adult,encode,single,False,0.7793625593185425,OutputType.CHIP_HISTONE,,H3K27ac,
1086,UBERON:0011907 Histone ChIP-seq H3K27me3,.,Histone ChIP-seq,UBERON:0011907,gastrocnemius medialis,tissue,adult,encode,single,False,1.0060234069824219,OutputType.CHIP_HISTONE,,H3K27me3,
1087,UBERON:0011907 Histone ChIP-seq H3K36me3,.,Histone ChIP-seq,UBERON:0011907,gastrocnemius medialis,tissue,adult,encode,single,False,0.8559026122093201,OutputType.CHIP_HISTONE,,H3K36me3,
1088,UBERON:0011907 Histone ChIP-seq H3K4me1,.,Histone ChIP-seq,UBERON:0011907,gastrocnemius medialis,tissue,adult,encode,single,False,0.7837246656417847,OutputType.CHIP_HISTONE,,H3K4me1,
1089,UBERON:0011907 Histone ChIP-seq H3K4me3,.,Histone ChIP-seq,UBERON:0011907,gastrocnemius medialis,tissue,adult,encode,single,False,0.7359679341316223,OutputType.CHIP_HISTONE,,H3K4me3,
1090,UBERON:0012488 Histone ChIP-seq H3K27ac,.,Histone ChIP-seq,UBERON:0012488,muscle layer of duodenum,tissue,adult,encode,single,False,0.988544225692749,OutputType.CHIP_HISTONE,,H3K27ac,
1091,UBERON:0012488 Histone ChIP-seq H3K36me3,.,Histone ChIP-seq,UBERON:0012488,muscle layer of duodenum,tissue,adult,encode,single,False,0.8478550910949707,OutputType.CHIP_HISTONE,,H3K36me3,
1092,UBERON:0012488 Histone ChIP-seq H3K4me1,.,Histone ChIP-seq,UBERON:0012488,muscle layer of duodenum,tissue,adult,encode,single,False,1.4443985223770142,OutputType.CHIP_HISTONE,,H3K4me1,
1093,UBERON:0012488 Histone ChIP-seq H3K4me3,.,Histone ChIP-seq,UBERON:0012488,muscle layer of duodenum,tissue,adult,encode,single,False,0.8497915267944336,OutputType.CHIP_HISTONE,,H3K4me3,
1094,UBERON:0012488 Histone ChIP-seq H3K9me3,.,Histone ChIP-seq,UBERON:0012488,muscle layer of duodenum,tissue,adult,encode,single,False,1.749129295349121,OutputType.CHIP_HISTONE,,H3K9me3,
1095,UBERON:0012489 Histone ChIP-seq H3K27ac,.,Histone ChIP-seq,UBERON:0012489,muscle layer of colon,tissue,adult,encode,single,False,1.6868175268173218,OutputType.CHIP_HISTONE,,H3K27ac,
1096,UBERON:0012489 Histone ChIP-seq H3K36me3,.,Histone ChIP-seq,UBERON:0012489,muscle layer of colon,tissue,adult,encode,single,False,0.9592627882957458,OutputType.CHIP_HISTONE,,H3K36me3,
1097,UBERON:0012489 Histone ChIP-seq H3K4me1,.,Histone ChIP-seq,UBERON:0012489,muscle layer of colon,tissue,adult,encode,single,False,0.9385117888450623,OutputType.CHIP_HISTONE,,H3K4me1,
1098,UBERON:0012489 Histone ChIP-seq H3K4me3,.,Histone ChIP-seq,UBERON:0012489,muscle layer of colon,tissue,adult,encode,single,False,0.8421162962913513,OutputType.CHIP_HISTONE,,H3K4me3,
1099,UBERON:0012489 Histone ChIP-seq H3K9ac,.,Histone ChIP-seq,UBERON:0012489,muscle layer of colon,tissue,adult,encode,single,False,0.8927491307258606,OutputType.CHIP_HISTONE,,H3K9ac,
1100,UBERON:0014455 Histone ChIP-seq H3K27ac,.,Histone ChIP-seq,UBERON:0014455,subcutaneous abdominal adipose tissue,tissue,adult,encode,single,False,1.372426986694336,OutputType.CHIP_HISTONE,,H3K27ac,
1101,UBERON:0014455 Histone ChIP-seq H3K27me3,.,Histone ChIP-seq,UBERON:0014455,subcutaneous abdominal adipose tissue,tissue,adult,encode,single,False,0.7572541832923889,OutputType.CHIP_HISTONE,,H3K27me3,
1102,UBERON:0014455 Histone ChIP-seq H3K36me3,.,Histone ChIP-seq,UBERON:0014455,subcutaneous abdominal adipose tissue,tissue,adult,encode,single,False,0.7747286558151245,OutputType.CHIP_HISTONE,,H3K36me3,
1103,UBERON:0014455 Histone ChIP-seq H3K4me1,.,Histone ChIP-seq,UBERON:0014455,subcutaneous abdominal adipose tissue,tissue,adult,encode,single,False,0.8434963822364807,OutputType.CHIP_HISTONE,,H3K4me1,
1104,UBERON:0014455 Histone ChIP-seq H3K4me3,.,Histone ChIP-seq,UBERON:0014455,subcutaneous abdominal adipose tissue,tissue,adult,encode,single,False,0.7925373911857605,OutputType.CHIP_HISTONE,,H3K4me3,
1105,UBERON:0014455 Histone ChIP-seq H3K9ac,.,Histone ChIP-seq,UBERON:0014455,subcutaneous abdominal adipose tissue,tissue,adult,encode,single,False,0.7789035439491272,OutputType.CHIP_HISTONE,,H3K9ac,
1106,UBERON:0014455 Histone ChIP-seq H3K9me3,.,Histone ChIP-seq,UBERON:0014455,subcutaneous abdominal adipose tissue,tissue,adult,encode,single,False,0.8017343878746033,OutputType.CHIP_HISTONE,,H3K9me3,
1107,UBERON:0018112 Histone ChIP-seq H3K27ac,.,Histone ChIP-seq,UBERON:0018112,rectal smooth muscle tissue,tissue,adult,encode,single,False,1.4903203248977661,OutputType.CHIP_HISTONE,,H3K27ac,
1108,UBERON:0018112 Histone ChIP-seq H3K36me3,.,Histone ChIP-seq,UBERON:0018112,rectal smooth muscle tissue,tissue,adult,encode,single,False,1.1542083024978638,OutputType.CHIP_HISTONE,,H3K36me3,
1109,UBERON:0018112 Histone ChIP-seq H3K4me1,.,Histone ChIP-seq,UBERON:0018112,rectal smooth muscle tissue,tissue,adult,encode,single,False,0.9858405590057373,OutputType.CHIP_HISTONE,,H3K4me1,
1110,UBERON:0018112 Histone ChIP-seq H3K4me3,.,Histone ChIP-seq,UBERON:0018112,rectal smooth muscle tissue,tissue,adult,encode,single,False,1.2279937267303467,OutputType.CHIP_HISTONE,,H3K4me3,
1111,UBERON:0036149 Histone ChIP-seq H3K27ac,.,Histone ChIP-seq,UBERON:0036149,suprapubic skin,tissue,adult,encode,single,False,0.8285009860992432,OutputType.CHIP_HISTONE,,H3K27ac,
1112,UBERON:0036149 Histone ChIP-seq H3K27me3,.,Histone ChIP-seq,UBERON:0036149,suprapubic skin,tissue,adult,encode,single,False,0.8321241736412048,OutputType.CHIP_HISTONE,,H3K27me3,
1113,UBERON:0036149 Histone ChIP-seq H3K36me3,.,Histone ChIP-seq,UBERON:0036149,suprapubic skin,tissue,adult,encode,single,False,0.8314632773399353,OutputType.CHIP_HISTONE,,H3K36me3,
1114,UBERON:0036149 Histone ChIP-seq H3K4me1,.,Histone ChIP-seq,UBERON:0036149,suprapubic skin,tissue,adult,encode,single,False,0.8719038963317871,OutputType.CHIP_HISTONE,,H3K4me1,
1115,UBERON:0036149 Histone ChIP-seq H3K4me3,.,Histone ChIP-seq,UBERON:0036149,suprapubic skin,tissue,adult,encode,single,False,0.9653574824333191,OutputType.CHIP_HISTONE,,H3K4me3,
0,CL:0000062 TF ChIP-seq CTCF,.,TF ChIP-seq,CL:0000062,osteoblast,primary_cell,unknown,encode,single,False,1.4646735191345215,OutputType.CHIP_TF,,,CTCF
1,CL:0000115 TF ChIP-seq CTCF,.,TF ChIP-seq,CL:0000115,endothelial cell,in_vitro_differentiated_cells,adult,encode,single,False,0.8410728573799133,OutputType.CHIP_TF,,,CTCF
2,CL:0000127 TF ChIP-seq CTCF,.,TF ChIP-seq,CL:0000127,astrocyte,primary_cell,unknown,encode,single,False,1.3933230638504028,OutputType.CHIP_TF,,,CTCF
3,CL:0000127 TF ChIP-seq EZH2,.,TF ChIP-seq,CL:0000127,astrocyte,primary_cell,unknown,encode,single,False,0.9597448110580444,OutputType.CHIP_TF,,,EZH2
4,CL:0000137 TF ChIP-seq CTCF,.,TF ChIP-seq,CL:0000137,osteocyte,in_vitro_differentiated_cells,embryonic,encode,single,False,0.8397707939147949,OutputType.CHIP_TF,,,CTCF
5,CL:0000138 TF ChIP-seq CTCF,.,TF ChIP-seq,CL:0000138,chondrocyte,in_vitro_differentiated_cells,embryonic,encode,single,False,0.890338122844696,OutputType.CHIP_TF,,,CTCF
6,CL:0000169 TF ChIP-seq CTCF,.,TF ChIP-seq,CL:0000169,type B pancreatic cell,in_vitro_differentiated_cells,embryonic,encode,single,False,0.8720378875732422,OutputType.CHIP_TF,,,CTCF
7,CL:0000182 TF ChIP-seq EZH2,.,TF ChIP-seq,CL:0000182,hepatocyte,in_vitro_differentiated_cells,embryonic,encode,single,False,0.8334417343139648,OutputType.CHIP_TF,,,EZH2
8,CL:0000223 TF ChIP-seq CTCF,.,TF ChIP-seq,CL:0000223,endodermal cell,in_vitro_differentiated_cells,embryonic,encode,single,False,0.8123546838760376,OutputType.CHIP_TF,,,CTCF
9,CL:0000236 TF ChIP-seq CTCF,.,TF ChIP-seq,CL:0000236,B cell,primary_cell,adult,encode,single,False,0.8002703189849854,OutputType.CHIP_TF,,,CTCF
10,CL:0000312 TF ChIP-seq CTCF,.,TF ChIP-seq,CL:0000312,keratinocyte,primary_cell,unknown,encode,single,False,1.284648060798645,OutputType.CHIP_TF,,,CTCF
11,CL:0000312 TF ChIP-seq EZH2,.,TF ChIP-seq,CL:0000312,keratinocyte,primary_cell,unknown,encode,single,False,0.9830278158187866,OutputType.CHIP_TF,,,EZH2
12,CL:0000515 TF ChIP-seq CTCF,.,TF ChIP-seq,CL:0000515,skeletal muscle myoblast,primary_cell,adult,encode,single,False,1.5029479265213013,OutputType.CHIP_TF,,,CTCF
13,CL:0000623 TF ChIP-seq CTCF,.,TF ChIP-seq,CL:0000623,natural killer cell,primary_cell,adult,encode,single,False,0.7805054783821106,OutputType.CHIP_TF,,,CTCF
14,CL:0000624 TF ChIP-seq CTCF,.,TF ChIP-seq,CL:0000624,"CD4-positive, alpha-beta T cell",primary_cell,adult,encode,single,False,0.7936105728149414,OutputType.CHIP_TF,,,CTCF
15,CL:0000625 TF ChIP-seq CTCF,.,TF ChIP-seq,CL:0000625,"CD8-positive, alpha-beta T cell",primary_cell,adult,encode,single,False,0.7929967045783997,OutputType.CHIP_TF,,,CTCF
16,CL:0000679 TF ChIP-seq CTCF,.,TF ChIP-seq,CL:0000679,glutamatergic neuron,in_vitro_differentiated_cells,adult,encode,single,False,0.7829425930976868,OutputType.CHIP_TF,,,CTCF
17,"CL:0000679 TF ChIP-seq EGR1 male adult (30 years) genetically modified (insertion) using CRISPR targeting H. sapiens EGR1, genetically modified (insertion) using TALEN inserting M. musculus Neurog2",.,TF ChIP-seq,CL:0000679,glutamatergic neuron,in_vitro_differentiated_cells,unknown,encode,paired,True,0.8382269144058228,OutputType.CHIP_TF,,,EGR1
18,"CL:0000679 TF ChIP-seq FOSL1 male adult (30 years) genetically modified (insertion) using CRISPR targeting H. sapiens FOSL1, genetically modified (insertion) using TALEN inserting M. musculus Neurog2",.,TF ChIP-seq,CL:0000679,glutamatergic neuron,in_vitro_differentiated_cells,unknown,encode,paired,True,0.8304189443588257,OutputType.CHIP_TF,,,FOSL1
19,"CL:0000679 TF ChIP-seq ID3 male adult (30 years) genetically modified (insertion) using CRISPR targeting H. sapiens ID3, genetically modified (insertion) using TALEN inserting M. musculus Neurog2",.,TF ChIP-seq,CL:0000679,glutamatergic neuron,in_vitro_differentiated_cells,unknown,encode,paired,True,0.804589033126831,OutputType.CHIP_TF,,,ID3
20,"CL:0000679 TF ChIP-seq TOX4 male adult (30 years) genetically modified (insertion) using CRISPR targeting H. sapiens TOX4, genetically modified (insertion) using TALEN inserting M. musculus Neurog2",.,TF ChIP-seq,CL:0000679,glutamatergic neuron,in_vitro_differentiated_cells,unknown,encode,paired,True,0.8099984526634216,OutputType.CHIP_TF,,,TOX4
21,CL:0000706 TF ChIP-seq CTCF,.,TF ChIP-seq,CL:0000706,choroid plexus epithelial cell,primary_cell,unknown,encode,single,False,1.1716891527175903,OutputType.CHIP_TF,,,CTCF
22,CL:0000746 TF ChIP-seq CTCF,.,TF ChIP-seq,CL:0000746,cardiac muscle cell,primary_cell,unknown,encode,single,False,1.1875473260879517,OutputType.CHIP_TF,,,CTCF
23,CL:0000765 TF ChIP-seq POLR2A,.,TF ChIP-seq,CL:0000765,erythroblast,primary_cell,unknown,encode,single,False,0.7051907181739807,OutputType.CHIP_TF,,,POLR2A
24,CL:0000775 TF ChIP-seq CTCF,.,TF ChIP-seq,CL:0000775,neutrophil,primary_cell,unknown,encode,single,False,0.8925449848175049,OutputType.CHIP_TF,,,CTCF
25,CL:0001054 TF ChIP-seq CTCF,.,TF ChIP-seq,CL:0001054,CD14-positive monocyte,primary_cell,adult,encode,single,False,0.818491518497467,OutputType.CHIP_TF,,,CTCF
26,CL:0002231 TF ChIP-seq CTCF,.,TF ChIP-seq,CL:0002231,epithelial cell of prostate,primary_cell,unknown,encode,paired,False,0.8511254787445068,OutputType.CHIP_TF,,,CTCF
27,CL:0002306 TF ChIP-seq CTCF,.,TF ChIP-seq,CL:0002306,epithelial cell of proximal tubule,primary_cell,unknown,encode,single,False,1.1598252058029175,OutputType.CHIP_TF,,,CTCF
28,CL:0002319 TF ChIP-seq CTCF,.,TF ChIP-seq,CL:0002319,neural cell,in_vitro_differentiated_cells,embryonic,encode,paired,False,0.749674916267395,OutputType.CHIP_TF,,,CTCF
29,CL:0002319 TF ChIP-seq POLR2AphosphoS5,.,TF ChIP-seq,CL:0002319,neural cell,in_vitro_differentiated_cells,embryonic,encode,single,False,1.1463578939437866,OutputType.CHIP_TF,,,POLR2AphosphoS5
30,CL:0002319 TF ChIP-seq RAD21,.,TF ChIP-seq,CL:0002319,neural cell,in_vitro_differentiated_cells,embryonic,encode,paired,False,0.7380885481834412,OutputType.CHIP_TF,,,RAD21
31,CL:0002319 TF ChIP-seq REST,.,TF ChIP-seq,CL:0002319,neural cell,in_vitro_differentiated_cells,embryonic,encode,single,False,0.9162198305130005,OutputType.CHIP_TF,,,REST
32,CL:0002319 TF ChIP-seq TAF1,.,TF ChIP-seq,CL:0002319,neural cell,in_vitro_differentiated_cells,embryonic,encode,single,False,1.1392011642456055,OutputType.CHIP_TF,,,TAF1
33,CL:0002327 TF ChIP-seq CTCF,.,TF ChIP-seq,CL:0002327,mammary epithelial cell,primary_cell,unknown,encode,single,False,1.2450836896896362,OutputType.CHIP_TF,,,CTCF
34,CL:0002327 TF ChIP-seq EZH2,.,TF ChIP-seq,CL:0002327,mammary epithelial cell,primary_cell,adult,encode,single,False,0.8944395780563354,OutputType.CHIP_TF,,,EZH2
35,CL:0002328 TF ChIP-seq CTCF,.,TF ChIP-seq,CL:0002328,bronchial epithelial cell,primary_cell,unknown,encode,single,False,3.005260705947876,OutputType.CHIP_TF,,,CTCF
36,CL:0002351 TF ChIP-seq CTCF,.,TF ChIP-seq,CL:0002351,progenitor cell of endocrine pancreas,in_vitro_differentiated_cells,embryonic,encode,single,False,1.2307456731796265,OutputType.CHIP_TF,,,CTCF
37,CL:0002518 TF ChIP-seq CTCF,.,TF ChIP-seq,CL:0002518,kidney epithelial cell,primary_cell,unknown,encode,single,False,2.4211244583129883,OutputType.CHIP_TF,,,CTCF
38,CL:0002547 TF ChIP-seq CTCF,.,TF ChIP-seq,CL:0002547,fibroblast of the aortic adventitia,primary_cell,unknown,encode,single,False,1.274598240852356,OutputType.CHIP_TF,,,CTCF
39,CL:0002548 TF ChIP-seq CTCF,.,TF ChIP-seq,CL:0002548,cardiac fibroblast,primary_cell,adult,encode,single,False,1.8718514442443848,OutputType.CHIP_TF,,,CTCF
40,CL:0002551 TF ChIP-seq CTCF,.,TF ChIP-seq,CL:0002551,fibroblast of dermis,primary_cell,unknown,encode,single,False,1.3799303770065308,OutputType.CHIP_TF,,,CTCF
41,CL:0002553 TF ChIP-seq CTCF,.,TF ChIP-seq,CL:0002553,fibroblast of lung,primary_cell,adult,encode,single,False,1.415972352027893,OutputType.CHIP_TF,,,CTCF
42,CL:0002555 TF ChIP-seq CTCF,.,TF ChIP-seq,CL:0002555,fibroblast of mammary gland,primary_cell,unknown,encode,single,False,1.4035091400146484,OutputType.CHIP_TF,,,CTCF
43,CL:0002557 TF ChIP-seq CTCF,.,TF ChIP-seq,CL:0002557,fibroblast of pulmonary artery,primary_cell,unknown,encode,single,False,1.0201530456542969,OutputType.CHIP_TF,,,CTCF
44,CL:0002558 TF ChIP-seq CTCF,.,TF ChIP-seq,CL:0002558,fibroblast of villous mesenchyme,primary_cell,unknown,encode,single,False,1.4273262023925781,OutputType.CHIP_TF,,,CTCF
45,CL:0002586 TF ChIP-seq CTCF,.,TF ChIP-seq,CL:0002586,retinal pigment epithelial cell,primary_cell,unknown,encode,single,False,1.1003386974334717,OutputType.CHIP_TF,,,CTCF
46,CL:0002606 TF ChIP-seq CTCF,.,TF ChIP-seq,CL:0002606,astrocyte of the spinal cord,primary_cell,unknown,encode,single,False,1.3928760290145874,OutputType.CHIP_TF,,,CTCF
47,CL:0002618 TF ChIP-seq CTCF,.,TF ChIP-seq,CL:0002618,endothelial cell of umbilical vein,primary_cell,newborn,encode,single,False,1.7536685466766357,OutputType.CHIP_TF,,,CTCF
48,CL:0002618 TF ChIP-seq FOS,.,TF ChIP-seq,CL:0002618,endothelial cell of umbilical vein,primary_cell,newborn,encode,single,False,0.8669484257698059,OutputType.CHIP_TF,,,FOS
49,CL:0002618 TF ChIP-seq GATA2,.,TF ChIP-seq,CL:0002618,endothelial cell of umbilical vein,primary_cell,newborn,encode,single,False,0.906671404838562,OutputType.CHIP_TF,,,GATA2
50,CL:0002618 TF ChIP-seq JUN,.,TF ChIP-seq,CL:0002618,endothelial cell of umbilical vein,primary_cell,newborn,encode,single,False,1.0919190645217896,OutputType.CHIP_TF,,,JUN
51,CL:0002618 TF ChIP-seq MAX,.,TF ChIP-seq,CL:0002618,endothelial cell of umbilical vein,primary_cell,newborn,encode,single,False,1.7286514043807983,OutputType.CHIP_TF,,,MAX
52,CL:0002618 TF ChIP-seq MYC,.,TF ChIP-seq,CL:0002618,endothelial cell of umbilical vein,primary_cell,newborn,encode,single,False,3.5041909217834473,OutputType.CHIP_TF,,,MYC
53,CL:0002618 TF ChIP-seq POLR2A,.,TF ChIP-seq,CL:0002618,endothelial cell of umbilical vein,primary_cell,newborn,encode,single,False,0.8315737843513489,OutputType.CHIP_TF,,,POLR2A
54,CL:0002618 TF ChIP-seq POLR2AphosphoS5,.,TF ChIP-seq,CL:0002618,endothelial cell of umbilical vein,primary_cell,newborn,encode,single,False,1.443261742591858,OutputType.CHIP_TF,,,POLR2AphosphoS5
55,CL:0011012 TF ChIP-seq CTCF,.,TF ChIP-seq,CL:0011012,neural crest cell,in_vitro_differentiated_cells,embryonic,encode,single,False,0.81313556432724,OutputType.CHIP_TF,,,CTCF
56,CL:0011019 TF ChIP-seq CTCF,.,TF ChIP-seq,CL:0011019,mesothelial cell of epicardium,in_vitro_differentiated_cells,embryonic,encode,single,False,0.8631079792976379,OutputType.CHIP_TF,,,CTCF
57,CL:0011020 TF ChIP-seq CTCF,.,TF ChIP-seq,CL:0011020,neural progenitor cell,in_vitro_differentiated_cells,embryonic,encode,single,False,0.7950738668441772,OutputType.CHIP_TF,,,CTCF
58,CL:0011020 TF ChIP-seq EZH2,.,TF ChIP-seq,CL:0011020,neural progenitor cell,in_vitro_differentiated_cells,embryonic,encode,single,False,0.8302525281906128,OutputType.CHIP_TF,,,EZH2
59,CL:0011020 TF ChIP-seq EZH2phosphoT487,.,TF ChIP-seq,CL:0011020,neural progenitor cell,in_vitro_differentiated_cells,embryonic,encode,single,False,0.8300772309303284,OutputType.CHIP_TF,,,EZH2phosphoT487
60,CL:1001606 TF ChIP-seq CTCF,.,TF ChIP-seq,CL:1001606,foreskin keratinocyte,primary_cell,newborn,encode,paired,False,0.7444242238998413,OutputType.CHIP_TF,,,CTCF
61,CL:1001608 TF ChIP-seq CTCF,.,TF ChIP-seq,CL:1001608,foreskin fibroblast,primary_cell,newborn,encode,single,False,2.1409077644348145,OutputType.CHIP_TF,,,CTCF
62,CL:2000044 TF ChIP-seq CTCF,.,TF ChIP-seq,CL:2000044,brain microvascular endothelial cell,primary_cell,unknown,encode,single,False,1.4515867233276367,OutputType.CHIP_TF,,,CTCF
63,CLO:0021511 TF ChIP-seq CTCF,.,TF ChIP-seq,CLO:0021511,AG10803,cell_line,adult,encode,single,False,0.9827740788459778,OutputType.CHIP_TF,,,CTCF
64,CLO:0021752 TF ChIP-seq CTCF,.,TF ChIP-seq,CLO:0021752,AG09309,cell_line,adult,encode,single,False,1.4461826086044312,OutputType.CHIP_TF,,,CTCF
65,CLO:0021754 TF ChIP-seq CTCF,.,TF ChIP-seq,CLO:0021754,AG09319,cell_line,adult,encode,single,False,1.1511443853378296,OutputType.CHIP_TF,,,CTCF
66,CLO:0034837 TF ChIP-seq CTCF,.,TF ChIP-seq,CLO:0034837,AG04449,cell_line,embryonic,encode,single,False,1.4299365282058716,OutputType.CHIP_TF,,,CTCF
67,EFO:0001086 TF ChIP-seq BCL3,.,TF ChIP-seq,EFO:0001086,A549,cell_line,adult,encode,single,False,0.802237331867218,OutputType.CHIP_TF,,,BCL3
68,EFO:0001086 TF ChIP-seq CEBPB,.,TF ChIP-seq,EFO:0001086,A549,cell_line,adult,encode,single,False,0.7535275816917419,OutputType.CHIP_TF,,,CEBPB
69,EFO:0001086 TF ChIP-seq CTCF,.,TF ChIP-seq,EFO:0001086,A549,cell_line,adult,encode,single,False,0.7353132963180542,OutputType.CHIP_TF,,,CTCF
70,EFO:0001086 TF ChIP-seq E2F6,.,TF ChIP-seq,EFO:0001086,A549,cell_line,adult,encode,single,False,0.9695870876312256,OutputType.CHIP_TF,,,E2F6
71,EFO:0001086 TF ChIP-seq EP300,.,TF ChIP-seq,EFO:0001086,A549,cell_line,adult,encode,single,False,0.8210097551345825,OutputType.CHIP_TF,,,EP300
72,EFO:0001086 TF ChIP-seq FOSL2,.,TF ChIP-seq,EFO:0001086,A549,cell_line,adult,encode,single,False,0.8825715184211731,OutputType.CHIP_TF,,,FOSL2
73,EFO:0001086 TF ChIP-seq FOSL2 genetically modified (insertion) using CRISPR targeting H. sapiens FOSL2,.,TF ChIP-seq,EFO:0001086,A549,cell_line,adult,encode,paired,True,0.735476016998291,OutputType.CHIP_TF,,,FOSL2
74,EFO:0001086 TF ChIP-seq FOXF2 genetically modified (insertion) using CRISPR targeting H. sapiens FOXF2,.,TF ChIP-seq,EFO:0001086,A549,cell_line,adult,encode,paired,True,0.7445882558822632,OutputType.CHIP_TF,,,FOXF2
75,EFO:0001086 TF ChIP-seq GATA3,.,TF ChIP-seq,EFO:0001086,A549,cell_line,adult,encode,single,False,0.8463173508644104,OutputType.CHIP_TF,,,GATA3
76,EFO:0001086 TF ChIP-seq HOXB5 genetically modified (insertion) using CRISPR targeting H. sapiens HOXB5,.,TF ChIP-seq,EFO:0001086,A549,cell_line,adult,encode,paired,True,0.7698033452033997,OutputType.CHIP_TF,,,HOXB5
77,EFO:0001086 TF ChIP-seq JUN,.,TF ChIP-seq,EFO:0001086,A549,cell_line,adult,encode,single,False,0.7321662902832031,OutputType.CHIP_TF,,,JUN
78,EFO:0001086 TF ChIP-seq JUNB,.,TF ChIP-seq,EFO:0001086,A549,cell_line,adult,encode,single,False,0.7885547876358032,OutputType.CHIP_TF,,,JUNB
79,EFO:0001086 TF ChIP-seq MAFK,.,TF ChIP-seq,EFO:0001086,A549,cell_line,adult,encode,paired,False,0.7966734170913696,OutputType.CHIP_TF,,,MAFK
80,EFO:0001086 TF ChIP-seq MAX,.,TF ChIP-seq,EFO:0001086,A549,cell_line,adult,encode,single,False,0.885604202747345,OutputType.CHIP_TF,,,MAX
81,EFO:0001086 TF ChIP-seq MYC,.,TF ChIP-seq,EFO:0001086,A549,cell_line,adult,encode,single,False,0.9068970084190369,OutputType.CHIP_TF,,,MYC
82,EFO:0001086 TF ChIP-seq NFE2L2,.,TF ChIP-seq,EFO:0001086,A549,cell_line,adult,encode,single,False,0.9798657298088074,OutputType.CHIP_TF,,,NFE2L2
83,EFO:0001086 TF ChIP-seq NR3C1,.,TF ChIP-seq,EFO:0001086,A549,cell_line,adult,encode,single,False,0.8179261088371277,OutputType.CHIP_TF,,,NR3C1
84,EFO:0001086 TF ChIP-seq NR5A2 genetically modified (insertion) using CRISPR targeting H. sapiens NR5A2,.,TF ChIP-seq,EFO:0001086,A549,cell_line,adult,encode,paired,True,0.7356920838356018,OutputType.CHIP_TF,,,NR5A2
85,EFO:0001086 TF ChIP-seq PBX1 genetically modified (insertion) using CRISPR targeting H. sapiens PBX1,.,TF ChIP-seq,EFO:0001086,A549,cell_line,adult,encode,paired,True,0.7502723932266235,OutputType.CHIP_TF,,,PBX1
86,EFO:0001086 TF ChIP-seq PBX3,.,TF ChIP-seq,EFO:0001086,A549,cell_line,adult,encode,single,False,0.9672203063964844,OutputType.CHIP_TF,,,PBX3
87,EFO:0001086 TF ChIP-seq PHF8,.,TF ChIP-seq,EFO:0001086,A549,cell_line,adult,encode,single,False,0.7930697202682495,OutputType.CHIP_TF,,,PHF8
88,EFO:0001086 TF ChIP-seq POLR2A,.,TF ChIP-seq,EFO:0001086,A549,cell_line,adult,encode,single,False,0.9411997199058533,OutputType.CHIP_TF,,,POLR2A
89,EFO:0001086 TF ChIP-seq POLR2AphosphoS2,.,TF ChIP-seq,EFO:0001086,A549,cell_line,adult,encode,single,False,1.0521565675735474,OutputType.CHIP_TF,,,POLR2AphosphoS2
90,EFO:0001086 TF ChIP-seq PRDM1 genetically modified (insertion) using CRISPR targeting H. sapiens PRDM1,.,TF ChIP-seq,EFO:0001086,A549,cell_line,adult,encode,paired,True,0.746936559677124,OutputType.CHIP_TF,,,PRDM1
91,EFO:0001086 TF ChIP-seq RAD21,.,TF ChIP-seq,EFO:0001086,A549,cell_line,adult,encode,single,False,0.947881281375885,OutputType.CHIP_TF,,,RAD21
92,EFO:0001086 TF ChIP-seq REST,.,TF ChIP-seq,EFO:0001086,A549,cell_line,adult,encode,single,False,0.7862339615821838,OutputType.CHIP_TF,,,REST
93,EFO:0001086 TF ChIP-seq RFX5,.,TF ChIP-seq,EFO:0001086,A549,cell_line,adult,encode,paired,False,0.8062434792518616,OutputType.CHIP_TF,,,RFX5
94,EFO:0001086 TF ChIP-seq SIN3A,.,TF ChIP-seq,EFO:0001086,A549,cell_line,adult,encode,paired,False,0.7901948094367981,OutputType.CHIP_TF,,,SIN3A
95,EFO:0001086 TF ChIP-seq SMC3,.,TF ChIP-seq,EFO:0001086,A549,cell_line,adult,encode,single,False,0.7338576316833496,OutputType.CHIP_TF,,,SMC3
96,EFO:0001086 TF ChIP-seq TEAD4,.,TF ChIP-seq,EFO:0001086,A549,cell_line,adult,encode,single,False,1.038738489151001,OutputType.CHIP_TF,,,TEAD4
97,EFO:0001086 TF ChIP-seq USF2,.,TF ChIP-seq,EFO:0001086,A549,cell_line,adult,encode,paired,False,0.8009481430053711,OutputType.CHIP_TF,,,USF2
98,EFO:0001086 TF ChIP-seq ZFP36,.,TF ChIP-seq,EFO:0001086,A549,cell_line,adult,encode,paired,False,0.8146527409553528,OutputType.CHIP_TF,,,ZFP36
99,EFO:0001086 TF ChIP-seq ZNF624 genetically modified (insertion) using CRISPR targeting H. sapiens ZNF624,.,TF ChIP-seq,EFO:0001086,A549,cell_line,adult,encode,paired,True,0.7597917318344116,OutputType.CHIP_TF,,,ZNF624
100,EFO:0001099 TF ChIP-seq CTCF,.,TF ChIP-seq,EFO:0001099,Caco-2,cell_line,adult,encode,single,False,1.152646780014038,OutputType.CHIP_TF,,,CTCF
101,EFO:0001159 TF ChIP-seq CTCF,.,TF ChIP-seq,EFO:0001159,GM12872,cell_line,unknown,encode,single,False,0.9930903911590576,OutputType.CHIP_TF,,,CTCF
102,EFO:0001160 TF ChIP-seq CTCF,.,TF ChIP-seq,EFO:0001160,GM12873,cell_line,unknown,encode,single,False,1.3824414014816284,OutputType.CHIP_TF,,,CTCF
103,EFO:0001161 TF ChIP-seq CTCF,.,TF ChIP-seq,EFO:0001161,GM12874,cell_line,unknown,encode,single,False,1.883349061012268,OutputType.CHIP_TF,,,CTCF
104,EFO:0001162 TF ChIP-seq CTCF,.,TF ChIP-seq,EFO:0001162,GM12875,cell_line,unknown,encode,single,False,1.8309880495071411,OutputType.CHIP_TF,,,CTCF
105,EFO:0001182 TF ChIP-seq ATF2 genetically modified (insertion) using site-specific recombination targeting H. sapiens ATF2,.,TF ChIP-seq,EFO:0001182,HEK293,cell_line,embryonic,encode,paired,True,0.837831974029541,OutputType.CHIP_TF,,,ATF2
106,EFO:0001182 TF ChIP-seq BCL11A genetically modified (insertion) using site-specific recombination targeting H. sapiens BCL11A,.,TF ChIP-seq,EFO:0001182,HEK293,cell_line,embryonic,encode,paired,True,0.8064991235733032,OutputType.CHIP_TF,,,BCL11A
107,EFO:0001182 TF ChIP-seq BCL11B genetically modified (insertion) using site-specific recombination targeting H. sapiens BCL11B,.,TF ChIP-seq,EFO:0001182,HEK293,cell_line,embryonic,encode,paired,True,0.7877625823020935,OutputType.CHIP_TF,,,BCL11B
108,EFO:0001182 TF ChIP-seq CTCF,.,TF ChIP-seq,EFO:0001182,HEK293,cell_line,embryonic,encode,single,False,1.9868561029434204,OutputType.CHIP_TF,,,CTCF
109,EFO:0001182 TF ChIP-seq CTCF genetically modified (insertion) using site-specific recombination targeting H. sapiens CTCF,.,TF ChIP-seq,EFO:0001182,HEK293,cell_line,embryonic,encode,paired,True,0.7689615488052368,OutputType.CHIP_TF,,,CTCF
110,EFO:0001182 TF ChIP-seq EGR2 genetically modified (insertion) using site-specific recombination targeting H. sapiens EGR2,.,TF ChIP-seq,EFO:0001182,HEK293,cell_line,embryonic,encode,paired,True,0.942099392414093,OutputType.CHIP_TF,,,EGR2
111,EFO:0001182 TF ChIP-seq FEZF1 genetically modified (insertion) using site-specific recombination targeting H. sapiens FEZF1,.,TF ChIP-seq,EFO:0001182,HEK293,cell_line,embryonic,encode,paired,True,0.770540177822113,OutputType.CHIP_TF,,,FEZF1
112,EFO:0001182 TF ChIP-seq GLIS1 genetically modified (insertion) using site-specific recombination targeting H. sapiens GLIS1,.,TF ChIP-seq,EFO:0001182,HEK293,cell_line,embryonic,encode,paired,True,0.7717919945716858,OutputType.CHIP_TF,,,GLIS1
113,EFO:0001182 TF ChIP-seq GLIS2 genetically modified (insertion) using site-specific recombination targeting H. sapiens GLIS2,.,TF ChIP-seq,EFO:0001182,HEK293,cell_line,embryonic,encode,paired,True,0.7625502943992615,OutputType.CHIP_TF,,,GLIS2
114,EFO:0001182 TF ChIP-seq HIC1 genetically modified (insertion) using site-specific recombination targeting H. sapiens HIC1,.,TF ChIP-seq,EFO:0001182,HEK293,cell_line,embryonic,encode,paired,True,0.762137234210968,OutputType.CHIP_TF,,,HIC1
115,EFO:0001182 TF ChIP-seq HOXB7 genetically modified (insertion) using CRISPR targeting H. sapiens HOXB7,.,TF ChIP-seq,EFO:0001182,HEK293,cell_line,embryonic,encode,single,True,1.2918630838394165,OutputType.CHIP_TF,,,HOXB7
116,EFO:0001182 TF ChIP-seq IKZF3 genetically modified (insertion) using site-specific recombination targeting H. sapiens IKZF3,.,TF ChIP-seq,EFO:0001182,HEK293,cell_line,embryonic,encode,paired,True,0.7938698530197144,OutputType.CHIP_TF,,,IKZF3
117,EFO:0001182 TF ChIP-seq INSM2 genetically modified (insertion) using site-specific recombination targeting H. sapiens INSM2,.,TF ChIP-seq,EFO:0001182,HEK293,cell_line,embryonic,encode,paired,True,0.7724045515060425,OutputType.CHIP_TF,,,INSM2
118,EFO:0001182 TF ChIP-seq KLF1 genetically modified (insertion) using site-specific recombination targeting H. sapiens KLF1,.,TF ChIP-seq,EFO:0001182,HEK293,cell_line,embryonic,encode,paired,True,0.7646961212158203,OutputType.CHIP_TF,,,KLF1
119,EFO:0001182 TF ChIP-seq KLF10 genetically modified (insertion) using site-specific recombination targeting H. sapiens KLF10,.,TF ChIP-seq,EFO:0001182,HEK293,cell_line,embryonic,encode,paired,True,0.7773643136024475,OutputType.CHIP_TF,,,KLF10
120,EFO:0001182 TF ChIP-seq KLF16 genetically modified (insertion) using site-specific recombination targeting H. sapiens KLF16,.,TF ChIP-seq,EFO:0001182,HEK293,cell_line,embryonic,encode,paired,True,0.778775155544281,OutputType.CHIP_TF,,,KLF16
121,EFO:0001182 TF ChIP-seq KLF17 genetically modified (insertion) using site-specific recombination targeting H. sapiens KLF17,.,TF ChIP-seq,EFO:0001182,HEK293,cell_line,embryonic,encode,paired,True,0.7642236351966858,OutputType.CHIP_TF,,,KLF17
122,EFO:0001182 TF ChIP-seq KLF7 genetically modified (insertion) using site-specific recombination targeting H. sapiens KLF7,.,TF ChIP-seq,EFO:0001182,HEK293,cell_line,embryonic,encode,paired,True,0.7775574326515198,OutputType.CHIP_TF,,,KLF7
123,EFO:0001182 TF ChIP-seq KLF8 genetically modified (insertion) using site-specific recombination targeting H. sapiens KLF8,.,TF ChIP-seq,EFO:0001182,HEK293,cell_line,embryonic,encode,paired,True,0.7804300785064697,OutputType.CHIP_TF,,,KLF8
124,EFO:0001182 TF ChIP-seq KLF9 genetically modified (insertion) using site-specific recombination targeting H. sapiens KLF9,.,TF ChIP-seq,EFO:0001182,HEK293,cell_line,embryonic,encode,paired,True,0.7762227058410645,OutputType.CHIP_TF,,,KLF9
125,EFO:0001182 TF ChIP-seq MAZ genetically modified (insertion) using site-specific recombination targeting H. sapiens MAZ,.,TF ChIP-seq,EFO:0001182,HEK293,cell_line,embryonic,encode,paired,True,0.7620867490768433,OutputType.CHIP_TF,,,MAZ
126,EFO:0001182 TF ChIP-seq MZF1 genetically modified (insertion) using site-specific recombination targeting H. sapiens MZF1,.,TF ChIP-seq,EFO:0001182,HEK293,cell_line,embryonic,encode,paired,True,0.7765515446662903,OutputType.CHIP_TF,,,MZF1
127,EFO:0001182 TF ChIP-seq OSR2 genetically modified (insertion) using site-specific recombination targeting H. sapiens OSR2,.,TF ChIP-seq,EFO:0001182,HEK293,cell_line,embryonic,encode,paired,True,0.7826107740402222,OutputType.CHIP_TF,,,OSR2
128,EFO:0001182 TF ChIP-seq PATZ1 genetically modified (insertion) using site-specific recombination targeting H. sapiens PATZ1,.,TF ChIP-seq,EFO:0001182,HEK293,cell_line,embryonic,encode,paired,True,0.748282253742218,OutputType.CHIP_TF,,,PATZ1
129,EFO:0001182 TF ChIP-seq PBX3 genetically modified (insertion) using CRISPR targeting H. sapiens PBX3,.,TF ChIP-seq,EFO:0001182,HEK293,cell_line,embryonic,encode,single,True,0.9701140522956848,OutputType.CHIP_TF,,,PBX3
130,EFO:0001182 TF ChIP-seq PRDM1 genetically modified (insertion) using site-specific recombination targeting H. sapiens PRDM1,.,TF ChIP-seq,EFO:0001182,HEK293,cell_line,embryonic,encode,paired,True,0.7565638422966003,OutputType.CHIP_TF,,,PRDM1
131,EFO:0001182 TF ChIP-seq PRDM10 genetically modified (insertion) using site-specific recombination targeting H. sapiens PRDM10,.,TF ChIP-seq,EFO:0001182,HEK293,cell_line,embryonic,encode,paired,True,0.7495290637016296,OutputType.CHIP_TF,,,PRDM10
132,EFO:0001182 TF ChIP-seq PRDM4 genetically modified (insertion) using site-specific recombination targeting H. sapiens PRDM4,.,TF ChIP-seq,EFO:0001182,HEK293,cell_line,embryonic,encode,paired,True,0.7826750874519348,OutputType.CHIP_TF,,,PRDM4
133,EFO:0001182 TF ChIP-seq PRDM6 genetically modified (insertion) using site-specific recombination targeting H. sapiens PRDM6,.,TF ChIP-seq,EFO:0001182,HEK293,cell_line,embryonic,encode,paired,True,0.8096958994865417,OutputType.CHIP_TF,,,PRDM6
134,EFO:0001182 TF ChIP-seq REST genetically modified (insertion) using site-specific recombination targeting H. sapiens REST,.,TF ChIP-seq,EFO:0001182,HEK293,cell_line,embryonic,encode,paired,True,0.7782301306724548,OutputType.CHIP_TF,,,REST
135,EFO:0001182 TF ChIP-seq SCRT1 genetically modified (insertion) using site-specific recombination targeting H. sapiens SCRT1,.,TF ChIP-seq,EFO:0001182,HEK293,cell_line,embryonic,encode,paired,True,0.7717620730400085,OutputType.CHIP_TF,,,SCRT1
136,EFO:0001182 TF ChIP-seq SCRT2 genetically modified (insertion) using site-specific recombination targeting H. sapiens SCRT2,.,TF ChIP-seq,EFO:0001182,HEK293,cell_line,embryonic,encode,paired,True,0.7433635592460632,OutputType.CHIP_TF,,,SCRT2
137,EFO:0001182 TF ChIP-seq SETDB1,.,TF ChIP-seq,EFO:0001182,HEK293,cell_line,embryonic,encode,single,False,0.8838952779769897,OutputType.CHIP_TF,,,SETDB1
138,EFO:0001182 TF ChIP-seq SP2 genetically modified (insertion) using site-specific recombination targeting H. sapiens SP2,.,TF ChIP-seq,EFO:0001182,HEK293,cell_line,embryonic,encode,paired,True,0.7322329878807068,OutputType.CHIP_TF,,,SP2
139,EFO:0001182 TF ChIP-seq SP3 genetically modified (insertion) using site-specific recombination targeting H. sapiens SP3,.,TF ChIP-seq,EFO:0001182,HEK293,cell_line,embryonic,encode,paired,True,0.7650193572044373,OutputType.CHIP_TF,,,SP3
140,EFO:0001182 TF ChIP-seq SP7 genetically modified (insertion) using site-specific recombination targeting H. sapiens SP7,.,TF ChIP-seq,EFO:0001182,HEK293,cell_line,embryonic,encode,paired,True,0.7388457655906677,OutputType.CHIP_TF,,,SP7
141,EFO:0001182 TF ChIP-seq TCF7L2,.,TF ChIP-seq,EFO:0001182,HEK293,cell_line,embryonic,encode,single,False,0.8792089223861694,OutputType.CHIP_TF,,,TCF7L2
142,EFO:0001182 TF ChIP-seq TRIM28,.,TF ChIP-seq,EFO:0001182,HEK293,cell_line,embryonic,encode,single,False,0.7131395936012268,OutputType.CHIP_TF,,,TRIM28
143,EFO:0001182 TF ChIP-seq WT1 genetically modified (insertion) using site-specific recombination targeting H. sapiens WT1,.,TF ChIP-seq,EFO:0001182,HEK293,cell_line,embryonic,encode,paired,True,0.7709176540374756,OutputType.CHIP_TF,,,WT1
144,EFO:0001182 TF ChIP-seq YY1 genetically modified (insertion) using site-specific recombination targeting H. sapiens YY1,.,TF ChIP-seq,EFO:0001182,HEK293,cell_line,embryonic,encode,paired,True,0.7788075804710388,OutputType.CHIP_TF,,,YY1
145,EFO:0001182 TF ChIP-seq YY2 genetically modified (insertion) using site-specific recombination targeting H. sapiens YY2,.,TF ChIP-seq,EFO:0001182,HEK293,cell_line,embryonic,encode,paired,True,0.7768064141273499,OutputType.CHIP_TF,,,YY2
146,EFO:0001182 TF ChIP-seq ZBTB10 genetically modified (insertion) using site-specific recombination targeting H. sapiens ZBTB10,.,TF ChIP-seq,EFO:0001182,HEK293,cell_line,embryonic,encode,paired,True,0.7738956809043884,OutputType.CHIP_TF,,,ZBTB10
147,EFO:0001182 TF ChIP-seq ZBTB11 genetically modified (insertion) using site-specific recombination targeting H. sapiens ZBTB11,.,TF ChIP-seq,EFO:0001182,HEK293,cell_line,embryonic,encode,paired,True,0.7706739902496338,OutputType.CHIP_TF,,,ZBTB11
148,EFO:0001182 TF ChIP-seq ZBTB12 genetically modified (insertion) using site-specific recombination targeting H. sapiens ZBTB12,.,TF ChIP-seq,EFO:0001182,HEK293,cell_line,embryonic,encode,paired,True,0.8083616495132446,OutputType.CHIP_TF,,,ZBTB12
149,EFO:0001182 TF ChIP-seq ZBTB17 genetically modified (insertion) using site-specific recombination targeting H. sapiens ZBTB17,.,TF ChIP-seq,EFO:0001182,HEK293,cell_line,embryonic,encode,paired,True,0.7136586904525757,OutputType.CHIP_TF,,,ZBTB17
150,EFO:0001182 TF ChIP-seq ZBTB20 genetically modified (insertion) using site-specific recombination targeting H. sapiens ZBTB20,.,TF ChIP-seq,EFO:0001182,HEK293,cell_line,embryonic,encode,paired,True,0.7374602556228638,OutputType.CHIP_TF,,,ZBTB20
151,EFO:0001182 TF ChIP-seq ZBTB21 genetically modified (insertion) using site-specific recombination targeting H. sapiens ZBTB21,.,TF ChIP-seq,EFO:0001182,HEK293,cell_line,embryonic,encode,paired,True,0.7684542536735535,OutputType.CHIP_TF,,,ZBTB21
152,EFO:0001182 TF ChIP-seq ZBTB26 genetically modified (insertion) using site-specific recombination targeting H. sapiens ZBTB26,.,TF ChIP-seq,EFO:0001182,HEK293,cell_line,embryonic,encode,paired,True,0.7079533338546753,OutputType.CHIP_TF,,,ZBTB26
153,EFO:0001182 TF ChIP-seq ZBTB44 genetically modified (insertion) using site-specific recombination targeting H. sapiens ZBTB44,.,TF ChIP-seq,EFO:0001182,HEK293,cell_line,embryonic,encode,paired,True,0.8045327067375183,OutputType.CHIP_TF,,,ZBTB44
154,EFO:0001182 TF ChIP-seq ZBTB48 genetically modified (insertion) using site-specific recombination targeting H. sapiens ZBTB48,.,TF ChIP-seq,EFO:0001182,HEK293,cell_line,embryonic,encode,paired,True,0.7695119976997375,OutputType.CHIP_TF,,,ZBTB48
155,EFO:0001182 TF ChIP-seq ZBTB6 genetically modified (insertion) using site-specific recombination targeting H. sapiens ZBTB6,.,TF ChIP-seq,EFO:0001182,HEK293,cell_line,embryonic,encode,paired,True,0.8042390942573547,OutputType.CHIP_TF,,,ZBTB6
156,EFO:0001182 TF ChIP-seq ZBTB8A genetically modified (insertion) using site-specific recombination targeting H. sapiens ZBTB8A,.,TF ChIP-seq,EFO:0001182,HEK293,cell_line,embryonic,encode,paired,True,0.7548887133598328,OutputType.CHIP_TF,,,ZBTB8A
157,EFO:0001182 TF ChIP-seq ZEB1 genetically modified (insertion) using site-specific recombination targeting H. sapiens ZEB1,.,TF ChIP-seq,EFO:0001182,HEK293,cell_line,embryonic,encode,paired,True,0.769564151763916,OutputType.CHIP_TF,,,ZEB1
158,EFO:0001182 TF ChIP-seq ZEB2 genetically modified (insertion) using site-specific recombination targeting H. sapiens ZEB2,.,TF ChIP-seq,EFO:0001182,HEK293,cell_line,embryonic,encode,paired,True,0.752129077911377,OutputType.CHIP_TF,,,ZEB2
159,EFO:0001182 TF ChIP-seq ZFHX2 genetically modified (insertion) using site-specific recombination targeting H. sapiens ZFHX2,.,TF ChIP-seq,EFO:0001182,HEK293,cell_line,embryonic,encode,paired,True,0.7410730123519897,OutputType.CHIP_TF,,,ZFHX2
160,EFO:0001182 TF ChIP-seq ZFP37 genetically modified (insertion) using site-specific recombination targeting H. sapiens ZFP37,.,TF ChIP-seq,EFO:0001182,HEK293,cell_line,embryonic,encode,paired,True,0.7604038119316101,OutputType.CHIP_TF,,,ZFP37
161,EFO:0001182 TF ChIP-seq ZFP69B genetically modified (insertion) using site-specific recombination targeting H. sapiens ZFP69B,.,TF ChIP-seq,EFO:0001182,HEK293,cell_line,embryonic,encode,paired,True,0.7733308672904968,OutputType.CHIP_TF,,,ZFP69B
162,EFO:0001182 TF ChIP-seq ZIC2 genetically modified (insertion) using site-specific recombination targeting H. sapiens ZIC2,.,TF ChIP-seq,EFO:0001182,HEK293,cell_line,embryonic,encode,paired,True,0.761533796787262,OutputType.CHIP_TF,,,ZIC2
163,EFO:0001182 TF ChIP-seq ZNF10 genetically modified (insertion) using site-specific recombination targeting H. sapiens ZNF10,.,TF ChIP-seq,EFO:0001182,HEK293,cell_line,embryonic,encode,paired,True,0.7837669253349304,OutputType.CHIP_TF,,,ZNF10
164,EFO:0001182 TF ChIP-seq ZNF121 genetically modified (insertion) using site-specific recombination targeting H. sapiens ZNF121,.,TF ChIP-seq,EFO:0001182,HEK293,cell_line,embryonic,encode,paired,True,0.7637369632720947,OutputType.CHIP_TF,,,ZNF121
165,EFO:0001182 TF ChIP-seq ZNF133 genetically modified (insertion) using site-specific recombination targeting H. sapiens ZNF133,.,TF ChIP-seq,EFO:0001182,HEK293,cell_line,embryonic,encode,paired,True,0.8034995794296265,OutputType.CHIP_TF,,,ZNF133
166,EFO:0001182 TF ChIP-seq ZNF146 genetically modified (insertion) using site-specific recombination targeting H. sapiens ZNF146,.,TF ChIP-seq,EFO:0001182,HEK293,cell_line,embryonic,encode,paired,True,0.7877136468887329,OutputType.CHIP_TF,,,ZNF146
167,EFO:0001182 TF ChIP-seq ZNF157 genetically modified (insertion) using site-specific recombination targeting H. sapiens ZNF157,.,TF ChIP-seq,EFO:0001182,HEK293,cell_line,embryonic,encode,paired,True,0.7927348613739014,OutputType.CHIP_TF,,,ZNF157
168,EFO:0001182 TF ChIP-seq ZNF18 genetically modified (insertion) using site-specific recombination targeting H. sapiens ZNF18,.,TF ChIP-seq,EFO:0001182,HEK293,cell_line,embryonic,encode,paired,True,0.78887939453125,OutputType.CHIP_TF,,,ZNF18
169,EFO:0001182 TF ChIP-seq ZNF189 genetically modified (insertion) using site-specific recombination targeting H. sapiens ZNF189,.,TF ChIP-seq,EFO:0001182,HEK293,cell_line,embryonic,encode,paired,True,0.7442852258682251,OutputType.CHIP_TF,,,ZNF189
170,EFO:0001182 TF ChIP-seq ZNF2 genetically modified (insertion) using site-specific recombination targeting H. sapiens ZNF2,.,TF ChIP-seq,EFO:0001182,HEK293,cell_line,embryonic,encode,paired,True,0.7517942190170288,OutputType.CHIP_TF,,,ZNF2
171,EFO:0001182 TF ChIP-seq ZNF24 genetically modified (insertion) using site-specific recombination targeting H. sapiens ZNF24,.,TF ChIP-seq,EFO:0001182,HEK293,cell_line,embryonic,encode,paired,True,0.7766969799995422,OutputType.CHIP_TF,,,ZNF24
172,EFO:0001182 TF ChIP-seq ZNF263,.,TF ChIP-seq,EFO:0001182,HEK293,cell_line,embryonic,encode,single,False,0.8777823448181152,OutputType.CHIP_TF,,,ZNF263
173,EFO:0001182 TF ChIP-seq ZNF324 genetically modified (insertion) using site-specific recombination targeting H. sapiens ZNF324,.,TF ChIP-seq,EFO:0001182,HEK293,cell_line,embryonic,encode,paired,True,0.7764416337013245,OutputType.CHIP_TF,,,ZNF324
174,EFO:0001182 TF ChIP-seq ZNF335 genetically modified (insertion) using site-specific recombination targeting H. sapiens ZNF335,.,TF ChIP-seq,EFO:0001182,HEK293,cell_line,embryonic,encode,paired,True,0.7333441376686096,OutputType.CHIP_TF,,,ZNF335
175,EFO:0001182 TF ChIP-seq ZNF34 genetically modified (insertion) using site-specific recombination targeting H. sapiens ZNF34,.,TF ChIP-seq,EFO:0001182,HEK293,cell_line,embryonic,encode,paired,True,0.7890019416809082,OutputType.CHIP_TF,,,ZNF34
176,EFO:0001182 TF ChIP-seq ZNF341 genetically modified (insertion) using site-specific recombination targeting H. sapiens ZNF341,.,TF ChIP-seq,EFO:0001182,HEK293,cell_line,embryonic,encode,paired,True,0.7654991149902344,OutputType.CHIP_TF,,,ZNF341
177,EFO:0001182 TF ChIP-seq ZNF362 genetically modified (insertion) using site-specific recombination targeting H. sapiens ZNF362,.,TF ChIP-seq,EFO:0001182,HEK293,cell_line,embryonic,encode,paired,True,0.7579368948936462,OutputType.CHIP_TF,,,ZNF362
178,EFO:0001182 TF ChIP-seq ZNF366 genetically modified (insertion) using site-specific recombination targeting H. sapiens ZNF366,.,TF ChIP-seq,EFO:0001182,HEK293,cell_line,embryonic,encode,paired,True,0.7277015447616577,OutputType.CHIP_TF,,,ZNF366
179,EFO:0001182 TF ChIP-seq ZNF391 genetically modified (insertion) using site-specific recombination targeting H. sapiens ZNF391,.,TF ChIP-seq,EFO:0001182,HEK293,cell_line,embryonic,encode,paired,True,0.7941629886627197,OutputType.CHIP_TF,,,ZNF391
180,EFO:0001182 TF ChIP-seq ZNF394 genetically modified (insertion) using site-specific recombination targeting H. sapiens ZNF394,.,TF ChIP-seq,EFO:0001182,HEK293,cell_line,embryonic,encode,paired,True,0.7468457221984863,OutputType.CHIP_TF,,,ZNF394
181,EFO:0001182 TF ChIP-seq ZNF398 genetically modified (insertion) using site-specific recombination targeting H. sapiens ZNF398,.,TF ChIP-seq,EFO:0001182,HEK293,cell_line,embryonic,encode,paired,True,0.7506776452064514,OutputType.CHIP_TF,,,ZNF398
182,EFO:0001182 TF ChIP-seq ZNF423 genetically modified (insertion) using site-specific recombination targeting H. sapiens ZNF423,.,TF ChIP-seq,EFO:0001182,HEK293,cell_line,embryonic,encode,paired,True,0.7970330119132996,OutputType.CHIP_TF,,,ZNF423
183,EFO:0001182 TF ChIP-seq ZNF426 genetically modified (insertion) using site-specific recombination targeting H. sapiens ZNF426,.,TF ChIP-seq,EFO:0001182,HEK293,cell_line,embryonic,encode,paired,True,0.7861539125442505,OutputType.CHIP_TF,,,ZNF426
184,EFO:0001182 TF ChIP-seq ZNF449 genetically modified (insertion) using site-specific recombination targeting H. sapiens ZNF449,.,TF ChIP-seq,EFO:0001182,HEK293,cell_line,embryonic,encode,paired,True,0.7909559011459351,OutputType.CHIP_TF,,,ZNF449
185,EFO:0001182 TF ChIP-seq ZNF501 genetically modified (insertion) using site-specific recombination targeting H. sapiens ZNF501,.,TF ChIP-seq,EFO:0001182,HEK293,cell_line,embryonic,encode,paired,True,0.7524047493934631,OutputType.CHIP_TF,,,ZNF501
186,EFO:0001182 TF ChIP-seq ZNF513 genetically modified (insertion) using site-specific recombination targeting H. sapiens ZNF513,.,TF ChIP-seq,EFO:0001182,HEK293,cell_line,embryonic,encode,paired,True,0.7850866317749023,OutputType.CHIP_TF,,,ZNF513
187,EFO:0001182 TF ChIP-seq ZNF518A genetically modified (insertion) using site-specific recombination targeting H. sapiens ZNF518A,.,TF ChIP-seq,EFO:0001182,HEK293,cell_line,embryonic,encode,paired,True,0.8072378039360046,OutputType.CHIP_TF,,,ZNF518A
188,EFO:0001182 TF ChIP-seq ZNF558 genetically modified (insertion) using site-specific recombination targeting H. sapiens ZNF558,.,TF ChIP-seq,EFO:0001182,HEK293,cell_line,embryonic,encode,paired,True,0.7897545099258423,OutputType.CHIP_TF,,,ZNF558
189,EFO:0001182 TF ChIP-seq ZNF561 genetically modified (insertion) using site-specific recombination targeting H. sapiens ZNF561,.,TF ChIP-seq,EFO:0001182,HEK293,cell_line,embryonic,encode,paired,True,0.7777495980262756,OutputType.CHIP_TF,,,ZNF561
190,EFO:0001182 TF ChIP-seq ZNF580 genetically modified (insertion) using site-specific recombination targeting H. sapiens ZNF580,.,TF ChIP-seq,EFO:0001182,HEK293,cell_line,embryonic,encode,paired,True,0.7861317992210388,OutputType.CHIP_TF,,,ZNF580
191,EFO:0001182 TF ChIP-seq ZNF585B genetically modified (insertion) using site-specific recombination targeting H. sapiens ZNF585B,.,TF ChIP-seq,EFO:0001182,HEK293,cell_line,embryonic,encode,paired,True,0.7945247292518616,OutputType.CHIP_TF,,,ZNF585B
192,EFO:0001182 TF ChIP-seq ZNF596 genetically modified (insertion) using site-specific recombination targeting H. sapiens ZNF596,.,TF ChIP-seq,EFO:0001182,HEK293,cell_line,embryonic,encode,paired,True,0.7928680777549744,OutputType.CHIP_TF,,,ZNF596
193,EFO:0001182 TF ChIP-seq ZNF600 genetically modified (insertion) using site-specific recombination targeting H. sapiens ZNF600,.,TF ChIP-seq,EFO:0001182,HEK293,cell_line,embryonic,encode,paired,True,0.7199051380157471,OutputType.CHIP_TF,,,ZNF600
194,EFO:0001182 TF ChIP-seq ZNF610 genetically modified (insertion) using site-specific recombination targeting H. sapiens ZNF610,.,TF ChIP-seq,EFO:0001182,HEK293,cell_line,embryonic,encode,paired,True,0.7791306972503662,OutputType.CHIP_TF,,,ZNF610
195,EFO:0001182 TF ChIP-seq ZNF623 genetically modified (insertion) using site-specific recombination targeting H. sapiens ZNF623,.,TF ChIP-seq,EFO:0001182,HEK293,cell_line,embryonic,encode,paired,True,0.7774213552474976,OutputType.CHIP_TF,,,ZNF623
196,EFO:0001182 TF ChIP-seq ZNF629 genetically modified (insertion) using site-specific recombination targeting H. sapiens ZNF629,.,TF ChIP-seq,EFO:0001182,HEK293,cell_line,embryonic,encode,paired,True,0.7427449822425842,OutputType.CHIP_TF,,,ZNF629
197,EFO:0001182 TF ChIP-seq ZNF639 genetically modified (insertion) using site-specific recombination targeting H. sapiens ZNF639,.,TF ChIP-seq,EFO:0001182,HEK293,cell_line,embryonic,encode,paired,True,0.768902063369751,OutputType.CHIP_TF,,,ZNF639
198,EFO:0001182 TF ChIP-seq ZNF654 genetically modified (insertion) using site-specific recombination targeting H. sapiens ZNF654,.,TF ChIP-seq,EFO:0001182,HEK293,cell_line,embryonic,encode,paired,True,0.840003252029419,OutputType.CHIP_TF,,,ZNF654
199,EFO:0001182 TF ChIP-seq ZNF660 genetically modified (insertion) using site-specific recombination targeting H. sapiens ZNF660,.,TF ChIP-seq,EFO:0001182,HEK293,cell_line,embryonic,encode,paired,True,0.7775765061378479,OutputType.CHIP_TF,,,ZNF660
200,EFO:0001182 TF ChIP-seq ZNF664 genetically modified (insertion) using site-specific recombination targeting H. sapiens ZNF664,.,TF ChIP-seq,EFO:0001182,HEK293,cell_line,embryonic,encode,paired,True,0.7865277528762817,OutputType.CHIP_TF,,,ZNF664
201,EFO:0001182 TF ChIP-seq ZNF680 genetically modified (insertion) using site-specific recombination targeting H. sapiens ZNF680,.,TF ChIP-seq,EFO:0001182,HEK293,cell_line,embryonic,encode,paired,True,0.7925419807434082,OutputType.CHIP_TF,,,ZNF680
202,EFO:0001182 TF ChIP-seq ZNF692 genetically modified (insertion) using site-specific recombination targeting H. sapiens ZNF692,.,TF ChIP-seq,EFO:0001182,HEK293,cell_line,embryonic,encode,paired,True,0.7554531097412109,OutputType.CHIP_TF,,,ZNF692
203,EFO:0001182 TF ChIP-seq ZNF76 genetically modified (insertion) using site-specific recombination targeting H. sapiens ZNF76,.,TF ChIP-seq,EFO:0001182,HEK293,cell_line,embryonic,encode,paired,True,0.7747834324836731,OutputType.CHIP_TF,,,ZNF76
204,EFO:0001182 TF ChIP-seq ZNF770 genetically modified (insertion) using site-specific recombination targeting H. sapiens ZNF770,.,TF ChIP-seq,EFO:0001182,HEK293,cell_line,embryonic,encode,paired,True,0.7817620038986206,OutputType.CHIP_TF,,,ZNF770
205,EFO:0001182 TF ChIP-seq ZNF843 genetically modified (insertion) using site-specific recombination targeting H. sapiens ZNF843,.,TF ChIP-seq,EFO:0001182,HEK293,cell_line,embryonic,encode,paired,True,0.7666009664535522,OutputType.CHIP_TF,,,ZNF843
206,EFO:0001182 TF ChIP-seq ZSCAN21 genetically modified (insertion) using site-specific recombination targeting H. sapiens ZSCAN21,.,TF ChIP-seq,EFO:0001182,HEK293,cell_line,embryonic,encode,paired,True,0.7539019584655762,OutputType.CHIP_TF,,,ZSCAN21
207,EFO:0001182 TF ChIP-seq ZSCAN30 genetically modified (insertion) using site-specific recombination targeting H. sapiens ZSCAN30,.,TF ChIP-seq,EFO:0001182,HEK293,cell_line,embryonic,encode,paired,True,0.8173872828483582,OutputType.CHIP_TF,,,ZSCAN30
208,EFO:0001182 TF ChIP-seq ZSCAN4 genetically modified (insertion) using site-specific recombination targeting H. sapiens ZSCAN4,.,TF ChIP-seq,EFO:0001182,HEK293,cell_line,embryonic,encode,paired,True,0.7768357992172241,OutputType.CHIP_TF,,,ZSCAN4
209,EFO:0001182 TF ChIP-seq ZSCAN5C genetically modified (insertion) using site-specific recombination targeting H. sapiens ZSCAN5C,.,TF ChIP-seq,EFO:0001182,HEK293,cell_line,embryonic,encode,paired,True,0.7876642346382141,OutputType.CHIP_TF,,,ZSCAN5C
210,EFO:0001182 TF ChIP-seq ZXDB genetically modified (insertion) using site-specific recombination targeting H. sapiens ZXDB,.,TF ChIP-seq,EFO:0001182,HEK293,cell_line,embryonic,encode,paired,True,0.7552258968353271,OutputType.CHIP_TF,,,ZXDB
211,EFO:0001184 TF ChIP-seq ELF4,.,TF ChIP-seq,EFO:0001184,HEK293T,cell_line,embryonic,encode,paired,False,0.7921107411384583,OutputType.CHIP_TF,,,ELF4
212,EFO:0001184 TF ChIP-seq L3MBTL2,.,TF ChIP-seq,EFO:0001184,HEK293T,cell_line,embryonic,encode,paired,False,0.7604330778121948,OutputType.CHIP_TF,,,L3MBTL2
213,EFO:0001184 TF ChIP-seq PKNOX1,.,TF ChIP-seq,EFO:0001184,HEK293T,cell_line,embryonic,encode,paired,False,0.7313826680183411,OutputType.CHIP_TF,,,PKNOX1
214,EFO:0001184 TF ChIP-seq ZFX,.,TF ChIP-seq,EFO:0001184,HEK293T,cell_line,embryonic,encode,paired,False,0.8459454774856567,OutputType.CHIP_TF,,,ZFX
215,EFO:0001184 TF ChIP-seq ZNF384,.,TF ChIP-seq,EFO:0001184,HEK293T,cell_line,embryonic,encode,paired,False,0.7724091410636902,OutputType.CHIP_TF,,,ZNF384
216,EFO:0001187 TF ChIP-seq AFF4 genetically modified (insertion) using CRISPR targeting H. sapiens AFF4,.,TF ChIP-seq,EFO:0001187,HepG2,cell_line,child,encode,single,True,1.0958333015441895,OutputType.CHIP_TF,,,AFF4
217,EFO:0001187 TF ChIP-seq AGO2,.,TF ChIP-seq,EFO:0001187,HepG2,cell_line,child,encode,single,False,1.1765327453613281,OutputType.CHIP_TF,,,AGO2
218,EFO:0001187 TF ChIP-seq AHDC1 genetically modified (insertion) using CRISPR targeting H. sapiens AHDC1,.,TF ChIP-seq,EFO:0001187,HepG2,cell_line,child,encode,single,True,0.7505130171775818,OutputType.CHIP_TF,,,AHDC1
219,EFO:0001187 TF ChIP-seq AHR genetically modified (insertion) using CRISPR targeting H. sapiens AHR,.,TF ChIP-seq,EFO:0001187,HepG2,cell_line,child,encode,single,True,1.0706480741500854,OutputType.CHIP_TF,,,AHR
220,EFO:0001187 TF ChIP-seq AKAP8 genetically modified (insertion) using CRISPR targeting H. sapiens AKAP8,.,TF ChIP-seq,EFO:0001187,HepG2,cell_line,child,encode,single,True,0.9373123049736023,OutputType.CHIP_TF,,,AKAP8
221,EFO:0001187 TF ChIP-seq ARHGAP35 genetically modified (insertion) using CRISPR targeting H. sapiens ARHGAP35,.,TF ChIP-seq,EFO:0001187,HepG2,cell_line,child,encode,single,True,0.8258343935012817,OutputType.CHIP_TF,,,ARHGAP35
222,EFO:0001187 TF ChIP-seq ARID2 genetically modified (insertion) using CRISPR targeting H. sapiens ARID2,.,TF ChIP-seq,EFO:0001187,HepG2,cell_line,child,encode,single,True,0.7711448669433594,OutputType.CHIP_TF,,,ARID2
223,EFO:0001187 TF ChIP-seq ARID3A,.,TF ChIP-seq,EFO:0001187,HepG2,cell_line,child,encode,single,False,0.9498363733291626,OutputType.CHIP_TF,,,ARID3A
224,EFO:0001187 TF ChIP-seq ARID3A genetically modified (insertion) using CRISPR targeting H. sapiens ARID3A,.,TF ChIP-seq,EFO:0001187,HepG2,cell_line,child,encode,single,True,0.7250580787658691,OutputType.CHIP_TF,,,ARID3A
225,EFO:0001187 TF ChIP-seq ARID4A genetically modified (insertion) using CRISPR targeting H. sapiens ARID4A,.,TF ChIP-seq,EFO:0001187,HepG2,cell_line,child,encode,single,True,0.7641783952713013,OutputType.CHIP_TF,,,ARID4A
226,EFO:0001187 TF ChIP-seq ARID4B genetically modified (insertion) using CRISPR targeting H. sapiens ARID4B,.,TF ChIP-seq,EFO:0001187,HepG2,cell_line,child,encode,single,True,0.9257237315177917,OutputType.CHIP_TF,,,ARID4B
227,EFO:0001187 TF ChIP-seq ARID5B genetically modified (insertion) using CRISPR targeting H. sapiens ARID5B,.,TF ChIP-seq,EFO:0001187,HepG2,cell_line,child,encode,single,True,0.8131709098815918,OutputType.CHIP_TF,,,ARID5B
228,EFO:0001187 TF ChIP-seq ARNT2 genetically modified (insertion) using CRISPR targeting H. sapiens ARNT2,.,TF ChIP-seq,EFO:0001187,HepG2,cell_line,child,encode,single,True,0.8979248404502869,OutputType.CHIP_TF,,,ARNT2
229,EFO:0001187 TF ChIP-seq ARNTL genetically modified (insertion) using CRISPR targeting H. sapiens ARNTL,.,TF ChIP-seq,EFO:0001187,HepG2,cell_line,child,encode,single,True,0.8796525597572327,OutputType.CHIP_TF,,,ARNTL
230,EFO:0001187 TF ChIP-seq ASH2L,.,TF ChIP-seq,EFO:0001187,HepG2,cell_line,child,encode,single,False,0.7842143177986145,OutputType.CHIP_TF,,,ASH2L
231,EFO:0001187 TF ChIP-seq ATF1 genetically modified (insertion) using CRISPR targeting H. sapiens ATF1,.,TF ChIP-seq,EFO:0001187,HepG2,cell_line,child,encode,single,True,0.7178052663803101,OutputType.CHIP_TF,,,ATF1
232,EFO:0001187 TF ChIP-seq ATF2,.,TF ChIP-seq,EFO:0001187,HepG2,cell_line,child,encode,paired,False,0.8266690969467163,OutputType.CHIP_TF,,,ATF2
233,EFO:0001187 TF ChIP-seq ATF2 genetically modified (insertion) using CRISPR targeting H. sapiens ATF2,.,TF ChIP-seq,EFO:0001187,HepG2,cell_line,child,encode,single,True,0.8733900785446167,OutputType.CHIP_TF,,,ATF2
234,EFO:0001187 TF ChIP-seq ATF3 genetically modified (insertion) using CRISPR targeting H. sapiens ATF3,.,TF ChIP-seq,EFO:0001187,HepG2,cell_line,child,encode,single,True,0.9405274391174316,OutputType.CHIP_TF,,,ATF3
235,EFO:0001187 TF ChIP-seq ATF4 genetically modified (insertion) using CRISPR targeting H. sapiens ATF4,.,TF ChIP-seq,EFO:0001187,HepG2,cell_line,child,encode,single,True,0.7163546085357666,OutputType.CHIP_TF,,,ATF4
236,EFO:0001187 TF ChIP-seq ATF7,.,TF ChIP-seq,EFO:0001187,HepG2,cell_line,child,encode,paired,False,0.7905319333076477,OutputType.CHIP_TF,,,ATF7
237,EFO:0001187 TF ChIP-seq ATF7 genetically modified (insertion) using CRISPR targeting H. sapiens ATF7,.,TF ChIP-seq,EFO:0001187,HepG2,cell_line,child,encode,single,True,0.857157289981842,OutputType.CHIP_TF,,,ATF7
238,EFO:0001187 TF ChIP-seq ATF7-NPFF genetically modified (insertion) using CRISPR targeting H. sapiens ATF7,.,TF ChIP-seq,EFO:0001187,HepG2,cell_line,child,encode,single,True,0.8894299268722534,OutputType.CHIP_TF,,,ATF7-NPFF
239,EFO:0001187 TF ChIP-seq BATF2 genetically modified (insertion) using CRISPR targeting H. sapiens BATF2,.,TF ChIP-seq,EFO:0001187,HepG2,cell_line,child,encode,single,True,0.8882627487182617,OutputType.CHIP_TF,,,BATF2
240,EFO:0001187 TF ChIP-seq BAZ2A genetically modified (insertion) using CRISPR targeting H. sapiens BAZ2A,.,TF ChIP-seq,EFO:0001187,HepG2,cell_line,child,encode,single,True,0.9506245255470276,OutputType.CHIP_TF,,,BAZ2A
241,EFO:0001187 TF ChIP-seq BCL3 genetically modified (insertion) using CRISPR targeting H. sapiens BCL3,.,TF ChIP-seq,EFO:0001187,HepG2,cell_line,child,encode,single,True,0.8422386050224304,OutputType.CHIP_TF,,,BCL3
242,EFO:0001187 TF ChIP-seq BCL6 genetically modified (insertion) using CRISPR targeting H. sapiens BCL6,.,TF ChIP-seq,EFO:0001187,HepG2,cell_line,child,encode,single,True,0.8456039428710938,OutputType.CHIP_TF,,,BCL6
243,EFO:0001187 TF ChIP-seq BCLAF1,.,TF ChIP-seq,EFO:0001187,HepG2,cell_line,child,encode,paired,False,0.8403931856155396,OutputType.CHIP_TF,,,BCLAF1
244,EFO:0001187 TF ChIP-seq BHLHE40,.,TF ChIP-seq,EFO:0001187,HepG2,cell_line,child,encode,single,False,0.9407265782356262,OutputType.CHIP_TF,,,BHLHE40
245,EFO:0001187 TF ChIP-seq BORCS8-MEF2B genetically modified (insertion) using CRISPR targeting H. sapiens BORCS8,.,TF ChIP-seq,EFO:0001187,HepG2,cell_line,child,encode,single,True,0.9872255325317383,OutputType.CHIP_TF,,,BORCS8-MEF2B
246,EFO:0001187 TF ChIP-seq BRCA1 genetically modified (insertion) using CRISPR targeting H. sapiens BRCA1,.,TF ChIP-seq,EFO:0001187,HepG2,cell_line,child,encode,single,True,0.9496076107025146,OutputType.CHIP_TF,,,BRCA1
247,EFO:0001187 TF ChIP-seq BRD4 genetically modified (insertion) using CRISPR targeting H. sapiens BRD4,.,TF ChIP-seq,EFO:0001187,HepG2,cell_line,child,encode,single,True,0.922921895980835,OutputType.CHIP_TF,,,BRD4
248,EFO:0001187 TF ChIP-seq BRF2 genetically modified (insertion) using CRISPR targeting H. sapiens BRF2,.,TF ChIP-seq,EFO:0001187,HepG2,cell_line,child,encode,single,True,0.8202899694442749,OutputType.CHIP_TF,,,BRF2
249,EFO:0001187 TF ChIP-seq CAMTA2 genetically modified (insertion) using CRISPR targeting H. sapiens CAMTA2,.,TF ChIP-seq,EFO:0001187,HepG2,cell_line,child,encode,single,True,0.8614745140075684,OutputType.CHIP_TF,,,CAMTA2
250,EFO:0001187 TF ChIP-seq CBFB genetically modified (insertion) using CRISPR targeting H. sapiens CBFB,.,TF ChIP-seq,EFO:0001187,HepG2,cell_line,child,encode,single,True,0.9547829627990723,OutputType.CHIP_TF,,,CBFB
251,EFO:0001187 TF ChIP-seq CBX1,.,TF ChIP-seq,EFO:0001187,HepG2,cell_line,child,encode,single,False,1.7932310104370117,OutputType.CHIP_TF,,,CBX1
252,EFO:0001187 TF ChIP-seq CBX5 genetically modified (insertion) using CRISPR targeting H. sapiens CBX5,.,TF ChIP-seq,EFO:0001187,HepG2,cell_line,child,encode,single,True,1.048087477684021,OutputType.CHIP_TF,,,CBX5
253,EFO:0001187 TF ChIP-seq CCDC6 genetically modified (insertion) using CRISPR targeting H. sapiens CCDC6,.,TF ChIP-seq,EFO:0001187,HepG2,cell_line,child,encode,single,True,0.8603995442390442,OutputType.CHIP_TF,,,CCDC6
254,EFO:0001187 TF ChIP-seq CEBPA genetically modified (insertion) using CRISPR targeting H. sapiens CEBPA,.,TF ChIP-seq,EFO:0001187,HepG2,cell_line,child,encode,single,True,0.9038640260696411,OutputType.CHIP_TF,,,CEBPA
255,EFO:0001187 TF ChIP-seq CEBPB,.,TF ChIP-seq,EFO:0001187,HepG2,cell_line,child,encode,single,False,1.1806750297546387,OutputType.CHIP_TF,,,CEBPB
256,EFO:0001187 TF ChIP-seq CEBPD genetically modified (insertion) using CRISPR targeting H. sapiens CEBPD,.,TF ChIP-seq,EFO:0001187,HepG2,cell_line,child,encode,single,True,1.1238700151443481,OutputType.CHIP_TF,,,CEBPD
257,EFO:0001187 TF ChIP-seq CEBPG genetically modified (insertion) using CRISPR targeting H. sapiens CEBPG,.,TF ChIP-seq,EFO:0001187,HepG2,cell_line,child,encode,single,True,0.8854897022247314,OutputType.CHIP_TF,,,CEBPG
258,EFO:0001187 TF ChIP-seq CHD2,.,TF ChIP-seq,EFO:0001187,HepG2,cell_line,child,encode,single,False,1.0124356746673584,OutputType.CHIP_TF,,,CHD2
259,EFO:0001187 TF ChIP-seq CHD4,.,TF ChIP-seq,EFO:0001187,HepG2,cell_line,child,encode,single,False,0.8086315393447876,OutputType.CHIP_TF,,,CHD4
260,EFO:0001187 TF ChIP-seq CREB1,.,TF ChIP-seq,EFO:0001187,HepG2,cell_line,child,encode,paired,False,0.7679792046546936,OutputType.CHIP_TF,,,CREB1
261,EFO:0001187 TF ChIP-seq CREB1 genetically modified (insertion) using CRISPR targeting H. sapiens CREB1,.,TF ChIP-seq,EFO:0001187,HepG2,cell_line,child,encode,single,True,0.6846128702163696,OutputType.CHIP_TF,,,CREB1
262,EFO:0001187 TF ChIP-seq CREM,.,TF ChIP-seq,EFO:0001187,HepG2,cell_line,child,encode,single,False,0.7372840642929077,OutputType.CHIP_TF,,,CREM
263,EFO:0001187 TF ChIP-seq CSRNP1 genetically modified (insertion) using CRISPR targeting H. sapiens CSRNP1,.,TF ChIP-seq,EFO:0001187,HepG2,cell_line,child,encode,single,True,0.7614040970802307,OutputType.CHIP_TF,,,CSRNP1
264,EFO:0001187 TF ChIP-seq CTCF,.,TF ChIP-seq,EFO:0001187,HepG2,cell_line,child,encode,single,False,1.0367335081100464,OutputType.CHIP_TF,,,CTCF
265,EFO:0001187 TF ChIP-seq CTCF genetically modified (insertion) using CRISPR targeting H. sapiens CTCF,.,TF ChIP-seq,EFO:0001187,HepG2,cell_line,child,encode,single,True,0.9780106544494629,OutputType.CHIP_TF,,,CTCF
266,EFO:0001187 TF ChIP-seq DLX6 genetically modified (insertion) using CRISPR targeting H. sapiens DLX6,.,TF ChIP-seq,EFO:0001187,HepG2,cell_line,child,encode,single,True,0.8272435665130615,OutputType.CHIP_TF,,,DLX6
267,EFO:0001187 TF ChIP-seq DMAP1 genetically modified (insertion) using CRISPR targeting H. sapiens DMAP1,.,TF ChIP-seq,EFO:0001187,HepG2,cell_line,child,encode,single,True,0.9408639669418335,OutputType.CHIP_TF,,,DMAP1
268,EFO:0001187 TF ChIP-seq DNMT1 genetically modified (insertion) using CRISPR targeting H. sapiens DNMT1,.,TF ChIP-seq,EFO:0001187,HepG2,cell_line,child,encode,single,True,0.9599778056144714,OutputType.CHIP_TF,,,DNMT1
269,EFO:0001187 TF ChIP-seq DNMT3B genetically modified (insertion) using CRISPR targeting H. sapiens DNMT3B,.,TF ChIP-seq,EFO:0001187,HepG2,cell_line,child,encode,single,True,0.9800146818161011,OutputType.CHIP_TF,,,DNMT3B
270,EFO:0001187 TF ChIP-seq DPF2 genetically modified (insertion) using CRISPR targeting H. sapiens DPF2,.,TF ChIP-seq,EFO:0001187,HepG2,cell_line,child,encode,single,True,1.0381863117218018,OutputType.CHIP_TF,,,DPF2
271,EFO:0001187 TF ChIP-seq DR1 genetically modified (insertion) using CRISPR targeting H. sapiens DR1,.,TF ChIP-seq,EFO:0001187,HepG2,cell_line,child,encode,single,True,0.7556718587875366,OutputType.CHIP_TF,,,DR1
272,EFO:0001187 TF ChIP-seq DRAP1 genetically modified (insertion) using CRISPR targeting H. sapiens DRAP1,.,TF ChIP-seq,EFO:0001187,HepG2,cell_line,child,encode,single,True,0.844770073890686,OutputType.CHIP_TF,,,DRAP1
273,EFO:0001187 TF ChIP-seq DZIP1 genetically modified (insertion) using CRISPR targeting H. sapiens DZIP1,.,TF ChIP-seq,EFO:0001187,HepG2,cell_line,child,encode,single,True,0.8786128163337708,OutputType.CHIP_TF,,,DZIP1
274,EFO:0001187 TF ChIP-seq E2F1 genetically modified (insertion) using CRISPR targeting H. sapiens E2F1,.,TF ChIP-seq,EFO:0001187,HepG2,cell_line,child,encode,single,True,0.7706258296966553,OutputType.CHIP_TF,,,E2F1
275,EFO:0001187 TF ChIP-seq E2F4 genetically modified (insertion) using CRISPR targeting H. sapiens E2F4,.,TF ChIP-seq,EFO:0001187,HepG2,cell_line,child,encode,single,True,0.766048014163971,OutputType.CHIP_TF,,,E2F4
276,EFO:0001187 TF ChIP-seq E2F5 genetically modified (insertion) using CRISPR targeting H. sapiens E2F5,.,TF ChIP-seq,EFO:0001187,HepG2,cell_line,child,encode,single,True,1.0544836521148682,OutputType.CHIP_TF,,,E2F5
277,EFO:0001187 TF ChIP-seq E2F8 genetically modified (insertion) using CRISPR targeting H. sapiens E2F8,.,TF ChIP-seq,EFO:0001187,HepG2,cell_line,child,encode,single,True,0.7977742552757263,OutputType.CHIP_TF,,,E2F8
278,EFO:0001187 TF ChIP-seq EEA1 genetically modified (insertion) using CRISPR targeting H. sapiens EEA1,.,TF ChIP-seq,EFO:0001187,HepG2,cell_line,child,encode,single,True,0.9580557346343994,OutputType.CHIP_TF,,,EEA1
279,EFO:0001187 TF ChIP-seq EED genetically modified (insertion) using CRISPR targeting H. sapiens EED,.,TF ChIP-seq,EFO:0001187,HepG2,cell_line,child,encode,single,True,0.8560649752616882,OutputType.CHIP_TF,,,EED
280,EFO:0001187 TF ChIP-seq EGR1 genetically modified (insertion) using CRISPR targeting H. sapiens EGR1,.,TF ChIP-seq,EFO:0001187,HepG2,cell_line,child,encode,single,True,0.8205860257148743,OutputType.CHIP_TF,,,EGR1
281,EFO:0001187 TF ChIP-seq EHMT2,.,TF ChIP-seq,EFO:0001187,HepG2,cell_line,child,encode,single,False,0.8669118881225586,OutputType.CHIP_TF,,,EHMT2
282,EFO:0001187 TF ChIP-seq ELF1,.,TF ChIP-seq,EFO:0001187,HepG2,cell_line,child,encode,single,False,1.0358084440231323,OutputType.CHIP_TF,,,ELF1
283,EFO:0001187 TF ChIP-seq ELF1 genetically modified (insertion) using CRISPR targeting H. sapiens ELF1,.,TF ChIP-seq,EFO:0001187,HepG2,cell_line,child,encode,single,True,0.8516697883605957,OutputType.CHIP_TF,,,ELF1
284,EFO:0001187 TF ChIP-seq ELF3 genetically modified (insertion) using CRISPR targeting H. sapiens ELF3,.,TF ChIP-seq,EFO:0001187,HepG2,cell_line,child,encode,single,True,0.9217767715454102,OutputType.CHIP_TF,,,ELF3
285,EFO:0001187 TF ChIP-seq ELF4 genetically modified (insertion) using CRISPR targeting H. sapiens ELF4,.,TF ChIP-seq,EFO:0001187,HepG2,cell_line,child,encode,single,True,0.8673814535140991,OutputType.CHIP_TF,,,ELF4
286,EFO:0001187 TF ChIP-seq ELK1 genetically modified (insertion) using CRISPR targeting H. sapiens ELK1,.,TF ChIP-seq,EFO:0001187,HepG2,cell_line,child,encode,single,True,0.9412835836410522,OutputType.CHIP_TF,,,ELK1
287,EFO:0001187 TF ChIP-seq EP300,.,TF ChIP-seq,EFO:0001187,HepG2,cell_line,child,encode,single,False,0.7609607577323914,OutputType.CHIP_TF,,,EP300
288,EFO:0001187 TF ChIP-seq EP300 genetically modified (insertion) using CRISPR targeting H. sapiens EP300,.,TF ChIP-seq,EFO:0001187,HepG2,cell_line,child,encode,single,True,0.7821898460388184,OutputType.CHIP_TF,,,EP300
289,EFO:0001187 TF ChIP-seq ERF genetically modified (insertion) using CRISPR targeting H. sapiens ERF,.,TF ChIP-seq,EFO:0001187,HepG2,cell_line,child,encode,single,True,0.8812923431396484,OutputType.CHIP_TF,,,ERF
290,EFO:0001187 TF ChIP-seq ESRRA genetically modified (insertion) using CRISPR targeting H. sapiens ESRRA,.,TF ChIP-seq,EFO:0001187,HepG2,cell_line,child,encode,single,True,0.9067927002906799,OutputType.CHIP_TF,,,ESRRA
291,EFO:0001187 TF ChIP-seq ETS1,.,TF ChIP-seq,EFO:0001187,HepG2,cell_line,child,encode,single,False,0.9008435606956482,OutputType.CHIP_TF,,,ETS1
292,EFO:0001187 TF ChIP-seq ETV4,.,TF ChIP-seq,EFO:0001187,HepG2,cell_line,child,encode,single,False,0.8924592733383179,OutputType.CHIP_TF,,,ETV4
293,EFO:0001187 TF ChIP-seq ETV4 genetically modified (insertion) using CRISPR targeting H. sapiens ETV4,.,TF ChIP-seq,EFO:0001187,HepG2,cell_line,child,encode,single,True,0.9367424249649048,OutputType.CHIP_TF,,,ETV4
294,EFO:0001187 TF ChIP-seq ETV5 genetically modified (insertion) using CRISPR targeting H. sapiens ETV5,.,TF ChIP-seq,EFO:0001187,HepG2,cell_line,child,encode,single,True,0.9685952067375183,OutputType.CHIP_TF,,,ETV5
295,EFO:0001187 TF ChIP-seq ETV6 genetically modified (insertion) using CRISPR targeting H. sapiens ETV6,.,TF ChIP-seq,EFO:0001187,HepG2,cell_line,child,encode,single,True,0.9896833896636963,OutputType.CHIP_TF,,,ETV6
296,EFO:0001187 TF ChIP-seq EZH2,.,TF ChIP-seq,EFO:0001187,HepG2,cell_line,child,encode,single,False,0.8167230486869812,OutputType.CHIP_TF,,,EZH2
297,EFO:0001187 TF ChIP-seq FBXL19 genetically modified (insertion) using CRISPR targeting H. sapiens FBXL19,.,TF ChIP-seq,EFO:0001187,HepG2,cell_line,child,encode,single,True,0.8385319113731384,OutputType.CHIP_TF,,,FBXL19
298,EFO:0001187 TF ChIP-seq FOSL1 genetically modified (insertion) using CRISPR targeting H. sapiens FOSL1,.,TF ChIP-seq,EFO:0001187,HepG2,cell_line,child,encode,single,True,0.7864099144935608,OutputType.CHIP_TF,,,FOSL1
299,EFO:0001187 TF ChIP-seq FOSL2,.,TF ChIP-seq,EFO:0001187,HepG2,cell_line,child,encode,single,False,0.9364256262779236,OutputType.CHIP_TF,,,FOSL2
300,EFO:0001187 TF ChIP-seq FOSL2 genetically modified (insertion) using CRISPR targeting H. sapiens FOSL2,.,TF ChIP-seq,EFO:0001187,HepG2,cell_line,child,encode,single,True,1.1371015310287476,OutputType.CHIP_TF,,,FOSL2
301,EFO:0001187 TF ChIP-seq FOXA1,.,TF ChIP-seq,EFO:0001187,HepG2,cell_line,child,encode,single,False,1.0333880186080933,OutputType.CHIP_TF,,,FOXA1
302,EFO:0001187 TF ChIP-seq FOXA1 genetically modified (insertion) using CRISPR targeting H. sapiens FOXA1,.,TF ChIP-seq,EFO:0001187,HepG2,cell_line,child,encode,single,True,1.0402621030807495,OutputType.CHIP_TF,,,FOXA1
303,EFO:0001187 TF ChIP-seq FOXA2,.,TF ChIP-seq,EFO:0001187,HepG2,cell_line,child,encode,paired,False,0.7824559807777405,OutputType.CHIP_TF,,,FOXA2
304,EFO:0001187 TF ChIP-seq FOXA2 genetically modified (insertion) using CRISPR targeting H. sapiens FOXA2,.,TF ChIP-seq,EFO:0001187,HepG2,cell_line,child,encode,single,True,0.8392978310585022,OutputType.CHIP_TF,,,FOXA2
305,EFO:0001187 TF ChIP-seq FOXA3 genetically modified (insertion) using CRISPR targeting H. sapiens FOXA3,.,TF ChIP-seq,EFO:0001187,HepG2,cell_line,child,encode,single,True,0.8464599251747131,OutputType.CHIP_TF,,,FOXA3
306,EFO:0001187 TF ChIP-seq FOXC1 genetically modified (insertion) using CRISPR targeting H. sapiens FOXC1,.,TF ChIP-seq,EFO:0001187,HepG2,cell_line,child,encode,single,True,0.8601622581481934,OutputType.CHIP_TF,,,FOXC1
307,EFO:0001187 TF ChIP-seq FOXJ3 genetically modified (insertion) using CRISPR targeting H. sapiens FOXJ3,.,TF ChIP-seq,EFO:0001187,HepG2,cell_line,child,encode,single,True,0.7561543583869934,OutputType.CHIP_TF,,,FOXJ3
308,EFO:0001187 TF ChIP-seq FOXK1 genetically modified (insertion) using CRISPR targeting H. sapiens FOXK1,.,TF ChIP-seq,EFO:0001187,HepG2,cell_line,child,encode,single,True,0.8882734775543213,OutputType.CHIP_TF,,,FOXK1
309,EFO:0001187 TF ChIP-seq FOXO1 genetically modified (insertion) using CRISPR targeting H. sapiens FOXO1,.,TF ChIP-seq,EFO:0001187,HepG2,cell_line,child,encode,single,True,0.9055713415145874,OutputType.CHIP_TF,,,FOXO1
310,EFO:0001187 TF ChIP-seq FOXO4 genetically modified (insertion) using CRISPR targeting H. sapiens FOXO4,.,TF ChIP-seq,EFO:0001187,HepG2,cell_line,child,encode,single,True,0.9278377294540405,OutputType.CHIP_TF,,,FOXO4
311,EFO:0001187 TF ChIP-seq FOXP1 genetically modified (insertion) using CRISPR targeting H. sapiens FOXP1,.,TF ChIP-seq,EFO:0001187,HepG2,cell_line,child,encode,single,True,0.8943411111831665,OutputType.CHIP_TF,,,FOXP1
312,EFO:0001187 TF ChIP-seq FOXP4 genetically modified (insertion) using CRISPR targeting H. sapiens FOXP4,.,TF ChIP-seq,EFO:0001187,HepG2,cell_line,child,encode,single,True,0.8135387301445007,OutputType.CHIP_TF,,,FOXP4
313,EFO:0001187 TF ChIP-seq FOXQ1 genetically modified (insertion) using CRISPR targeting H. sapiens FOXQ1,.,TF ChIP-seq,EFO:0001187,HepG2,cell_line,child,encode,single,True,0.865361750125885,OutputType.CHIP_TF,,,FOXQ1
314,EFO:0001187 TF ChIP-seq FUS,.,TF ChIP-seq,EFO:0001187,HepG2,cell_line,child,encode,single,False,1.128843903541565,OutputType.CHIP_TF,,,FUS
315,EFO:0001187 TF ChIP-seq GABPA,.,TF ChIP-seq,EFO:0001187,HepG2,cell_line,child,encode,single,False,1.1296805143356323,OutputType.CHIP_TF,,,GABPA
316,EFO:0001187 TF ChIP-seq GABPA genetically modified (insertion) using CRISPR targeting H. sapiens GABPA,.,TF ChIP-seq,EFO:0001187,HepG2,cell_line,child,encode,single,True,0.7817407846450806,OutputType.CHIP_TF,,,GABPA
317,EFO:0001187 TF ChIP-seq GABPB1 genetically modified (insertion) using CRISPR targeting H. sapiens GABPB1,.,TF ChIP-seq,EFO:0001187,HepG2,cell_line,child,encode,single,True,0.9527495503425598,OutputType.CHIP_TF,,,GABPB1
318,EFO:0001187 TF ChIP-seq GATA2 genetically modified (insertion) using CRISPR targeting H. sapiens GATA2,.,TF ChIP-seq,EFO:0001187,HepG2,cell_line,child,encode,single,True,0.7664991617202759,OutputType.CHIP_TF,,,GATA2
319,EFO:0001187 TF ChIP-seq GATA4,.,TF ChIP-seq,EFO:0001187,HepG2,cell_line,child,encode,single,False,0.9864453077316284,OutputType.CHIP_TF,,,GATA4
320,EFO:0001187 TF ChIP-seq GATAD1 genetically modified (insertion) using CRISPR targeting H. sapiens GATAD1,.,TF ChIP-seq,EFO:0001187,HepG2,cell_line,child,encode,single,True,0.8292107582092285,OutputType.CHIP_TF,,,GATAD1
321,EFO:0001187 TF ChIP-seq GATAD2A genetically modified (insertion) using CRISPR targeting H. sapiens GATAD2A,.,TF ChIP-seq,EFO:0001187,HepG2,cell_line,child,encode,single,True,0.8691539764404297,OutputType.CHIP_TF,,,GATAD2A
322,EFO:0001187 TF ChIP-seq GATAD2B genetically modified (insertion) using CRISPR targeting H. sapiens GATAD2B,.,TF ChIP-seq,EFO:0001187,HepG2,cell_line,child,encode,single,True,0.8008445501327515,OutputType.CHIP_TF,,,GATAD2B
323,EFO:0001187 TF ChIP-seq GFI1 genetically modified (insertion) using CRISPR targeting H. sapiens GFI1,.,TF ChIP-seq,EFO:0001187,HepG2,cell_line,child,encode,single,True,0.7213774919509888,OutputType.CHIP_TF,,,GFI1
324,EFO:0001187 TF ChIP-seq GLI4 genetically modified (insertion) using CRISPR targeting H. sapiens GLI4,.,TF ChIP-seq,EFO:0001187,HepG2,cell_line,child,encode,single,True,0.7912455201148987,OutputType.CHIP_TF,,,GLI4
325,EFO:0001187 TF ChIP-seq GLYR1 genetically modified (insertion) using CRISPR targeting H. sapiens GLYR1,.,TF ChIP-seq,EFO:0001187,HepG2,cell_line,child,encode,single,True,0.931145429611206,OutputType.CHIP_TF,,,GLYR1
326,EFO:0001187 TF ChIP-seq GMEB1 genetically modified (insertion) using CRISPR targeting H. sapiens GMEB1,.,TF ChIP-seq,EFO:0001187,HepG2,cell_line,child,encode,single,True,0.7963158488273621,OutputType.CHIP_TF,,,GMEB1
327,EFO:0001187 TF ChIP-seq GMEB2 genetically modified (insertion) using CRISPR targeting H. sapiens GMEB2,.,TF ChIP-seq,EFO:0001187,HepG2,cell_line,child,encode,single,True,1.02279531955719,OutputType.CHIP_TF,,,GMEB2
328,EFO:0001187 TF ChIP-seq GPBP1L1 genetically modified (insertion) using CRISPR targeting H. sapiens GPBP1L1,.,TF ChIP-seq,EFO:0001187,HepG2,cell_line,child,encode,single,True,0.8342117667198181,OutputType.CHIP_TF,,,GPBP1L1
329,EFO:0001187 TF ChIP-seq GZF1 genetically modified (insertion) using CRISPR targeting H. sapiens GZF1,.,TF ChIP-seq,EFO:0001187,HepG2,cell_line,child,encode,single,True,0.825830340385437,OutputType.CHIP_TF,,,GZF1
330,EFO:0001187 TF ChIP-seq HBP1 genetically modified (insertion) using CRISPR targeting H. sapiens HBP1,.,TF ChIP-seq,EFO:0001187,HepG2,cell_line,child,encode,single,True,1.2320542335510254,OutputType.CHIP_TF,,,HBP1
331,EFO:0001187 TF ChIP-seq HCFC1,.,TF ChIP-seq,EFO:0001187,HepG2,cell_line,child,encode,single,False,1.038496971130371,OutputType.CHIP_TF,,,HCFC1
332,EFO:0001187 TF ChIP-seq HDAC1,.,TF ChIP-seq,EFO:0001187,HepG2,cell_line,child,encode,single,False,0.8245723843574524,OutputType.CHIP_TF,,,HDAC1
333,EFO:0001187 TF ChIP-seq HDAC1 genetically modified (insertion) using CRISPR targeting H. sapiens HDAC1,.,TF ChIP-seq,EFO:0001187,HepG2,cell_line,child,encode,single,True,0.737365186214447,OutputType.CHIP_TF,,,HDAC1
334,EFO:0001187 TF ChIP-seq HDAC2,.,TF ChIP-seq,EFO:0001187,HepG2,cell_line,child,encode,single,False,1.0571244955062866,OutputType.CHIP_TF,,,HDAC2
335,EFO:0001187 TF ChIP-seq HDAC2 genetically modified (insertion) using CRISPR targeting H. sapiens HDAC2,.,TF ChIP-seq,EFO:0001187,HepG2,cell_line,child,encode,single,True,0.8557186126708984,OutputType.CHIP_TF,,,HDAC2
336,EFO:0001187 TF ChIP-seq HES4 genetically modified (insertion) using CRISPR targeting H. sapiens HES4,.,TF ChIP-seq,EFO:0001187,HepG2,cell_line,child,encode,single,True,0.9328177571296692,OutputType.CHIP_TF,,,HES4
337,EFO:0001187 TF ChIP-seq HHEX genetically modified (insertion) using CRISPR targeting H. sapiens HHEX,.,TF ChIP-seq,EFO:0001187,HepG2,cell_line,child,encode,single,True,0.9259557723999023,OutputType.CHIP_TF,,,HHEX
338,EFO:0001187 TF ChIP-seq HIC2 genetically modified (insertion) using CRISPR targeting H. sapiens HIC2,.,TF ChIP-seq,EFO:0001187,HepG2,cell_line,child,encode,single,True,0.8527292609214783,OutputType.CHIP_TF,,,HIC2
339,EFO:0001187 TF ChIP-seq HINFP genetically modified (insertion) using CRISPR targeting H. sapiens HINFP,.,TF ChIP-seq,EFO:0001187,HepG2,cell_line,child,encode,single,True,0.9859409332275391,OutputType.CHIP_TF,,,HINFP
340,EFO:0001187 TF ChIP-seq HIVEP1 genetically modified (insertion) using CRISPR targeting H. sapiens HIVEP1,.,TF ChIP-seq,EFO:0001187,HepG2,cell_line,child,encode,single,True,0.9267089366912842,OutputType.CHIP_TF,,,HIVEP1
341,EFO:0001187 TF ChIP-seq HLF genetically modified (insertion) using CRISPR targeting H. sapiens HLF,.,TF ChIP-seq,EFO:0001187,HepG2,cell_line,child,encode,single,True,0.7414057850837708,OutputType.CHIP_TF,,,HLF
342,EFO:0001187 TF ChIP-seq HMG20A genetically modified (insertion) using CRISPR targeting H. sapiens HMG20A,.,TF ChIP-seq,EFO:0001187,HepG2,cell_line,child,encode,single,True,0.9154618978500366,OutputType.CHIP_TF,,,HMG20A
343,EFO:0001187 TF ChIP-seq HMG20B genetically modified (insertion) using CRISPR targeting H. sapiens HMG20B,.,TF ChIP-seq,EFO:0001187,HepG2,cell_line,child,encode,single,True,0.912163257598877,OutputType.CHIP_TF,,,HMG20B
344,EFO:0001187 TF ChIP-seq HMGA1 genetically modified (insertion) using CRISPR targeting H. sapiens HMGA1,.,TF ChIP-seq,EFO:0001187,HepG2,cell_line,child,encode,single,True,0.9891459941864014,OutputType.CHIP_TF,,,HMGA1
345,EFO:0001187 TF ChIP-seq HMGXB3 genetically modified (insertion) using CRISPR targeting H. sapiens HMGXB3,.,TF ChIP-seq,EFO:0001187,HepG2,cell_line,child,encode,single,True,0.8381025195121765,OutputType.CHIP_TF,,,HMGXB3
346,EFO:0001187 TF ChIP-seq HMGXB4 genetically modified (insertion) using CRISPR targeting H. sapiens HMGXB4,.,TF ChIP-seq,EFO:0001187,HepG2,cell_line,child,encode,single,True,0.7631290555000305,OutputType.CHIP_TF,,,HMGXB4
347,EFO:0001187 TF ChIP-seq HNF1A,.,TF ChIP-seq,EFO:0001187,HepG2,cell_line,child,encode,single,False,0.8505245447158813,OutputType.CHIP_TF,,,HNF1A
348,EFO:0001187 TF ChIP-seq HNF1A genetically modified (insertion) using CRISPR targeting H. sapiens HNF1A,.,TF ChIP-seq,EFO:0001187,HepG2,cell_line,child,encode,single,True,0.8400798439979553,OutputType.CHIP_TF,,,HNF1A
349,EFO:0001187 TF ChIP-seq HNF1B genetically modified (insertion) using CRISPR targeting H. sapiens HNF1B,.,TF ChIP-seq,EFO:0001187,HepG2,cell_line,child,encode,single,True,0.7699143886566162,OutputType.CHIP_TF,,,HNF1B
350,EFO:0001187 TF ChIP-seq HNF4A,.,TF ChIP-seq,EFO:0001187,HepG2,cell_line,child,encode,single,False,2.1114625930786133,OutputType.CHIP_TF,,,HNF4A
351,EFO:0001187 TF ChIP-seq HNF4A genetically modified (insertion) using CRISPR targeting H. sapiens HNF4A,.,TF ChIP-seq,EFO:0001187,HepG2,cell_line,child,encode,single,True,0.7774928212165833,OutputType.CHIP_TF,,,HNF4A
352,EFO:0001187 TF ChIP-seq HNF4G,.,TF ChIP-seq,EFO:0001187,HepG2,cell_line,child,encode,single,False,0.8917911052703857,OutputType.CHIP_TF,,,HNF4G
353,EFO:0001187 TF ChIP-seq HNF4G genetically modified (insertion) using CRISPR targeting H. sapiens HNF4G,.,TF ChIP-seq,EFO:0001187,HepG2,cell_line,child,encode,single,True,0.9067245721817017,OutputType.CHIP_TF,,,HNF4G
354,EFO:0001187 TF ChIP-seq HNRNPL,.,TF ChIP-seq,EFO:0001187,HepG2,cell_line,child,encode,single,False,1.1379462480545044,OutputType.CHIP_TF,,,HNRNPL
355,EFO:0001187 TF ChIP-seq HOMEZ genetically modified (insertion) using CRISPR targeting H. sapiens HOMEZ,.,TF ChIP-seq,EFO:0001187,HepG2,cell_line,child,encode,single,True,1.0409910678863525,OutputType.CHIP_TF,,,HOMEZ
356,EFO:0001187 TF ChIP-seq HOXA10 genetically modified (insertion) using CRISPR targeting H. sapiens HOXA10,.,TF ChIP-seq,EFO:0001187,HepG2,cell_line,child,encode,single,True,0.7787760496139526,OutputType.CHIP_TF,,,HOXA10
357,EFO:0001187 TF ChIP-seq HOXA3 genetically modified (insertion) using CRISPR targeting H. sapiens HOXA3,.,TF ChIP-seq,EFO:0001187,HepG2,cell_line,child,encode,single,True,0.9468487501144409,OutputType.CHIP_TF,,,HOXA3
358,EFO:0001187 TF ChIP-seq HOXA5 genetically modified (insertion) using CRISPR targeting H. sapiens HOXA5,.,TF ChIP-seq,EFO:0001187,HepG2,cell_line,child,encode,single,True,0.895253598690033,OutputType.CHIP_TF,,,HOXA5
359,EFO:0001187 TF ChIP-seq HOXA9 genetically modified (insertion) using CRISPR targeting H. sapiens HOXA9,.,TF ChIP-seq,EFO:0001187,HepG2,cell_line,child,encode,single,True,0.8470037579536438,OutputType.CHIP_TF,,,HOXA9
360,EFO:0001187 TF ChIP-seq HOXD1 genetically modified (insertion) using CRISPR targeting H. sapiens HOXD1,.,TF ChIP-seq,EFO:0001187,HepG2,cell_line,child,encode,single,True,0.949165940284729,OutputType.CHIP_TF,,,HOXD1
361,EFO:0001187 TF ChIP-seq IKZF5 genetically modified (insertion) using CRISPR targeting H. sapiens IKZF5,.,TF ChIP-seq,EFO:0001187,HepG2,cell_line,child,encode,single,True,0.9536506533622742,OutputType.CHIP_TF,,,IKZF5
362,EFO:0001187 TF ChIP-seq IRF2 genetically modified (insertion) using CRISPR targeting H. sapiens IRF2,.,TF ChIP-seq,EFO:0001187,HepG2,cell_line,child,encode,single,True,0.996667206287384,OutputType.CHIP_TF,,,IRF2
363,EFO:0001187 TF ChIP-seq IRF5 genetically modified (insertion) using CRISPR targeting H. sapiens IRF5,.,TF ChIP-seq,EFO:0001187,HepG2,cell_line,child,encode,single,True,0.8235814571380615,OutputType.CHIP_TF,,,IRF5
364,EFO:0001187 TF ChIP-seq IRF9 genetically modified (insertion) using CRISPR targeting H. sapiens IRF9,.,TF ChIP-seq,EFO:0001187,HepG2,cell_line,child,encode,single,True,0.862970232963562,OutputType.CHIP_TF,,,IRF9
365,EFO:0001187 TF ChIP-seq IRX3 genetically modified (insertion) using CRISPR targeting H. sapiens IRX3,.,TF ChIP-seq,EFO:0001187,HepG2,cell_line,child,encode,single,True,0.9514657258987427,OutputType.CHIP_TF,,,IRX3
366,EFO:0001187 TF ChIP-seq ISL2 genetically modified (insertion) using CRISPR targeting H. sapiens ISL2,.,TF ChIP-seq,EFO:0001187,HepG2,cell_line,child,encode,single,True,0.7776180505752563,OutputType.CHIP_TF,,,ISL2
367,EFO:0001187 TF ChIP-seq JRK genetically modified (insertion) using CRISPR targeting H. sapiens JRK,.,TF ChIP-seq,EFO:0001187,HepG2,cell_line,child,encode,single,True,0.7808650135993958,OutputType.CHIP_TF,,,JRK
368,EFO:0001187 TF ChIP-seq JUN,.,TF ChIP-seq,EFO:0001187,HepG2,cell_line,child,encode,single,False,0.9719169735908508,OutputType.CHIP_TF,,,JUN
369,EFO:0001187 TF ChIP-seq JUN genetically modified (insertion) using CRISPR targeting H. sapiens JUN,.,TF ChIP-seq,EFO:0001187,HepG2,cell_line,child,encode,single,True,0.9014906287193298,OutputType.CHIP_TF,,,JUN
370,EFO:0001187 TF ChIP-seq JUNB genetically modified (insertion) using CRISPR targeting H. sapiens JUNB,.,TF ChIP-seq,EFO:0001187,HepG2,cell_line,child,encode,single,True,0.7203683853149414,OutputType.CHIP_TF,,,JUNB
371,EFO:0001187 TF ChIP-seq JUND,.,TF ChIP-seq,EFO:0001187,HepG2,cell_line,child,encode,single,False,0.7910395860671997,OutputType.CHIP_TF,,,JUND
372,EFO:0001187 TF ChIP-seq JUND genetically modified (insertion) using CRISPR targeting H. sapiens JUND,.,TF ChIP-seq,EFO:0001187,HepG2,cell_line,child,encode,single,True,0.8167651295661926,OutputType.CHIP_TF,,,JUND
373,EFO:0001187 TF ChIP-seq KAT7 genetically modified (insertion) using CRISPR targeting H. sapiens KAT7,.,TF ChIP-seq,EFO:0001187,HepG2,cell_line,child,encode,single,True,0.9321450591087341,OutputType.CHIP_TF,,,KAT7
374,EFO:0001187 TF ChIP-seq KAT8 genetically modified (insertion) using CRISPR targeting H. sapiens KAT8,.,TF ChIP-seq,EFO:0001187,HepG2,cell_line,child,encode,single,True,0.8809491991996765,OutputType.CHIP_TF,,,KAT8
375,EFO:0001187 TF ChIP-seq KDM1A,.,TF ChIP-seq,EFO:0001187,HepG2,cell_line,child,encode,single,False,0.7607282400131226,OutputType.CHIP_TF,,,KDM1A
376,EFO:0001187 TF ChIP-seq KDM1A genetically modified (insertion) using CRISPR targeting H. sapiens KDM1A,.,TF ChIP-seq,EFO:0001187,HepG2,cell_line,child,encode,single,True,1.1691986322402954,OutputType.CHIP_TF,,,KDM1A
377,EFO:0001187 TF ChIP-seq KDM2A genetically modified (insertion) using CRISPR targeting H. sapiens KDM2A,.,TF ChIP-seq,EFO:0001187,HepG2,cell_line,child,encode,single,True,1.291098952293396,OutputType.CHIP_TF,,,KDM2A
378,EFO:0001187 TF ChIP-seq KDM3A genetically modified (insertion) using CRISPR targeting H. sapiens KDM3A,.,TF ChIP-seq,EFO:0001187,HepG2,cell_line,child,encode,single,True,0.9718155264854431,OutputType.CHIP_TF,,,KDM3A
379,EFO:0001187 TF ChIP-seq KDM4B genetically modified (insertion) using CRISPR targeting H. sapiens KDM4B,.,TF ChIP-seq,EFO:0001187,HepG2,cell_line,child,encode,single,True,1.1509298086166382,OutputType.CHIP_TF,,,KDM4B
380,EFO:0001187 TF ChIP-seq KDM5A,.,TF ChIP-seq,EFO:0001187,HepG2,cell_line,child,encode,single,False,0.7970802187919617,OutputType.CHIP_TF,,,KDM5A
381,EFO:0001187 TF ChIP-seq KDM5B genetically modified (insertion) using CRISPR targeting H. sapiens KDM5B,.,TF ChIP-seq,EFO:0001187,HepG2,cell_line,child,encode,single,True,0.8047557473182678,OutputType.CHIP_TF,,,KDM5B
382,EFO:0001187 TF ChIP-seq KDM6A genetically modified (insertion) using CRISPR targeting H. sapiens KDM6A,.,TF ChIP-seq,EFO:0001187,HepG2,cell_line,child,encode,single,True,1.0480748414993286,OutputType.CHIP_TF,,,KDM6A
383,EFO:0001187 TF ChIP-seq KLF11 genetically modified (insertion) using CRISPR targeting H. sapiens KLF11,.,TF ChIP-seq,EFO:0001187,HepG2,cell_line,child,encode,single,True,0.9424619078636169,OutputType.CHIP_TF,,,KLF11
384,EFO:0001187 TF ChIP-seq KLF12 genetically modified (insertion) using CRISPR targeting H. sapiens KLF12,.,TF ChIP-seq,EFO:0001187,HepG2,cell_line,child,encode,single,True,0.9071261882781982,OutputType.CHIP_TF,,,KLF12
385,EFO:0001187 TF ChIP-seq KLF16 genetically modified (insertion) using CRISPR targeting H. sapiens KLF16,.,TF ChIP-seq,EFO:0001187,HepG2,cell_line,child,encode,single,True,0.8868481516838074,OutputType.CHIP_TF,,,KLF16
386,EFO:0001187 TF ChIP-seq KLF6 genetically modified (insertion) using CRISPR targeting H. sapiens KLF6,.,TF ChIP-seq,EFO:0001187,HepG2,cell_line,child,encode,single,True,1.141614556312561,OutputType.CHIP_TF,,,KLF6
387,EFO:0001187 TF ChIP-seq KLF9 genetically modified (insertion) using CRISPR targeting H. sapiens KLF9,.,TF ChIP-seq,EFO:0001187,HepG2,cell_line,child,encode,single,True,1.1526613235473633,OutputType.CHIP_TF,,,KLF9
388,EFO:0001187 TF ChIP-seq KMT2A genetically modified (insertion) using CRISPR targeting H. sapiens KMT2A,.,TF ChIP-seq,EFO:0001187,HepG2,cell_line,child,encode,single,True,0.9038779139518738,OutputType.CHIP_TF,,,KMT2A
389,EFO:0001187 TF ChIP-seq KMT2B genetically modified (insertion) using CRISPR targeting H. sapiens KMT2B,.,TF ChIP-seq,EFO:0001187,HepG2,cell_line,child,encode,single,True,0.8935264945030212,OutputType.CHIP_TF,,,KMT2B
390,EFO:0001187 TF ChIP-seq LBX2 genetically modified (insertion) using CRISPR targeting H. sapiens LBX2,.,TF ChIP-seq,EFO:0001187,HepG2,cell_line,child,encode,single,True,1.0390533208847046,OutputType.CHIP_TF,,,LBX2
391,EFO:0001187 TF ChIP-seq LCOR genetically modified (insertion) using CRISPR targeting H. sapiens LCOR,.,TF ChIP-seq,EFO:0001187,HepG2,cell_line,child,encode,single,True,0.9788844585418701,OutputType.CHIP_TF,,,LCOR
392,EFO:0001187 TF ChIP-seq LCORL genetically modified (insertion) using CRISPR targeting H. sapiens LCORL,.,TF ChIP-seq,EFO:0001187,HepG2,cell_line,child,encode,single,True,0.7449824213981628,OutputType.CHIP_TF,,,LCORL
393,EFO:0001187 TF ChIP-seq LIN54 genetically modified (insertion) using CRISPR targeting H. sapiens LIN54,.,TF ChIP-seq,EFO:0001187,HepG2,cell_line,child,encode,single,True,0.668507993221283,OutputType.CHIP_TF,,,LIN54
394,EFO:0001187 TF ChIP-seq MAFF,.,TF ChIP-seq,EFO:0001187,HepG2,cell_line,child,encode,single,False,1.0693044662475586,OutputType.CHIP_TF,,,MAFF
395,EFO:0001187 TF ChIP-seq MAFK,.,TF ChIP-seq,EFO:0001187,HepG2,cell_line,child,encode,single,False,0.7592166662216187,OutputType.CHIP_TF,,,MAFK
396,EFO:0001187 TF ChIP-seq MAX,.,TF ChIP-seq,EFO:0001187,HepG2,cell_line,child,encode,single,False,0.7345672845840454,OutputType.CHIP_TF,,,MAX
397,EFO:0001187 TF ChIP-seq MAX genetically modified (insertion) using CRISPR targeting H. sapiens MAX,.,TF ChIP-seq,EFO:0001187,HepG2,cell_line,child,encode,single,True,0.7718337774276733,OutputType.CHIP_TF,,,MAX
398,EFO:0001187 TF ChIP-seq MAZ,.,TF ChIP-seq,EFO:0001187,HepG2,cell_line,child,encode,single,False,0.9855629205703735,OutputType.CHIP_TF,,,MAZ
399,EFO:0001187 TF ChIP-seq MAZ genetically modified (insertion) using CRISPR targeting H. sapiens MAZ,.,TF ChIP-seq,EFO:0001187,HepG2,cell_line,child,encode,single,True,0.9352207779884338,OutputType.CHIP_TF,,,MAZ
400,EFO:0001187 TF ChIP-seq MBD1 genetically modified (insertion) using CRISPR targeting H. sapiens MBD1,.,TF ChIP-seq,EFO:0001187,HepG2,cell_line,child,encode,single,True,0.767863929271698,OutputType.CHIP_TF,,,MBD1
401,EFO:0001187 TF ChIP-seq MED1 genetically modified (insertion) using CRISPR targeting H. sapiens MED1,.,TF ChIP-seq,EFO:0001187,HepG2,cell_line,child,encode,single,True,0.7506836652755737,OutputType.CHIP_TF,,,MED1
402,EFO:0001187 TF ChIP-seq MED13 genetically modified (insertion) using CRISPR targeting H. sapiens MED13,.,TF ChIP-seq,EFO:0001187,HepG2,cell_line,child,encode,single,True,0.9461348056793213,OutputType.CHIP_TF,,,MED13
403,EFO:0001187 TF ChIP-seq MEF2A genetically modified (insertion) using CRISPR targeting H. sapiens MEF2A,.,TF ChIP-seq,EFO:0001187,HepG2,cell_line,child,encode,single,True,0.9211391806602478,OutputType.CHIP_TF,,,MEF2A
404,EFO:0001187 TF ChIP-seq MEF2D genetically modified (insertion) using CRISPR targeting H. sapiens MEF2D,.,TF ChIP-seq,EFO:0001187,HepG2,cell_line,child,encode,single,True,0.7733360528945923,OutputType.CHIP_TF,,,MEF2D
405,EFO:0001187 TF ChIP-seq MEIS1 genetically modified (insertion) using CRISPR targeting H. sapiens MEIS1,.,TF ChIP-seq,EFO:0001187,HepG2,cell_line,child,encode,single,True,0.8699821829795837,OutputType.CHIP_TF,,,MEIS1
406,EFO:0001187 TF ChIP-seq MEIS2 genetically modified (insertion) using CRISPR targeting H. sapiens MEIS2,.,TF ChIP-seq,EFO:0001187,HepG2,cell_line,child,encode,single,True,0.9746242761611938,OutputType.CHIP_TF,,,MEIS2
407,EFO:0001187 TF ChIP-seq MGA genetically modified (insertion) using CRISPR targeting H. sapiens MGA,.,TF ChIP-seq,EFO:0001187,HepG2,cell_line,child,encode,single,True,0.6775913834571838,OutputType.CHIP_TF,,,MGA
408,EFO:0001187 TF ChIP-seq MIER2 genetically modified (insertion) using CRISPR targeting H. sapiens MIER2,.,TF ChIP-seq,EFO:0001187,HepG2,cell_line,child,encode,single,True,0.8854577541351318,OutputType.CHIP_TF,,,MIER2
409,EFO:0001187 TF ChIP-seq MIER3 genetically modified (insertion) using CRISPR targeting H. sapiens MIER3,.,TF ChIP-seq,EFO:0001187,HepG2,cell_line,child,encode,single,True,1.0941529273986816,OutputType.CHIP_TF,,,MIER3
410,EFO:0001187 TF ChIP-seq MIXL1 genetically modified (insertion) using CRISPR targeting H. sapiens MIXL1,.,TF ChIP-seq,EFO:0001187,HepG2,cell_line,child,encode,single,True,0.9499257802963257,OutputType.CHIP_TF,,,MIXL1
411,EFO:0001187 TF ChIP-seq MLX genetically modified (insertion) using CRISPR targeting H. sapiens MLX,.,TF ChIP-seq,EFO:0001187,HepG2,cell_line,child,encode,single,True,0.9276852607727051,OutputType.CHIP_TF,,,MLX
412,EFO:0001187 TF ChIP-seq MNT,.,TF ChIP-seq,EFO:0001187,HepG2,cell_line,child,encode,paired,False,0.7852568626403809,OutputType.CHIP_TF,,,MNT
413,EFO:0001187 TF ChIP-seq MNX1 genetically modified (insertion) using CRISPR targeting H. sapiens MNX1,.,TF ChIP-seq,EFO:0001187,HepG2,cell_line,child,encode,single,True,0.8986279964447021,OutputType.CHIP_TF,,,MNX1
414,EFO:0001187 TF ChIP-seq MTA1 genetically modified (insertion) using CRISPR targeting H. sapiens MTA1,.,TF ChIP-seq,EFO:0001187,HepG2,cell_line,child,encode,single,True,0.916018009185791,OutputType.CHIP_TF,,,MTA1
415,EFO:0001187 TF ChIP-seq MTERF2 genetically modified (insertion) using CRISPR targeting MTERF2,.,TF ChIP-seq,EFO:0001187,HepG2,cell_line,child,encode,single,True,0.9842692613601685,OutputType.CHIP_TF,,,MTERF2
416,EFO:0001187 TF ChIP-seq MTERF4 genetically modified (insertion) using CRISPR targeting H. sapiens MTERF4,.,TF ChIP-seq,EFO:0001187,HepG2,cell_line,child,encode,single,True,0.8370930552482605,OutputType.CHIP_TF,,,MTERF4
417,EFO:0001187 TF ChIP-seq MTF2 genetically modified (insertion) using CRISPR targeting H. sapiens MTF2,.,TF ChIP-seq,EFO:0001187,HepG2,cell_line,child,encode,single,True,0.8092882037162781,OutputType.CHIP_TF,,,MTF2
418,EFO:0001187 TF ChIP-seq MXD1 genetically modified (insertion) using CRISPR targeting H. sapiens MXD1,.,TF ChIP-seq,EFO:0001187,HepG2,cell_line,child,encode,single,True,0.8651670813560486,OutputType.CHIP_TF,,,MXD1
419,EFO:0001187 TF ChIP-seq MXD3 genetically modified (insertion) using CRISPR targeting H. sapiens MXD3,.,TF ChIP-seq,EFO:0001187,HepG2,cell_line,child,encode,single,True,0.9163497090339661,OutputType.CHIP_TF,,,MXD3
420,EFO:0001187 TF ChIP-seq MXD4 genetically modified (insertion) using CRISPR targeting H. sapiens MXD4,.,TF ChIP-seq,EFO:0001187,HepG2,cell_line,child,encode,single,True,0.8524300456047058,OutputType.CHIP_TF,,,MXD4
421,EFO:0001187 TF ChIP-seq MXI1,.,TF ChIP-seq,EFO:0001187,HepG2,cell_line,child,encode,single,False,0.8685661554336548,OutputType.CHIP_TF,,,MXI1
422,EFO:0001187 TF ChIP-seq MYBL2,.,TF ChIP-seq,EFO:0001187,HepG2,cell_line,child,encode,single,False,0.7688246965408325,OutputType.CHIP_TF,,,MYBL2
423,EFO:0001187 TF ChIP-seq MYBL2 genetically modified (insertion) using CRISPR targeting H. sapiens MYBL2,.,TF ChIP-seq,EFO:0001187,HepG2,cell_line,child,encode,single,True,0.8381991982460022,OutputType.CHIP_TF,,,MYBL2
424,EFO:0001187 TF ChIP-seq MYC genetically modified (insertion) using CRISPR targeting H. sapiens MYC,.,TF ChIP-seq,EFO:0001187,HepG2,cell_line,child,encode,single,True,0.975422739982605,OutputType.CHIP_TF,,,MYC
425,EFO:0001187 TF ChIP-seq MYPOP genetically modified (insertion) using CRISPR targeting H. sapiens MYPOP,.,TF ChIP-seq,EFO:0001187,HepG2,cell_line,child,encode,single,True,0.7448338270187378,OutputType.CHIP_TF,,,MYPOP
426,EFO:0001187 TF ChIP-seq NACC2 genetically modified (insertion) using CRISPR targeting H. sapiens NACC2,.,TF ChIP-seq,EFO:0001187,HepG2,cell_line,child,encode,single,True,0.7920827865600586,OutputType.CHIP_TF,,,NACC2
427,EFO:0001187 TF ChIP-seq NAIF1 genetically modified (insertion) using CRISPR targeting H. sapiens NAIF1,.,TF ChIP-seq,EFO:0001187,HepG2,cell_line,child,encode,single,True,0.719649076461792,OutputType.CHIP_TF,,,NAIF1
428,EFO:0001187 TF ChIP-seq NCOA1 genetically modified (insertion) using CRISPR targeting H. sapiens NCOA1,.,TF ChIP-seq,EFO:0001187,HepG2,cell_line,child,encode,single,True,0.8247124552726746,OutputType.CHIP_TF,,,NCOA1
429,EFO:0001187 TF ChIP-seq NCOA2 genetically modified (insertion) using CRISPR targeting H. sapiens NCOA2,.,TF ChIP-seq,EFO:0001187,HepG2,cell_line,child,encode,single,True,0.7357525825500488,OutputType.CHIP_TF,,,NCOA2
430,EFO:0001187 TF ChIP-seq NCOR1,.,TF ChIP-seq,EFO:0001187,HepG2,cell_line,child,encode,single,False,0.8372277617454529,OutputType.CHIP_TF,,,NCOR1
431,EFO:0001187 TF ChIP-seq NFAT5 genetically modified (insertion) using CRISPR targeting H. sapiens NFAT5,.,TF ChIP-seq,EFO:0001187,HepG2,cell_line,child,encode,single,True,0.9975798726081848,OutputType.CHIP_TF,,,NFAT5
432,EFO:0001187 TF ChIP-seq NFE2L2,.,TF ChIP-seq,EFO:0001187,HepG2,cell_line,child,encode,single,False,0.9190858006477356,OutputType.CHIP_TF,,,NFE2L2
433,EFO:0001187 TF ChIP-seq NFIA genetically modified (insertion) using CRISPR targeting H. sapiens NFIA,.,TF ChIP-seq,EFO:0001187,HepG2,cell_line,child,encode,single,True,0.8611992597579956,OutputType.CHIP_TF,,,NFIA
434,EFO:0001187 TF ChIP-seq NFIC,.,TF ChIP-seq,EFO:0001187,HepG2,cell_line,child,encode,single,False,0.8097487688064575,OutputType.CHIP_TF,,,NFIC
435,EFO:0001187 TF ChIP-seq NFIL3 genetically modified (insertion) using CRISPR targeting H. sapiens NFIL3,.,TF ChIP-seq,EFO:0001187,HepG2,cell_line,child,encode,single,True,1.0022056102752686,OutputType.CHIP_TF,,,NFIL3
436,EFO:0001187 TF ChIP-seq NFKB2 genetically modified (insertion) using CRISPR targeting H. sapiens NFKB2,.,TF ChIP-seq,EFO:0001187,HepG2,cell_line,child,encode,single,True,0.9625778794288635,OutputType.CHIP_TF,,,NFKB2
437,EFO:0001187 TF ChIP-seq NFKBIZ genetically modified (insertion) using CRISPR targeting H. sapiens NFKBIZ,.,TF ChIP-seq,EFO:0001187,HepG2,cell_line,child,encode,single,True,1.133967399597168,OutputType.CHIP_TF,,,NFKBIZ
438,EFO:0001187 TF ChIP-seq NFYA genetically modified (insertion) using CRISPR targeting H. sapiens NFYA,.,TF ChIP-seq,EFO:0001187,HepG2,cell_line,child,encode,single,True,0.7736610174179077,OutputType.CHIP_TF,,,NFYA
439,EFO:0001187 TF ChIP-seq NFYB genetically modified (insertion) using CRISPR targeting H. sapiens NFYB,.,TF ChIP-seq,EFO:0001187,HepG2,cell_line,child,encode,single,True,0.8818619251251221,OutputType.CHIP_TF,,,NFYB
440,EFO:0001187 TF ChIP-seq NFYC genetically modified (insertion) using CRISPR targeting H. sapiens NFYC,.,TF ChIP-seq,EFO:0001187,HepG2,cell_line,child,encode,single,True,0.7825515866279602,OutputType.CHIP_TF,,,NFYC
441,EFO:0001187 TF ChIP-seq NKX3-1 genetically modified (insertion) using CRISPR targeting H. sapiens NKX3-1,.,TF ChIP-seq,EFO:0001187,HepG2,cell_line,child,encode,single,True,0.8665351271629333,OutputType.CHIP_TF,,,NKX3-1
442,EFO:0001187 TF ChIP-seq NONO,.,TF ChIP-seq,EFO:0001187,HepG2,cell_line,child,encode,single,False,1.1426379680633545,OutputType.CHIP_TF,,,NONO
443,EFO:0001187 TF ChIP-seq NONO genetically modified (insertion) using CRISPR targeting H. sapiens NONO,.,TF ChIP-seq,EFO:0001187,HepG2,cell_line,child,encode,single,True,0.7481790781021118,OutputType.CHIP_TF,,,NONO
444,EFO:0001187 TF ChIP-seq NR0B2 genetically modified (insertion) using CRISPR targeting H. sapiens NR0B2,.,TF ChIP-seq,EFO:0001187,HepG2,cell_line,child,encode,single,True,0.9056433439254761,OutputType.CHIP_TF,,,NR0B2
445,EFO:0001187 TF ChIP-seq NR2C2,.,TF ChIP-seq,EFO:0001187,HepG2,cell_line,child,encode,single,False,1.3596266508102417,OutputType.CHIP_TF,,,NR2C2
446,EFO:0001187 TF ChIP-seq NR2C2 genetically modified (insertion) using CRISPR targeting H. sapiens NR2C2,.,TF ChIP-seq,EFO:0001187,HepG2,cell_line,child,encode,single,True,0.7738513350486755,OutputType.CHIP_TF,,,NR2C2
447,EFO:0001187 TF ChIP-seq NR2F1 genetically modified (insertion) using CRISPR targeting H. sapiens NR2F1,.,TF ChIP-seq,EFO:0001187,HepG2,cell_line,child,encode,paired,True,0.7655856013298035,OutputType.CHIP_TF,,,NR2F1
448,EFO:0001187 TF ChIP-seq NR2F2,.,TF ChIP-seq,EFO:0001187,HepG2,cell_line,child,encode,single,False,0.8991380333900452,OutputType.CHIP_TF,,,NR2F2
449,EFO:0001187 TF ChIP-seq NR2F6,.,TF ChIP-seq,EFO:0001187,HepG2,cell_line,child,encode,single,False,0.8041383028030396,OutputType.CHIP_TF,,,NR2F6
450,EFO:0001187 TF ChIP-seq NR2F6 genetically modified (insertion) using CRISPR targeting H. sapiens NR2F6,.,TF ChIP-seq,EFO:0001187,HepG2,cell_line,child,encode,single,True,0.9790191650390625,OutputType.CHIP_TF,,,NR2F6
451,EFO:0001187 TF ChIP-seq NR5A1 genetically modified (insertion) using CRISPR targeting H. sapiens NR5A1,.,TF ChIP-seq,EFO:0001187,HepG2,cell_line,child,encode,single,True,0.7186427116394043,OutputType.CHIP_TF,,,NR5A1
452,EFO:0001187 TF ChIP-seq NRF1,.,TF ChIP-seq,EFO:0001187,HepG2,cell_line,child,encode,single,False,0.9646556973457336,OutputType.CHIP_TF,,,NRF1
453,EFO:0001187 TF ChIP-seq NRF1 genetically modified (insertion) using CRISPR targeting H. sapiens NRF1,.,TF ChIP-seq,EFO:0001187,HepG2,cell_line,child,encode,single,True,0.8005531430244446,OutputType.CHIP_TF,,,NRF1
454,EFO:0001187 TF ChIP-seq NRL genetically modified (insertion) using CRISPR targeting H. sapiens NRL,.,TF ChIP-seq,EFO:0001187,HepG2,cell_line,child,encode,single,True,0.9735866785049438,OutputType.CHIP_TF,,,NRL
455,EFO:0001187 TF ChIP-seq ONECUT1 genetically modified (insertion) using CRISPR targeting H. sapiens ONECUT1,.,TF ChIP-seq,EFO:0001187,HepG2,cell_line,child,encode,single,True,0.790457546710968,OutputType.CHIP_TF,,,ONECUT1
456,EFO:0001187 TF ChIP-seq ONECUT2 genetically modified (insertion) using CRISPR targeting H. sapiens ONECUT2,.,TF ChIP-seq,EFO:0001187,HepG2,cell_line,child,encode,single,True,0.9098708629608154,OutputType.CHIP_TF,,,ONECUT2
457,EFO:0001187 TF ChIP-seq PATZ1 genetically modified (insertion) using CRISPR targeting H. sapiens PATZ1,.,TF ChIP-seq,EFO:0001187,HepG2,cell_line,child,encode,single,True,0.9359710216522217,OutputType.CHIP_TF,,,PATZ1
458,EFO:0001187 TF ChIP-seq PAX8 genetically modified (insertion) using CRISPR targeting H. sapiens PAX8,.,TF ChIP-seq,EFO:0001187,HepG2,cell_line,child,encode,single,True,0.9743540287017822,OutputType.CHIP_TF,,,PAX8
459,EFO:0001187 TF ChIP-seq PAXIP1 genetically modified (insertion) using CRISPR targeting H. sapiens PAXIP1,.,TF ChIP-seq,EFO:0001187,HepG2,cell_line,child,encode,single,True,0.8004417419433594,OutputType.CHIP_TF,,,PAXIP1
460,EFO:0001187 TF ChIP-seq PBX2 genetically modified (insertion) using CRISPR targeting H. sapiens PBX2,.,TF ChIP-seq,EFO:0001187,HepG2,cell_line,child,encode,single,True,0.881749153137207,OutputType.CHIP_TF,,,PBX2
461,EFO:0001187 TF ChIP-seq PCBP1,.,TF ChIP-seq,EFO:0001187,HepG2,cell_line,child,encode,single,False,1.2073887586593628,OutputType.CHIP_TF,,,PCBP1
462,EFO:0001187 TF ChIP-seq PHF20 genetically modified (insertion) using CRISPR targeting H. sapiens PHF20,.,TF ChIP-seq,EFO:0001187,HepG2,cell_line,child,encode,single,True,0.769675076007843,OutputType.CHIP_TF,,,PHF20
463,EFO:0001187 TF ChIP-seq PHF21A genetically modified (insertion) using CRISPR targeting H. sapiens PHF21A,.,TF ChIP-seq,EFO:0001187,HepG2,cell_line,child,encode,single,True,0.6937996745109558,OutputType.CHIP_TF,,,PHF21A
464,EFO:0001187 TF ChIP-seq PHF5A genetically modified (insertion) using CRISPR targeting H. sapiens PHF5A,.,TF ChIP-seq,EFO:0001187,HepG2,cell_line,child,encode,single,True,1.83791983127594,OutputType.CHIP_TF,,,PHF5A
465,EFO:0001187 TF ChIP-seq PHF8 genetically modified (insertion) using CRISPR targeting H. sapiens PHF8,.,TF ChIP-seq,EFO:0001187,HepG2,cell_line,child,encode,single,True,0.874377965927124,OutputType.CHIP_TF,,,PHF8
466,EFO:0001187 TF ChIP-seq PITX1 genetically modified (insertion) using CRISPR targeting H. sapiens PITX1,.,TF ChIP-seq,EFO:0001187,HepG2,cell_line,child,encode,single,True,0.7807844877243042,OutputType.CHIP_TF,,,PITX1
467,EFO:0001187 TF ChIP-seq POGK genetically modified (insertion) using CRISPR targeting H. sapiens POGK,.,TF ChIP-seq,EFO:0001187,HepG2,cell_line,child,encode,single,True,0.8230445384979248,OutputType.CHIP_TF,,,POGK
468,EFO:0001187 TF ChIP-seq POGZ genetically modified (insertion) using CRISPR targeting H. sapiens POGZ,.,TF ChIP-seq,EFO:0001187,HepG2,cell_line,child,encode,single,True,0.755085289478302,OutputType.CHIP_TF,,,POGZ
469,EFO:0001187 TF ChIP-seq POLR2A,.,TF ChIP-seq,EFO:0001187,HepG2,cell_line,child,encode,single,False,1.2048081159591675,OutputType.CHIP_TF,,,POLR2A
470,EFO:0001187 TF ChIP-seq POLR2AphosphoS2,.,TF ChIP-seq,EFO:0001187,HepG2,cell_line,child,encode,single,False,1.0297231674194336,OutputType.CHIP_TF,,,POLR2AphosphoS2
471,EFO:0001187 TF ChIP-seq POLR2AphosphoS5,.,TF ChIP-seq,EFO:0001187,HepG2,cell_line,child,encode,single,False,0.9985802173614502,OutputType.CHIP_TF,,,POLR2AphosphoS5
472,EFO:0001187 TF ChIP-seq POLR2G,.,TF ChIP-seq,EFO:0001187,HepG2,cell_line,child,encode,single,False,1.722925066947937,OutputType.CHIP_TF,,,POLR2G
473,EFO:0001187 TF ChIP-seq POU2F1 genetically modified (insertion) using CRISPR targeting H. sapiens POU2F1,.,TF ChIP-seq,EFO:0001187,HepG2,cell_line,child,encode,single,True,0.8800401091575623,OutputType.CHIP_TF,,,POU2F1
474,EFO:0001187 TF ChIP-seq PPARG genetically modified (insertion) using CRISPR targeting H. sapiens PPARG,.,TF ChIP-seq,EFO:0001187,HepG2,cell_line,child,encode,single,True,0.8973637819290161,OutputType.CHIP_TF,,,PPARG
475,EFO:0001187 TF ChIP-seq PRDM10 genetically modified (insertion) using CRISPR targeting H. sapiens PRDM10,.,TF ChIP-seq,EFO:0001187,HepG2,cell_line,child,encode,single,True,1.074041485786438,OutputType.CHIP_TF,,,PRDM10
476,EFO:0001187 TF ChIP-seq PRDM15 genetically modified (insertion) using CRISPR targeting H. sapiens PRDM15,.,TF ChIP-seq,EFO:0001187,HepG2,cell_line,child,encode,single,True,0.7786188721656799,OutputType.CHIP_TF,,,PRDM15
477,EFO:0001187 TF ChIP-seq PRMT3 genetically modified (insertion) using CRISPR targeting H. sapiens PRMT3,.,TF ChIP-seq,EFO:0001187,HepG2,cell_line,child,encode,single,True,1.0405604839324951,OutputType.CHIP_TF,,,PRMT3
478,EFO:0001187 TF ChIP-seq PROX1 genetically modified (insertion) using CRISPR targeting H. sapiens PROX1,.,TF ChIP-seq,EFO:0001187,HepG2,cell_line,child,encode,single,True,0.7121201157569885,OutputType.CHIP_TF,,,PROX1
479,EFO:0001187 TF ChIP-seq RAD21,.,TF ChIP-seq,EFO:0001187,HepG2,cell_line,child,encode,single,False,0.7698554992675781,OutputType.CHIP_TF,,,RAD21
480,EFO:0001187 TF ChIP-seq RAD21 genetically modified (insertion) using CRISPR targeting H. sapiens RAD21,.,TF ChIP-seq,EFO:0001187,HepG2,cell_line,child,encode,paired,True,0.7914780378341675,OutputType.CHIP_TF,,,RAD21
481,EFO:0001187 TF ChIP-seq RAD51,.,TF ChIP-seq,EFO:0001187,HepG2,cell_line,child,encode,paired,False,0.8011700510978699,OutputType.CHIP_TF,,,RAD51
482,EFO:0001187 TF ChIP-seq RARA genetically modified (insertion) using CRISPR targeting H. sapiens RARA,.,TF ChIP-seq,EFO:0001187,HepG2,cell_line,child,encode,single,True,0.9285250902175903,OutputType.CHIP_TF,,,RARA
483,EFO:0001187 TF ChIP-seq RBFOX2,.,TF ChIP-seq,EFO:0001187,HepG2,cell_line,child,encode,single,False,1.998249888420105,OutputType.CHIP_TF,,,RBFOX2
484,EFO:0001187 TF ChIP-seq RBM22,.,TF ChIP-seq,EFO:0001187,HepG2,cell_line,child,encode,single,False,1.1799737215042114,OutputType.CHIP_TF,,,RBM22
485,EFO:0001187 TF ChIP-seq RBPJ genetically modified (insertion) using CRISPR targeting H. sapiens RBPJ,.,TF ChIP-seq,EFO:0001187,HepG2,cell_line,child,encode,single,True,0.8219013810157776,OutputType.CHIP_TF,,,RBPJ
486,EFO:0001187 TF ChIP-seq RCOR2 genetically modified (insertion) using CRISPR targeting H. sapiens RCOR2,.,TF ChIP-seq,EFO:0001187,HepG2,cell_line,child,encode,single,True,0.9226512312889099,OutputType.CHIP_TF,,,RCOR2
487,EFO:0001187 TF ChIP-seq REL genetically modified (insertion) using CRISPR targeting H. sapiens REL,.,TF ChIP-seq,EFO:0001187,HepG2,cell_line,child,encode,single,True,1.0532374382019043,OutputType.CHIP_TF,,,REL
488,EFO:0001187 TF ChIP-seq REPIN1 genetically modified (insertion) using CRISPR targeting H. sapiens REPIN1,.,TF ChIP-seq,EFO:0001187,HepG2,cell_line,child,encode,single,True,0.925352931022644,OutputType.CHIP_TF,,,REPIN1
489,EFO:0001187 TF ChIP-seq RERE genetically modified (insertion) using CRISPR targeting H. sapiens RERE,.,TF ChIP-seq,EFO:0001187,HepG2,cell_line,child,encode,single,True,1.0478590726852417,OutputType.CHIP_TF,,,RERE
490,EFO:0001187 TF ChIP-seq REST,.,TF ChIP-seq,EFO:0001187,HepG2,cell_line,child,encode,single,False,0.7586206793785095,OutputType.CHIP_TF,,,REST
491,EFO:0001187 TF ChIP-seq RFX1,.,TF ChIP-seq,EFO:0001187,HepG2,cell_line,child,encode,paired,False,0.7884061932563782,OutputType.CHIP_TF,,,RFX1
492,EFO:0001187 TF ChIP-seq RFX3 genetically modified (insertion) using CRISPR targeting H. sapiens RFX3,.,TF ChIP-seq,EFO:0001187,HepG2,cell_line,child,encode,single,True,0.8227242827415466,OutputType.CHIP_TF,,,RFX3
493,EFO:0001187 TF ChIP-seq RFX5,.,TF ChIP-seq,EFO:0001187,HepG2,cell_line,child,encode,single,False,0.9266942739486694,OutputType.CHIP_TF,,,RFX5
494,EFO:0001187 TF ChIP-seq RFXANK genetically modified (insertion) using CRISPR targeting H. sapiens RFXANK,.,TF ChIP-seq,EFO:0001187,HepG2,cell_line,child,encode,single,True,0.9498895406723022,OutputType.CHIP_TF,,,RFXANK
495,EFO:0001187 TF ChIP-seq RFXAP genetically modified (insertion) using CRISPR targeting H. sapiens RFXAP,.,TF ChIP-seq,EFO:0001187,HepG2,cell_line,child,encode,single,True,0.7844979166984558,OutputType.CHIP_TF,,,RFXAP
496,EFO:0001187 TF ChIP-seq RNF2,.,TF ChIP-seq,EFO:0001187,HepG2,cell_line,child,encode,paired,False,0.816886305809021,OutputType.CHIP_TF,,,RNF2
497,EFO:0001187 TF ChIP-seq RREB1 genetically modified (insertion) using CRISPR targeting H. sapiens RREB1,.,TF ChIP-seq,EFO:0001187,HepG2,cell_line,child,encode,single,True,1.0106076002120972,OutputType.CHIP_TF,,,RREB1
498,EFO:0001187 TF ChIP-seq RXRA,.,TF ChIP-seq,EFO:0001187,HepG2,cell_line,child,encode,single,False,1.197197437286377,OutputType.CHIP_TF,,,RXRA
499,EFO:0001187 TF ChIP-seq RXRA genetically modified (insertion) using CRISPR targeting H. sapiens RXRA,.,TF ChIP-seq,EFO:0001187,HepG2,cell_line,child,encode,single,True,1.1213041543960571,OutputType.CHIP_TF,,,RXRA
500,EFO:0001187 TF ChIP-seq RXRB genetically modified (insertion) using CRISPR targeting H. sapiens RXRB,.,TF ChIP-seq,EFO:0001187,HepG2,cell_line,child,encode,single,True,0.8612909913063049,OutputType.CHIP_TF,,,RXRB
501,EFO:0001187 TF ChIP-seq SAFB2 genetically modified (insertion) using CRISPR targeting H. sapiens SAFB2,.,TF ChIP-seq,EFO:0001187,HepG2,cell_line,child,encode,single,True,1.031803011894226,OutputType.CHIP_TF,,,SAFB2
502,EFO:0001187 TF ChIP-seq SALL1 genetically modified (insertion) using CRISPR targeting H. sapiens SALL1,.,TF ChIP-seq,EFO:0001187,HepG2,cell_line,child,encode,single,True,0.9423276782035828,OutputType.CHIP_TF,,,SALL1
503,EFO:0001187 TF ChIP-seq SALL2 genetically modified (insertion) using CRISPR targeting H. sapiens SALL2,.,TF ChIP-seq,EFO:0001187,HepG2,cell_line,child,encode,single,True,0.9552118182182312,OutputType.CHIP_TF,,,SALL2
504,EFO:0001187 TF ChIP-seq SAP130 genetically modified (insertion) using CRISPR targeting H. sapiens SAP130,.,TF ChIP-seq,EFO:0001187,HepG2,cell_line,child,encode,single,True,1.1284693479537964,OutputType.CHIP_TF,,,SAP130
505,EFO:0001187 TF ChIP-seq SFPQ genetically modified (insertion) using CRISPR targeting H. sapiens SFPQ,.,TF ChIP-seq,EFO:0001187,HepG2,cell_line,child,encode,single,True,0.7817854881286621,OutputType.CHIP_TF,,,SFPQ
506,EFO:0001187 TF ChIP-seq SIN3A,.,TF ChIP-seq,EFO:0001187,HepG2,cell_line,child,encode,single,False,1.0873051881790161,OutputType.CHIP_TF,,,SIN3A
507,EFO:0001187 TF ChIP-seq SIX1 genetically modified (insertion) using CRISPR targeting H. sapiens SIX1,.,TF ChIP-seq,EFO:0001187,HepG2,cell_line,child,encode,single,True,0.9503000378608704,OutputType.CHIP_TF,,,SIX1
508,EFO:0001187 TF ChIP-seq SIX4 genetically modified (insertion) using CRISPR targeting H. sapiens SIX4,.,TF ChIP-seq,EFO:0001187,HepG2,cell_line,child,encode,single,True,0.9222257733345032,OutputType.CHIP_TF,,,SIX4
509,EFO:0001187 TF ChIP-seq SKI,.,TF ChIP-seq,EFO:0001187,HepG2,cell_line,child,encode,paired,False,0.8008700609207153,OutputType.CHIP_TF,,,SKI
510,EFO:0001187 TF ChIP-seq SKIL genetically modified (insertion) using CRISPR targeting H. sapiens SKIL,.,TF ChIP-seq,EFO:0001187,HepG2,cell_line,child,encode,single,True,0.7631751298904419,OutputType.CHIP_TF,,,SKIL
511,EFO:0001187 TF ChIP-seq SMAD1 genetically modified (insertion) using CRISPR targeting H. sapiens SMAD1,.,TF ChIP-seq,EFO:0001187,HepG2,cell_line,child,encode,single,True,0.986376166343689,OutputType.CHIP_TF,,,SMAD1
512,EFO:0001187 TF ChIP-seq SMAD3 genetically modified (insertion) using CRISPR targeting H. sapiens SMAD3,.,TF ChIP-seq,EFO:0001187,HepG2,cell_line,child,encode,single,True,1.0293339490890503,OutputType.CHIP_TF,,,SMAD3
513,EFO:0001187 TF ChIP-seq SMAD4 genetically modified (insertion) using CRISPR targeting H. sapiens SMAD4,.,TF ChIP-seq,EFO:0001187,HepG2,cell_line,child,encode,single,True,0.9015190601348877,OutputType.CHIP_TF,,,SMAD4
514,EFO:0001187 TF ChIP-seq SMAD7 genetically modified (insertion) using CRISPR targeting H. sapiens SMAD7,.,TF ChIP-seq,EFO:0001187,HepG2,cell_line,child,encode,single,True,0.752911388874054,OutputType.CHIP_TF,,,SMAD7
515,EFO:0001187 TF ChIP-seq SMC3,.,TF ChIP-seq,EFO:0001187,HepG2,cell_line,child,encode,single,False,0.9092524647712708,OutputType.CHIP_TF,,,SMC3
516,EFO:0001187 TF ChIP-seq SMYD3 genetically modified (insertion) using CRISPR targeting H. sapiens SMYD3,.,TF ChIP-seq,EFO:0001187,HepG2,cell_line,child,encode,single,True,0.7420292496681213,OutputType.CHIP_TF,,,SMYD3
517,EFO:0001187 TF ChIP-seq SNAI1 genetically modified (insertion) using CRISPR targeting H. sapiens SNAI1,.,TF ChIP-seq,EFO:0001187,HepG2,cell_line,child,encode,single,True,0.8619522452354431,OutputType.CHIP_TF,,,SNAI1
518,EFO:0001187 TF ChIP-seq SNAPC2 genetically modified (insertion) using CRISPR targeting H. sapiens SNAPC2,.,TF ChIP-seq,EFO:0001187,HepG2,cell_line,child,encode,single,True,0.7249414920806885,OutputType.CHIP_TF,,,SNAPC2
519,EFO:0001187 TF ChIP-seq SNAPC4 genetically modified (insertion) using CRISPR targeting H. sapiens SNAPC4,.,TF ChIP-seq,EFO:0001187,HepG2,cell_line,child,encode,single,True,0.7284868955612183,OutputType.CHIP_TF,,,SNAPC4
520,EFO:0001187 TF ChIP-seq SOX13,.,TF ChIP-seq,EFO:0001187,HepG2,cell_line,child,encode,single,False,0.903328537940979,OutputType.CHIP_TF,,,SOX13
521,EFO:0001187 TF ChIP-seq SOX13 genetically modified (insertion) using CRISPR targeting H. sapiens SOX13,.,TF ChIP-seq,EFO:0001187,HepG2,cell_line,child,encode,single,True,0.8848525881767273,OutputType.CHIP_TF,,,SOX13
522,EFO:0001187 TF ChIP-seq SOX5 genetically modified (insertion) using CRISPR targeting H. sapiens SOX5,.,TF ChIP-seq,EFO:0001187,HepG2,cell_line,child,encode,single,True,0.8656461834907532,OutputType.CHIP_TF,,,SOX5
523,EFO:0001187 TF ChIP-seq SOX6 genetically modified (insertion) using CRISPR targeting H. sapiens SOX6,.,TF ChIP-seq,EFO:0001187,HepG2,cell_line,child,encode,single,True,0.6767212152481079,OutputType.CHIP_TF,,,SOX6
524,EFO:0001187 TF ChIP-seq SP1 genetically modified (insertion) using CRISPR targeting H. sapiens SP1,.,TF ChIP-seq,EFO:0001187,HepG2,cell_line,child,encode,single,True,0.996976375579834,OutputType.CHIP_TF,,,SP1
525,EFO:0001187 TF ChIP-seq SP2 genetically modified (insertion) using CRISPR targeting H. sapiens SP2,.,TF ChIP-seq,EFO:0001187,HepG2,cell_line,child,encode,single,True,0.7717787623405457,OutputType.CHIP_TF,,,SP2
526,EFO:0001187 TF ChIP-seq SP4 genetically modified (insertion) using CRISPR targeting H. sapiens SP4,.,TF ChIP-seq,EFO:0001187,HepG2,cell_line,child,encode,single,True,0.743215024471283,OutputType.CHIP_TF,,,SP4
527,EFO:0001187 TF ChIP-seq SP5 genetically modified (insertion) using CRISPR targeting H. sapiens SP5,.,TF ChIP-seq,EFO:0001187,HepG2,cell_line,child,encode,single,True,1.0091557502746582,OutputType.CHIP_TF,,,SP5
528,EFO:0001187 TF ChIP-seq SPEN genetically modified (insertion) using CRISPR targeting H. sapiens SPEN,.,TF ChIP-seq,EFO:0001187,HepG2,cell_line,child,encode,single,True,0.944501519203186,OutputType.CHIP_TF,,,SPEN
529,EFO:0001187 TF ChIP-seq SRF,.,TF ChIP-seq,EFO:0001187,HepG2,cell_line,child,encode,single,False,1.1052981615066528,OutputType.CHIP_TF,,,SRF
530,EFO:0001187 TF ChIP-seq SRF genetically modified (insertion) using CRISPR targeting H. sapiens SRF,.,TF ChIP-seq,EFO:0001187,HepG2,cell_line,child,encode,single,True,0.7710830569267273,OutputType.CHIP_TF,,,SRF
531,EFO:0001187 TF ChIP-seq SRSF1,.,TF ChIP-seq,EFO:0001187,HepG2,cell_line,child,encode,single,False,1.1889073848724365,OutputType.CHIP_TF,,,SRSF1
532,EFO:0001187 TF ChIP-seq SRY genetically modified (insertion) using CRISPR targeting H. sapiens SRY,.,TF ChIP-seq,EFO:0001187,HepG2,cell_line,child,encode,single,True,0.8186574578285217,OutputType.CHIP_TF,,,SRY
533,EFO:0001187 TF ChIP-seq SSRP1 genetically modified (insertion) using CRISPR targeting H. sapiens SSRP1,.,TF ChIP-seq,EFO:0001187,HepG2,cell_line,child,encode,single,True,0.8533490896224976,OutputType.CHIP_TF,,,SSRP1
534,EFO:0001187 TF ChIP-seq STAG1 genetically modified (insertion) using CRISPR targeting H. sapiens STAG1,.,TF ChIP-seq,EFO:0001187,HepG2,cell_line,child,encode,single,True,0.8101587891578674,OutputType.CHIP_TF,,,STAG1
535,EFO:0001187 TF ChIP-seq STAT6 genetically modified (insertion) using CRISPR targeting H. sapiens STAT6,.,TF ChIP-seq,EFO:0001187,HepG2,cell_line,child,encode,single,True,0.7716986536979675,OutputType.CHIP_TF,,,STAT6
536,EFO:0001187 TF ChIP-seq SYNCRIP,.,TF ChIP-seq,EFO:0001187,HepG2,cell_line,child,encode,single,False,1.1821725368499756,OutputType.CHIP_TF,,,SYNCRIP
537,EFO:0001187 TF ChIP-seq TAF1,.,TF ChIP-seq,EFO:0001187,HepG2,cell_line,child,encode,single,False,1.1410554647445679,OutputType.CHIP_TF,,,TAF1
538,EFO:0001187 TF ChIP-seq TAF1 genetically modified (insertion) using CRISPR targeting H. sapiens TAF1,.,TF ChIP-seq,EFO:0001187,HepG2,cell_line,child,encode,single,True,0.8850846290588379,OutputType.CHIP_TF,,,TAF1
539,EFO:0001187 TF ChIP-seq TARDBP genetically modified (insertion) using CRISPR targeting H. sapiens TARDBP,.,TF ChIP-seq,EFO:0001187,HepG2,cell_line,child,encode,single,True,0.7415699362754822,OutputType.CHIP_TF,,,TARDBP
540,EFO:0001187 TF ChIP-seq TBL1XR1,.,TF ChIP-seq,EFO:0001187,HepG2,cell_line,child,encode,single,False,0.9321562051773071,OutputType.CHIP_TF,,,TBL1XR1
541,EFO:0001187 TF ChIP-seq TBP,.,TF ChIP-seq,EFO:0001187,HepG2,cell_line,child,encode,single,False,0.9855942726135254,OutputType.CHIP_TF,,,TBP
542,EFO:0001187 TF ChIP-seq TBX2 genetically modified (insertion) using CRISPR targeting H. sapiens TBX2,.,TF ChIP-seq,EFO:0001187,HepG2,cell_line,child,encode,single,True,0.7747896909713745,OutputType.CHIP_TF,,,TBX2
543,EFO:0001187 TF ChIP-seq TBX3,.,TF ChIP-seq,EFO:0001187,HepG2,cell_line,child,encode,paired,False,0.7977409958839417,OutputType.CHIP_TF,,,TBX3
544,EFO:0001187 TF ChIP-seq TCF12,.,TF ChIP-seq,EFO:0001187,HepG2,cell_line,child,encode,paired,False,0.8203737139701843,OutputType.CHIP_TF,,,TCF12
545,EFO:0001187 TF ChIP-seq TCF12 genetically modified (insertion) using CRISPR targeting H. sapiens TCF12,.,TF ChIP-seq,EFO:0001187,HepG2,cell_line,child,encode,single,True,0.7893351912498474,OutputType.CHIP_TF,,,TCF12
546,EFO:0001187 TF ChIP-seq TCF7,.,TF ChIP-seq,EFO:0001187,HepG2,cell_line,child,encode,single,False,0.8722495436668396,OutputType.CHIP_TF,,,TCF7
547,EFO:0001187 TF ChIP-seq TCF7L2 genetically modified (insertion) using CRISPR targeting H. sapiens TCF7L2,.,TF ChIP-seq,EFO:0001187,HepG2,cell_line,child,encode,single,True,0.7317715287208557,OutputType.CHIP_TF,,,TCF7L2
548,EFO:0001187 TF ChIP-seq TEAD1 genetically modified (insertion) using CRISPR targeting H. sapiens TEAD1,.,TF ChIP-seq,EFO:0001187,HepG2,cell_line,child,encode,single,True,0.9257047772407532,OutputType.CHIP_TF,,,TEAD1
549,EFO:0001187 TF ChIP-seq TEAD4 genetically modified (insertion) using CRISPR targeting H. sapiens TEAD4,.,TF ChIP-seq,EFO:0001187,HepG2,cell_line,child,encode,single,True,1.0511606931686401,OutputType.CHIP_TF,,,TEAD4
550,EFO:0001187 TF ChIP-seq TFAP4,.,TF ChIP-seq,EFO:0001187,HepG2,cell_line,child,encode,single,False,0.875960648059845,OutputType.CHIP_TF,,,TFAP4
551,EFO:0001187 TF ChIP-seq TFAP4 genetically modified (insertion) using CRISPR targeting H. sapiens TFAP4,.,TF ChIP-seq,EFO:0001187,HepG2,cell_line,child,encode,single,True,0.8421273231506348,OutputType.CHIP_TF,,,TFAP4
552,EFO:0001187 TF ChIP-seq TFDP1 genetically modified (insertion) using CRISPR targeting H. sapiens TFDP1,.,TF ChIP-seq,EFO:0001187,HepG2,cell_line,child,encode,single,True,0.9420638084411621,OutputType.CHIP_TF,,,TFDP1
553,EFO:0001187 TF ChIP-seq TFDP2 genetically modified (insertion) using CRISPR targeting H. sapiens TFDP2,.,TF ChIP-seq,EFO:0001187,HepG2,cell_line,child,encode,single,True,0.9153624176979065,OutputType.CHIP_TF,,,TFDP2
554,EFO:0001187 TF ChIP-seq TFE3 genetically modified (insertion) using CRISPR targeting H. sapiens TFE3,.,TF ChIP-seq,EFO:0001187,HepG2,cell_line,child,encode,single,True,0.9042627215385437,OutputType.CHIP_TF,,,TFE3
555,EFO:0001187 TF ChIP-seq TGIF2 genetically modified (insertion) using CRISPR targeting H. sapiens TGIF2,.,TF ChIP-seq,EFO:0001187,HepG2,cell_line,child,encode,single,True,0.8595854640007019,OutputType.CHIP_TF,,,TGIF2
556,EFO:0001187 TF ChIP-seq THAP11 genetically modified (insertion) using CRISPR targeting H. sapiens THAP11,.,TF ChIP-seq,EFO:0001187,HepG2,cell_line,child,encode,single,True,0.9138163328170776,OutputType.CHIP_TF,,,THAP11
557,EFO:0001187 TF ChIP-seq THAP4 genetically modified (insertion) using CRISPR targeting H. sapiens THAP4,.,TF ChIP-seq,EFO:0001187,HepG2,cell_line,child,encode,single,True,0.8851185441017151,OutputType.CHIP_TF,,,THAP4
558,EFO:0001187 TF ChIP-seq THAP7 genetically modified (insertion) using CRISPR targeting H. sapiens THAP7,.,TF ChIP-seq,EFO:0001187,HepG2,cell_line,child,encode,single,True,0.7786096930503845,OutputType.CHIP_TF,,,THAP7
559,EFO:0001187 TF ChIP-seq THAP9 genetically modified (insertion) using CRISPR targeting H. sapiens THAP9,.,TF ChIP-seq,EFO:0001187,HepG2,cell_line,child,encode,single,True,0.959831953048706,OutputType.CHIP_TF,,,THAP9
560,EFO:0001187 TF ChIP-seq THRA genetically modified (insertion) using CRISPR targeting H. sapiens THRA,.,TF ChIP-seq,EFO:0001187,HepG2,cell_line,child,encode,single,True,0.9196423888206482,OutputType.CHIP_TF,,,THRA
561,EFO:0001187 TF ChIP-seq THRB genetically modified (insertion) using CRISPR targeting H. sapiens THRB,.,TF ChIP-seq,EFO:0001187,HepG2,cell_line,child,encode,single,True,0.89207524061203,OutputType.CHIP_TF,,,THRB
562,EFO:0001187 TF ChIP-seq TIGD6 genetically modified (insertion) using CRISPR targeting H. sapiens TIGD6,.,TF ChIP-seq,EFO:0001187,HepG2,cell_line,child,encode,single,True,1.0031518936157227,OutputType.CHIP_TF,,,TIGD6
563,EFO:0001187 TF ChIP-seq TMF1 genetically modified (insertion) using CRISPR targeting H. sapiens TMF1,.,TF ChIP-seq,EFO:0001187,HepG2,cell_line,child,encode,single,True,1.0196382999420166,OutputType.CHIP_TF,,,TMF1
564,EFO:0001187 TF ChIP-seq TOPORS genetically modified (insertion) using CRISPR targeting H. sapiens TOPORS,.,TF ChIP-seq,EFO:0001187,HepG2,cell_line,child,encode,single,True,1.007036566734314,OutputType.CHIP_TF,,,TOPORS
565,EFO:0001187 TF ChIP-seq TSC22D2 genetically modified (insertion) using CRISPR targeting H. sapiens TSC22D2,.,TF ChIP-seq,EFO:0001187,HepG2,cell_line,child,encode,single,True,0.8827473521232605,OutputType.CHIP_TF,,,TSC22D2
566,EFO:0001187 TF ChIP-seq U2AF1,.,TF ChIP-seq,EFO:0001187,HepG2,cell_line,child,encode,single,False,1.0612825155258179,OutputType.CHIP_TF,,,U2AF1
567,EFO:0001187 TF ChIP-seq UBTF genetically modified (insertion) using CRISPR targeting H. sapiens UBTF,.,TF ChIP-seq,EFO:0001187,HepG2,cell_line,child,encode,single,True,0.8433441519737244,OutputType.CHIP_TF,,,UBTF
568,EFO:0001187 TF ChIP-seq USF1,.,TF ChIP-seq,EFO:0001187,HepG2,cell_line,child,encode,single,False,1.098744511604309,OutputType.CHIP_TF,,,USF1
569,EFO:0001187 TF ChIP-seq USF1 genetically modified (insertion) using CRISPR targeting H. sapiens USF1,.,TF ChIP-seq,EFO:0001187,HepG2,cell_line,child,encode,single,True,0.900845468044281,OutputType.CHIP_TF,,,USF1
570,EFO:0001187 TF ChIP-seq USF2,.,TF ChIP-seq,EFO:0001187,HepG2,cell_line,child,encode,single,False,0.9207738637924194,OutputType.CHIP_TF,,,USF2
571,EFO:0001187 TF ChIP-seq USF2 genetically modified (insertion) using CRISPR targeting H. sapiens USF2,.,TF ChIP-seq,EFO:0001187,HepG2,cell_line,child,encode,single,True,0.7270066738128662,OutputType.CHIP_TF,,,USF2
572,EFO:0001187 TF ChIP-seq WIZ genetically modified (insertion) using CRISPR targeting H. sapiens WIZ,.,TF ChIP-seq,EFO:0001187,HepG2,cell_line,child,encode,single,True,0.8840749263763428,OutputType.CHIP_TF,,,WIZ
573,EFO:0001187 TF ChIP-seq XRCC5,.,TF ChIP-seq,EFO:0001187,HepG2,cell_line,child,encode,single,False,1.0517430305480957,OutputType.CHIP_TF,,,XRCC5
574,EFO:0001187 TF ChIP-seq YEATS2 genetically modified (insertion) using CRISPR targeting H. sapiens YEATS2,.,TF ChIP-seq,EFO:0001187,HepG2,cell_line,child,encode,single,True,0.9096387028694153,OutputType.CHIP_TF,,,YEATS2
575,EFO:0001187 TF ChIP-seq YEATS4 genetically modified (insertion) using CRISPR targeting H. sapiens YEATS4,.,TF ChIP-seq,EFO:0001187,HepG2,cell_line,child,encode,single,True,0.8054701685905457,OutputType.CHIP_TF,,,YEATS4
576,EFO:0001187 TF ChIP-seq ZBED4 genetically modified (insertion) using CRISPR targeting H. sapiens ZBED4,.,TF ChIP-seq,EFO:0001187,HepG2,cell_line,child,encode,single,True,0.8998281359672546,OutputType.CHIP_TF,,,ZBED4
577,EFO:0001187 TF ChIP-seq ZBTB10 genetically modified (insertion) using CRISPR targeting H. sapiens ZBTB10,.,TF ChIP-seq,EFO:0001187,HepG2,cell_line,child,encode,single,True,0.9627751708030701,OutputType.CHIP_TF,,,ZBTB10
578,EFO:0001187 TF ChIP-seq ZBTB14 genetically modified (insertion) using CRISPR targeting H. sapiens ZBTB14,.,TF ChIP-seq,EFO:0001187,HepG2,cell_line,child,encode,single,True,0.8031800389289856,OutputType.CHIP_TF,,,ZBTB14
579,EFO:0001187 TF ChIP-seq ZBTB2 genetically modified (insertion) using CRISPR targeting H. sapiens ZBTB2,.,TF ChIP-seq,EFO:0001187,HepG2,cell_line,child,encode,single,True,0.9911438822746277,OutputType.CHIP_TF,,,ZBTB2
580,EFO:0001187 TF ChIP-seq ZBTB20 genetically modified (insertion) using CRISPR targeting H. sapiens ZBTB20,.,TF ChIP-seq,EFO:0001187,HepG2,cell_line,child,encode,single,True,0.8909486532211304,OutputType.CHIP_TF,,,ZBTB20
581,EFO:0001187 TF ChIP-seq ZBTB21 genetically modified (insertion) using CRISPR targeting H. sapiens ZBTB21,.,TF ChIP-seq,EFO:0001187,HepG2,cell_line,child,encode,single,True,0.928541898727417,OutputType.CHIP_TF,,,ZBTB21
582,EFO:0001187 TF ChIP-seq ZBTB25 genetically modified (insertion) using CRISPR targeting H. sapiens ZBTB25,.,TF ChIP-seq,EFO:0001187,HepG2,cell_line,child,encode,single,True,0.9135708212852478,OutputType.CHIP_TF,,,ZBTB25
583,EFO:0001187 TF ChIP-seq ZBTB26 genetically modified (insertion) using CRISPR targeting H. sapiens ZBTB26,.,TF ChIP-seq,EFO:0001187,HepG2,cell_line,child,encode,single,True,1.0108758211135864,OutputType.CHIP_TF,,,ZBTB26
584,EFO:0001187 TF ChIP-seq ZBTB3 genetically modified (insertion) using CRISPR targeting H. sapiens ZBTB3,.,TF ChIP-seq,EFO:0001187,HepG2,cell_line,child,encode,single,True,1.0485961437225342,OutputType.CHIP_TF,,,ZBTB3
585,EFO:0001187 TF ChIP-seq ZBTB33 genetically modified (insertion) using CRISPR targeting H. sapiens ZBTB33,.,TF ChIP-seq,EFO:0001187,HepG2,cell_line,child,encode,single,True,1.1343882083892822,OutputType.CHIP_TF,,,ZBTB33
586,EFO:0001187 TF ChIP-seq ZBTB34 genetically modified (insertion) using CRISPR targeting H. sapiens ZBTB34,.,TF ChIP-seq,EFO:0001187,HepG2,cell_line,child,encode,single,True,0.7640775442123413,OutputType.CHIP_TF,,,ZBTB34
587,EFO:0001187 TF ChIP-seq ZBTB37 genetically modified (insertion) using CRISPR targeting H. sapiens ZBTB37,.,TF ChIP-seq,EFO:0001187,HepG2,cell_line,child,encode,single,True,0.8237205147743225,OutputType.CHIP_TF,,,ZBTB37
588,EFO:0001187 TF ChIP-seq ZBTB38 genetically modified (insertion) using CRISPR targeting H. sapiens ZBTB38,.,TF ChIP-seq,EFO:0001187,HepG2,cell_line,child,encode,single,True,1.0577255487442017,OutputType.CHIP_TF,,,ZBTB38
589,EFO:0001187 TF ChIP-seq ZBTB39 genetically modified (insertion) using CRISPR targeting H. sapiens ZBTB39,.,TF ChIP-seq,EFO:0001187,HepG2,cell_line,child,encode,single,True,0.8480784296989441,OutputType.CHIP_TF,,,ZBTB39
590,EFO:0001187 TF ChIP-seq ZBTB4 genetically modified (insertion) using CRISPR targeting H. sapiens ZBTB4,.,TF ChIP-seq,EFO:0001187,HepG2,cell_line,child,encode,single,True,0.9013466238975525,OutputType.CHIP_TF,,,ZBTB4
591,EFO:0001187 TF ChIP-seq ZBTB40,.,TF ChIP-seq,EFO:0001187,HepG2,cell_line,child,encode,paired,False,0.8051753044128418,OutputType.CHIP_TF,,,ZBTB40
592,EFO:0001187 TF ChIP-seq ZBTB40 genetically modified (insertion) using CRISPR targeting H. sapiens ZBTB40,.,TF ChIP-seq,EFO:0001187,HepG2,cell_line,child,encode,single,True,0.778750479221344,OutputType.CHIP_TF,,,ZBTB40
593,EFO:0001187 TF ChIP-seq ZBTB42 genetically modified (insertion) using CRISPR targeting H. sapiens ZBTB42,.,TF ChIP-seq,EFO:0001187,HepG2,cell_line,child,encode,single,True,0.8204653263092041,OutputType.CHIP_TF,,,ZBTB42
594,EFO:0001187 TF ChIP-seq ZBTB43 genetically modified (insertion) using CRISPR targeting H. sapiens ZBTB43,.,TF ChIP-seq,EFO:0001187,HepG2,cell_line,child,encode,single,True,0.8609235882759094,OutputType.CHIP_TF,,,ZBTB43
595,EFO:0001187 TF ChIP-seq ZBTB7A genetically modified (insertion) using CRISPR targeting H. sapiens ZBTB7A,.,TF ChIP-seq,EFO:0001187,HepG2,cell_line,child,encode,single,True,0.7705633640289307,OutputType.CHIP_TF,,,ZBTB7A
596,EFO:0001187 TF ChIP-seq ZBTB7B genetically modified (insertion) using CRISPR targeting H. sapiens ZBTB7B,.,TF ChIP-seq,EFO:0001187,HepG2,cell_line,child,encode,single,True,0.9123576879501343,OutputType.CHIP_TF,,,ZBTB7B
597,EFO:0001187 TF ChIP-seq ZC3H13 genetically modified (insertion) using CRISPR targeting H. sapiens ZC3H13,.,TF ChIP-seq,EFO:0001187,HepG2,cell_line,child,encode,single,True,0.8297136425971985,OutputType.CHIP_TF,,,ZC3H13
598,EFO:0001187 TF ChIP-seq ZC3H4 genetically modified (insertion) using CRISPR targeting H. sapiens ZC3H4,.,TF ChIP-seq,EFO:0001187,HepG2,cell_line,child,encode,single,True,1.0672674179077148,OutputType.CHIP_TF,,,ZC3H4
599,EFO:0001187 TF ChIP-seq ZC3H8 genetically modified (insertion) using CRISPR targeting H. sapiens ZC3H8,.,TF ChIP-seq,EFO:0001187,HepG2,cell_line,child,encode,single,True,0.8621376156806946,OutputType.CHIP_TF,,,ZC3H8
600,EFO:0001187 TF ChIP-seq ZFHX3 genetically modified (insertion) using CRISPR targeting H. sapiens ZFHX3,.,TF ChIP-seq,EFO:0001187,HepG2,cell_line,child,encode,single,True,0.8129685521125793,OutputType.CHIP_TF,,,ZFHX3
601,EFO:0001187 TF ChIP-seq ZFP1 genetically modified (insertion) using CRISPR targeting H. sapiens ZFP1,.,TF ChIP-seq,EFO:0001187,HepG2,cell_line,child,encode,single,True,1.185996651649475,OutputType.CHIP_TF,,,ZFP1
602,EFO:0001187 TF ChIP-seq ZFP36L1 genetically modified (insertion) using CRISPR targeting H. sapiens ZFP36L1,.,TF ChIP-seq,EFO:0001187,HepG2,cell_line,child,encode,single,True,0.7804683446884155,OutputType.CHIP_TF,,,ZFP36L1
603,EFO:0001187 TF ChIP-seq ZFP37 genetically modified (insertion) using CRISPR targeting H. sapiens ZFP37,.,TF ChIP-seq,EFO:0001187,HepG2,cell_line,child,encode,single,True,0.973634660243988,OutputType.CHIP_TF,,,ZFP37
604,EFO:0001187 TF ChIP-seq ZFP64 genetically modified (insertion) using CRISPR targeting H. sapiens ZFP64,.,TF ChIP-seq,EFO:0001187,HepG2,cell_line,child,encode,single,True,0.9026479125022888,OutputType.CHIP_TF,,,ZFP64
605,EFO:0001187 TF ChIP-seq ZFP82 genetically modified (insertion) using CRISPR targeting H. sapiens ZFP82,.,TF ChIP-seq,EFO:0001187,HepG2,cell_line,child,encode,single,True,0.8867844343185425,OutputType.CHIP_TF,,,ZFP82
606,EFO:0001187 TF ChIP-seq ZFP90 genetically modified (insertion) using CRISPR targeting H. sapiens ZFP90,.,TF ChIP-seq,EFO:0001187,HepG2,cell_line,child,encode,single,True,0.7457435727119446,OutputType.CHIP_TF,,,ZFP90
607,EFO:0001187 TF ChIP-seq ZFP91 genetically modified (insertion) using CRISPR targeting H. sapiens ZFP91,.,TF ChIP-seq,EFO:0001187,HepG2,cell_line,child,encode,single,True,0.6807087063789368,OutputType.CHIP_TF,,,ZFP91
608,EFO:0001187 TF ChIP-seq ZFX genetically modified (insertion) using CRISPR targeting H. sapiens ZFX,.,TF ChIP-seq,EFO:0001187,HepG2,cell_line,child,encode,single,True,1.0690839290618896,OutputType.CHIP_TF,,,ZFX
609,EFO:0001187 TF ChIP-seq ZFY genetically modified (insertion) using CRISPR targeting H. sapiens ZFY,.,TF ChIP-seq,EFO:0001187,HepG2,cell_line,child,encode,single,True,0.7878023982048035,OutputType.CHIP_TF,,,ZFY
610,EFO:0001187 TF ChIP-seq ZGPAT genetically modified (insertion) using CRISPR targeting H. sapiens ZGPAT,.,TF ChIP-seq,EFO:0001187,HepG2,cell_line,child,encode,single,True,0.788743793964386,OutputType.CHIP_TF,,,ZGPAT
611,EFO:0001187 TF ChIP-seq ZHX1 genetically modified (insertion) using CRISPR targeting H. sapiens ZHX1,.,TF ChIP-seq,EFO:0001187,HepG2,cell_line,child,encode,single,True,0.9614713788032532,OutputType.CHIP_TF,,,ZHX1
612,EFO:0001187 TF ChIP-seq ZHX2,.,TF ChIP-seq,EFO:0001187,HepG2,cell_line,child,encode,single,False,0.9897311925888062,OutputType.CHIP_TF,,,ZHX2
613,EFO:0001187 TF ChIP-seq ZIK1 genetically modified (insertion) using CRISPR targeting H. sapiens ZIK1,.,TF ChIP-seq,EFO:0001187,HepG2,cell_line,child,encode,single,True,1.105907917022705,OutputType.CHIP_TF,,,ZIK1
614,EFO:0001187 TF ChIP-seq ZKSCAN1,.,TF ChIP-seq,EFO:0001187,HepG2,cell_line,child,encode,single,False,0.874832808971405,OutputType.CHIP_TF,,,ZKSCAN1
615,EFO:0001187 TF ChIP-seq ZKSCAN8 genetically modified (insertion) using CRISPR targeting H. sapiens ZKSCAN8,.,TF ChIP-seq,EFO:0001187,HepG2,cell_line,child,encode,single,True,0.9579378962516785,OutputType.CHIP_TF,,,ZKSCAN8
616,EFO:0001187 TF ChIP-seq ZMAT3 genetically modified (insertion) using CRISPR targeting H. sapiens ZMAT3,.,TF ChIP-seq,EFO:0001187,HepG2,cell_line,child,encode,single,True,0.8773549199104309,OutputType.CHIP_TF,,,ZMAT3
617,EFO:0001187 TF ChIP-seq ZMYM2 genetically modified (insertion) using CRISPR targeting H. sapiens ZMYM2,.,TF ChIP-seq,EFO:0001187,HepG2,cell_line,child,encode,single,True,0.7612022161483765,OutputType.CHIP_TF,,,ZMYM2
618,EFO:0001187 TF ChIP-seq ZMYM3,.,TF ChIP-seq,EFO:0001187,HepG2,cell_line,child,encode,single,False,0.906743586063385,OutputType.CHIP_TF,,,ZMYM3
619,EFO:0001187 TF ChIP-seq ZMYM3 genetically modified (insertion) using CRISPR targeting H. sapiens ZMYM3,.,TF ChIP-seq,EFO:0001187,HepG2,cell_line,child,encode,single,True,0.8465487957000732,OutputType.CHIP_TF,,,ZMYM3
620,EFO:0001187 TF ChIP-seq ZMYM4 genetically modified (insertion) using CRISPR targeting H. sapiens ZMYM4,.,TF ChIP-seq,EFO:0001187,HepG2,cell_line,child,encode,single,True,0.742588460445404,OutputType.CHIP_TF,,,ZMYM4
621,EFO:0001187 TF ChIP-seq ZNF12 genetically modified (insertion) using CRISPR targeting H. sapiens ZNF12,.,TF ChIP-seq,EFO:0001187,HepG2,cell_line,child,encode,single,True,0.9340063333511353,OutputType.CHIP_TF,,,ZNF12
622,EFO:0001187 TF ChIP-seq ZNF121 genetically modified (insertion) using CRISPR targeting H. sapiens ZNF121,.,TF ChIP-seq,EFO:0001187,HepG2,cell_line,child,encode,single,True,0.7899302840232849,OutputType.CHIP_TF,,,ZNF121
623,EFO:0001187 TF ChIP-seq ZNF124 genetically modified (insertion) using CRISPR targeting H. sapiens ZNF124,.,TF ChIP-seq,EFO:0001187,HepG2,cell_line,child,encode,single,True,0.949632465839386,OutputType.CHIP_TF,,,ZNF124
624,EFO:0001187 TF ChIP-seq ZNF136 genetically modified (insertion) using CRISPR targeting H. sapiens ZNF136,.,TF ChIP-seq,EFO:0001187,HepG2,cell_line,child,encode,single,True,0.879608690738678,OutputType.CHIP_TF,,,ZNF136
625,EFO:0001187 TF ChIP-seq ZNF138 genetically modified (insertion) using CRISPR targeting H. sapiens ZNF138,.,TF ChIP-seq,EFO:0001187,HepG2,cell_line,child,encode,single,True,1.0155376195907593,OutputType.CHIP_TF,,,ZNF138
626,EFO:0001187 TF ChIP-seq ZNF142 genetically modified (insertion) using CRISPR targeting H. sapiens ZNF142,.,TF ChIP-seq,EFO:0001187,HepG2,cell_line,child,encode,single,True,0.8555451035499573,OutputType.CHIP_TF,,,ZNF142
627,EFO:0001187 TF ChIP-seq ZNF143 genetically modified (insertion) using CRISPR targeting H. sapiens ZNF143,.,TF ChIP-seq,EFO:0001187,HepG2,cell_line,child,encode,single,True,0.9248825907707214,OutputType.CHIP_TF,,,ZNF143
628,EFO:0001187 TF ChIP-seq ZNF146 genetically modified (insertion) using CRISPR targeting H. sapiens ZNF146,.,TF ChIP-seq,EFO:0001187,HepG2,cell_line,child,encode,single,True,0.7852110862731934,OutputType.CHIP_TF,,,ZNF146
629,EFO:0001187 TF ChIP-seq ZNF160 genetically modified (insertion) using CRISPR targeting H. sapiens ZNF160,.,TF ChIP-seq,EFO:0001187,HepG2,cell_line,child,encode,single,True,0.9649025201797485,OutputType.CHIP_TF,,,ZNF160
630,EFO:0001187 TF ChIP-seq ZNF181 genetically modified (insertion) using CRISPR targeting H. sapiens ZNF181,.,TF ChIP-seq,EFO:0001187,HepG2,cell_line,child,encode,single,True,0.799887478351593,OutputType.CHIP_TF,,,ZNF181
631,EFO:0001187 TF ChIP-seq ZNF205 genetically modified (insertion) using CRISPR targeting H. sapiens ZNF205,.,TF ChIP-seq,EFO:0001187,HepG2,cell_line,child,encode,single,True,0.8694632649421692,OutputType.CHIP_TF,,,ZNF205
632,EFO:0001187 TF ChIP-seq ZNF217 genetically modified (insertion) using CRISPR targeting H. sapiens ZNF217,.,TF ChIP-seq,EFO:0001187,HepG2,cell_line,child,encode,single,True,0.9097462296485901,OutputType.CHIP_TF,,,ZNF217
633,EFO:0001187 TF ChIP-seq ZNF219 genetically modified (insertion) using CRISPR targeting H. sapiens ZNF219,.,TF ChIP-seq,EFO:0001187,HepG2,cell_line,child,encode,single,True,0.8608423471450806,OutputType.CHIP_TF,,,ZNF219
634,EFO:0001187 TF ChIP-seq ZNF221 genetically modified (insertion) using CRISPR targeting H. sapiens ZNF221,.,TF ChIP-seq,EFO:0001187,HepG2,cell_line,child,encode,single,True,0.7229928374290466,OutputType.CHIP_TF,,,ZNF221
635,EFO:0001187 TF ChIP-seq ZNF224 genetically modified (insertion) using CRISPR targeting H. sapiens ZNF224,.,TF ChIP-seq,EFO:0001187,HepG2,cell_line,child,encode,single,True,0.8246070742607117,OutputType.CHIP_TF,,,ZNF224
636,EFO:0001187 TF ChIP-seq ZNF225 genetically modified (insertion) using CRISPR targeting H. sapiens ZNF225,.,TF ChIP-seq,EFO:0001187,HepG2,cell_line,child,encode,single,True,1.0150550603866577,OutputType.CHIP_TF,,,ZNF225
637,EFO:0001187 TF ChIP-seq ZNF230 genetically modified (insertion) using CRISPR targeting H. sapiens ZNF230,.,TF ChIP-seq,EFO:0001187,HepG2,cell_line,child,encode,single,True,0.7837003469467163,OutputType.CHIP_TF,,,ZNF230
638,EFO:0001187 TF ChIP-seq ZNF232 genetically modified (insertion) using CRISPR targeting H. sapiens ZNF232,.,TF ChIP-seq,EFO:0001187,HepG2,cell_line,child,encode,single,True,0.8447632193565369,OutputType.CHIP_TF,,,ZNF232
639,EFO:0001187 TF ChIP-seq ZNF235 genetically modified (insertion) using CRISPR targeting H. sapiens ZNF235,.,TF ChIP-seq,EFO:0001187,HepG2,cell_line,child,encode,single,True,0.9267266392707825,OutputType.CHIP_TF,,,ZNF235
640,EFO:0001187 TF ChIP-seq ZNF24,.,TF ChIP-seq,EFO:0001187,HepG2,cell_line,child,encode,paired,False,0.8201494216918945,OutputType.CHIP_TF,,,ZNF24
641,EFO:0001187 TF ChIP-seq ZNF263 genetically modified (insertion) using CRISPR targeting H. sapiens ZNF263,.,TF ChIP-seq,EFO:0001187,HepG2,cell_line,child,encode,single,True,0.8296906352043152,OutputType.CHIP_TF,,,ZNF263
642,EFO:0001187 TF ChIP-seq ZNF264 genetically modified (insertion) using CRISPR targeting H. sapiens ZNF264,.,TF ChIP-seq,EFO:0001187,HepG2,cell_line,child,encode,single,True,0.8598358035087585,OutputType.CHIP_TF,,,ZNF264
643,EFO:0001187 TF ChIP-seq ZNF274 genetically modified (insertion) using CRISPR targeting H. sapiens ZNF274,.,TF ChIP-seq,EFO:0001187,HepG2,cell_line,child,encode,single,True,0.8498208522796631,OutputType.CHIP_TF,,,ZNF274
644,EFO:0001187 TF ChIP-seq ZNF275 genetically modified (insertion) using CRISPR targeting H. sapiens ZNF275,.,TF ChIP-seq,EFO:0001187,HepG2,cell_line,child,encode,single,True,0.807542085647583,OutputType.CHIP_TF,,,ZNF275
645,EFO:0001187 TF ChIP-seq ZNF276 genetically modified (insertion) using CRISPR targeting H. sapiens ZNF276,.,TF ChIP-seq,EFO:0001187,HepG2,cell_line,child,encode,single,True,1.028782606124878,OutputType.CHIP_TF,,,ZNF276
646,EFO:0001187 TF ChIP-seq ZNF280B genetically modified (insertion) using CRISPR targeting H. sapiens ZNF280B,.,TF ChIP-seq,EFO:0001187,HepG2,cell_line,child,encode,single,True,1.1530828475952148,OutputType.CHIP_TF,,,ZNF280B
647,EFO:0001187 TF ChIP-seq ZNF280D genetically modified (insertion) using CRISPR targeting H. sapiens ZNF280D,.,TF ChIP-seq,EFO:0001187,HepG2,cell_line,child,encode,single,True,0.7840917110443115,OutputType.CHIP_TF,,,ZNF280D
648,EFO:0001187 TF ChIP-seq ZNF281 genetically modified (insertion) using CRISPR targeting H. sapiens ZNF281,.,TF ChIP-seq,EFO:0001187,HepG2,cell_line,child,encode,single,True,0.9583336710929871,OutputType.CHIP_TF,,,ZNF281
649,EFO:0001187 TF ChIP-seq ZNF292 genetically modified (insertion) using CRISPR targeting H. sapiens ZNF292,.,TF ChIP-seq,EFO:0001187,HepG2,cell_line,child,encode,single,True,0.8771628141403198,OutputType.CHIP_TF,,,ZNF292
650,EFO:0001187 TF ChIP-seq ZNF3 genetically modified (insertion) using CRISPR targeting H. sapiens ZNF3,.,TF ChIP-seq,EFO:0001187,HepG2,cell_line,child,encode,single,True,1.0385068655014038,OutputType.CHIP_TF,,,ZNF3
651,EFO:0001187 TF ChIP-seq ZNF317 genetically modified (insertion) using CRISPR targeting H. sapiens ZNF317,.,TF ChIP-seq,EFO:0001187,HepG2,cell_line,child,encode,single,True,0.763652503490448,OutputType.CHIP_TF,,,ZNF317
652,EFO:0001187 TF ChIP-seq ZNF318 genetically modified (insertion) using CRISPR targeting H. sapiens ZNF318,.,TF ChIP-seq,EFO:0001187,HepG2,cell_line,child,encode,single,True,0.9382956027984619,OutputType.CHIP_TF,,,ZNF318
653,EFO:0001187 TF ChIP-seq ZNF329 genetically modified (insertion) using CRISPR targeting H. sapiens ZNF329,.,TF ChIP-seq,EFO:0001187,HepG2,cell_line,child,encode,single,True,1.1038029193878174,OutputType.CHIP_TF,,,ZNF329
654,EFO:0001187 TF ChIP-seq ZNF331 genetically modified (insertion) using CRISPR targeting H. sapiens ZNF331,.,TF ChIP-seq,EFO:0001187,HepG2,cell_line,child,encode,single,True,0.9150904417037964,OutputType.CHIP_TF,,,ZNF331
655,EFO:0001187 TF ChIP-seq ZNF333 genetically modified (insertion) using CRISPR targeting H. sapiens ZNF333,.,TF ChIP-seq,EFO:0001187,HepG2,cell_line,child,encode,single,True,0.8572804927825928,OutputType.CHIP_TF,,,ZNF333
656,EFO:0001187 TF ChIP-seq ZNF335 genetically modified (insertion) using CRISPR targeting H. sapiens ZNF335,.,TF ChIP-seq,EFO:0001187,HepG2,cell_line,child,encode,single,True,0.820759117603302,OutputType.CHIP_TF,,,ZNF335
657,EFO:0001187 TF ChIP-seq ZNF337 genetically modified (insertion) using CRISPR targeting H. sapiens ZNF337,.,TF ChIP-seq,EFO:0001187,HepG2,cell_line,child,encode,single,True,1.0766539573669434,OutputType.CHIP_TF,,,ZNF337
658,EFO:0001187 TF ChIP-seq ZNF33B genetically modified (insertion) using CRISPR targeting H. sapiens ZNF33B,.,TF ChIP-seq,EFO:0001187,HepG2,cell_line,child,encode,single,True,0.8953555226325989,OutputType.CHIP_TF,,,ZNF33B
659,EFO:0001187 TF ChIP-seq ZNF34 genetically modified (insertion) using CRISPR targeting H. sapiens ZNF34,.,TF ChIP-seq,EFO:0001187,HepG2,cell_line,child,encode,single,True,1.0015339851379395,OutputType.CHIP_TF,,,ZNF34
660,EFO:0001187 TF ChIP-seq ZNF343 genetically modified (insertion) using CRISPR targeting H. sapiens ZNF343,.,TF ChIP-seq,EFO:0001187,HepG2,cell_line,child,encode,single,True,0.9161702394485474,OutputType.CHIP_TF,,,ZNF343
661,EFO:0001187 TF ChIP-seq ZNF350 genetically modified (insertion) using CRISPR targeting H. sapiens ZNF350,.,TF ChIP-seq,EFO:0001187,HepG2,cell_line,child,encode,single,True,0.9653250575065613,OutputType.CHIP_TF,,,ZNF350
662,EFO:0001187 TF ChIP-seq ZNF362 genetically modified (insertion) using CRISPR targeting H. sapiens ZNF362,.,TF ChIP-seq,EFO:0001187,HepG2,cell_line,child,encode,single,True,0.8606744408607483,OutputType.CHIP_TF,,,ZNF362
663,EFO:0001187 TF ChIP-seq ZNF384,.,TF ChIP-seq,EFO:0001187,HepG2,cell_line,child,encode,single,False,0.9158121943473816,OutputType.CHIP_TF,,,ZNF384
664,EFO:0001187 TF ChIP-seq ZNF414 genetically modified (insertion) using CRISPR targeting H. sapiens ZNF414,.,TF ChIP-seq,EFO:0001187,HepG2,cell_line,child,encode,single,True,0.8759205341339111,OutputType.CHIP_TF,,,ZNF414
665,EFO:0001187 TF ChIP-seq ZNF430 genetically modified (insertion) using CRISPR targeting H. sapiens ZNF430,.,TF ChIP-seq,EFO:0001187,HepG2,cell_line,child,encode,single,True,0.8671715259552002,OutputType.CHIP_TF,,,ZNF430
666,EFO:0001187 TF ChIP-seq ZNF431 genetically modified (insertion) using CRISPR targeting H. sapiens ZNF431,.,TF ChIP-seq,EFO:0001187,HepG2,cell_line,child,encode,single,True,0.8787710666656494,OutputType.CHIP_TF,,,ZNF431
667,EFO:0001187 TF ChIP-seq ZNF44 genetically modified (insertion) using CRISPR targeting H. sapiens ZNF44,.,TF ChIP-seq,EFO:0001187,HepG2,cell_line,child,encode,single,True,0.8102565407752991,OutputType.CHIP_TF,,,ZNF44
668,EFO:0001187 TF ChIP-seq ZNF441 genetically modified (insertion) using CRISPR targeting H. sapiens ZNF441,.,TF ChIP-seq,EFO:0001187,HepG2,cell_line,child,encode,single,True,0.9884299039840698,OutputType.CHIP_TF,,,ZNF441
669,EFO:0001187 TF ChIP-seq ZNF446 genetically modified (insertion) using CRISPR targeting H. sapiens ZNF446,.,TF ChIP-seq,EFO:0001187,HepG2,cell_line,child,encode,single,True,0.8728633522987366,OutputType.CHIP_TF,,,ZNF446
670,EFO:0001187 TF ChIP-seq ZNF451 genetically modified (insertion) using CRISPR targeting H. sapiens ZNF451,.,TF ChIP-seq,EFO:0001187,HepG2,cell_line,child,encode,single,True,1.096070408821106,OutputType.CHIP_TF,,,ZNF451
671,EFO:0001187 TF ChIP-seq ZNF460 genetically modified (insertion) using CRISPR targeting H. sapiens ZNF460,.,TF ChIP-seq,EFO:0001187,HepG2,cell_line,child,encode,single,True,0.781056821346283,OutputType.CHIP_TF,,,ZNF460
672,EFO:0001187 TF ChIP-seq ZNF48 genetically modified (insertion) using CRISPR targeting H. sapiens ZNF48,.,TF ChIP-seq,EFO:0001187,HepG2,cell_line,child,encode,single,True,0.9594341516494751,OutputType.CHIP_TF,,,ZNF48
673,EFO:0001187 TF ChIP-seq ZNF483 genetically modified (insertion) using CRISPR targeting H. sapiens ZNF483,.,TF ChIP-seq,EFO:0001187,HepG2,cell_line,child,encode,single,True,0.8331242799758911,OutputType.CHIP_TF,,,ZNF483
674,EFO:0001187 TF ChIP-seq ZNF485 genetically modified (insertion) using CRISPR targeting H. sapiens ZNF485,.,TF ChIP-seq,EFO:0001187,HepG2,cell_line,child,encode,single,True,0.935736894607544,OutputType.CHIP_TF,,,ZNF485
675,EFO:0001187 TF ChIP-seq ZNF501 genetically modified (insertion) using CRISPR targeting H. sapiens ZNF501,.,TF ChIP-seq,EFO:0001187,HepG2,cell_line,child,encode,single,True,0.7537727355957031,OutputType.CHIP_TF,,,ZNF501
676,EFO:0001187 TF ChIP-seq ZNF503 genetically modified (insertion) using CRISPR targeting H. sapiens ZNF503,.,TF ChIP-seq,EFO:0001187,HepG2,cell_line,child,encode,single,True,0.7644141316413879,OutputType.CHIP_TF,,,ZNF503
677,EFO:0001187 TF ChIP-seq ZNF510 genetically modified (insertion) using CRISPR targeting H. sapiens ZNF510,.,TF ChIP-seq,EFO:0001187,HepG2,cell_line,child,encode,single,True,0.8637658953666687,OutputType.CHIP_TF,,,ZNF510
678,EFO:0001187 TF ChIP-seq ZNF511 genetically modified (insertion) using CRISPR targeting H. sapiens ZNF511,.,TF ChIP-seq,EFO:0001187,HepG2,cell_line,child,encode,single,True,0.9776198863983154,OutputType.CHIP_TF,,,ZNF511
679,EFO:0001187 TF ChIP-seq ZNF512B genetically modified (insertion) using CRISPR targeting H. sapiens ZNF512B,.,TF ChIP-seq,EFO:0001187,HepG2,cell_line,child,encode,single,True,0.89083331823349,OutputType.CHIP_TF,,,ZNF512B
680,EFO:0001187 TF ChIP-seq ZNF526 genetically modified (insertion) using CRISPR targeting H. sapiens ZNF526,.,TF ChIP-seq,EFO:0001187,HepG2,cell_line,child,encode,single,True,0.9584910273551941,OutputType.CHIP_TF,,,ZNF526
681,EFO:0001187 TF ChIP-seq ZNF527 genetically modified (insertion) using CRISPR targeting H. sapiens ZNF527,.,TF ChIP-seq,EFO:0001187,HepG2,cell_line,child,encode,single,True,0.9415733814239502,OutputType.CHIP_TF,,,ZNF527
682,EFO:0001187 TF ChIP-seq ZNF543 genetically modified (insertion) using CRISPR targeting H. sapiens ZNF543,.,TF ChIP-seq,EFO:0001187,HepG2,cell_line,child,encode,single,True,0.9693794250488281,OutputType.CHIP_TF,,,ZNF543
683,EFO:0001187 TF ChIP-seq ZNF546 genetically modified (insertion) using CRISPR targeting H. sapiens ZNF546,.,TF ChIP-seq,EFO:0001187,HepG2,cell_line,child,encode,single,True,1.0514689683914185,OutputType.CHIP_TF,,,ZNF546
684,EFO:0001187 TF ChIP-seq ZNF547 genetically modified (insertion) using CRISPR targeting H. sapiens ZNF547,.,TF ChIP-seq,EFO:0001187,HepG2,cell_line,child,encode,single,True,0.758364737033844,OutputType.CHIP_TF,,,ZNF547
685,EFO:0001187 TF ChIP-seq ZNF548 genetically modified (insertion) using CRISPR targeting H. sapiens ZNF548,.,TF ChIP-seq,EFO:0001187,HepG2,cell_line,child,encode,single,True,0.8975698351860046,OutputType.CHIP_TF,,,ZNF548
686,EFO:0001187 TF ChIP-seq ZNF552 genetically modified (insertion) using CRISPR targeting H. sapiens ZNF552,.,TF ChIP-seq,EFO:0001187,HepG2,cell_line,child,encode,single,True,0.7778361439704895,OutputType.CHIP_TF,,,ZNF552
687,EFO:0001187 TF ChIP-seq ZNF556 genetically modified (insertion) using CRISPR targeting H. sapiens ZNF556,.,TF ChIP-seq,EFO:0001187,HepG2,cell_line,child,encode,single,True,0.8569695353507996,OutputType.CHIP_TF,,,ZNF556
688,EFO:0001187 TF ChIP-seq ZNF558 genetically modified (insertion) using CRISPR targeting H. sapiens ZNF558,.,TF ChIP-seq,EFO:0001187,HepG2,cell_line,child,encode,single,True,0.8291117548942566,OutputType.CHIP_TF,,,ZNF558
689,EFO:0001187 TF ChIP-seq ZNF563 genetically modified (insertion) using CRISPR targeting H. sapiens ZNF563,.,TF ChIP-seq,EFO:0001187,HepG2,cell_line,child,encode,single,True,0.8324781656265259,OutputType.CHIP_TF,,,ZNF563
690,EFO:0001187 TF ChIP-seq ZNF564 genetically modified (insertion) using CRISPR targeting H. sapiens ZNF564,.,TF ChIP-seq,EFO:0001187,HepG2,cell_line,child,encode,single,True,0.9267677664756775,OutputType.CHIP_TF,,,ZNF564
691,EFO:0001187 TF ChIP-seq ZNF567 genetically modified (insertion) using CRISPR targeting H. sapiens ZNF567,.,TF ChIP-seq,EFO:0001187,HepG2,cell_line,child,encode,single,True,0.8077789545059204,OutputType.CHIP_TF,,,ZNF567
692,EFO:0001187 TF ChIP-seq ZNF572 genetically modified (insertion) using CRISPR targeting H. sapiens ZNF572,.,TF ChIP-seq,EFO:0001187,HepG2,cell_line,child,encode,single,True,0.8705514073371887,OutputType.CHIP_TF,,,ZNF572
693,EFO:0001187 TF ChIP-seq ZNF574 genetically modified (insertion) using CRISPR targeting H. sapiens ZNF574,.,TF ChIP-seq,EFO:0001187,HepG2,cell_line,child,encode,single,True,0.996279239654541,OutputType.CHIP_TF,,,ZNF574
694,EFO:0001187 TF ChIP-seq ZNF580 genetically modified (insertion) using CRISPR targeting H. sapiens ZNF580,.,TF ChIP-seq,EFO:0001187,HepG2,cell_line,child,encode,single,True,1.0383819341659546,OutputType.CHIP_TF,,,ZNF580
695,EFO:0001187 TF ChIP-seq ZNF589 genetically modified (insertion) using CRISPR targeting H. sapiens ZNF589,.,TF ChIP-seq,EFO:0001187,HepG2,cell_line,child,encode,single,True,0.8583669662475586,OutputType.CHIP_TF,,,ZNF589
696,EFO:0001187 TF ChIP-seq ZNF598 genetically modified (insertion) using CRISPR targeting H. sapiens ZNF598,.,TF ChIP-seq,EFO:0001187,HepG2,cell_line,child,encode,single,True,0.7913841605186462,OutputType.CHIP_TF,,,ZNF598
697,EFO:0001187 TF ChIP-seq ZNF605 genetically modified (insertion) using CRISPR targeting H. sapiens ZNF605,.,TF ChIP-seq,EFO:0001187,HepG2,cell_line,child,encode,single,True,0.7808525562286377,OutputType.CHIP_TF,,,ZNF605
698,EFO:0001187 TF ChIP-seq ZNF607 genetically modified (insertion) using CRISPR targeting H. sapiens ZNF607,.,TF ChIP-seq,EFO:0001187,HepG2,cell_line,child,encode,single,True,0.8327470421791077,OutputType.CHIP_TF,,,ZNF607
699,EFO:0001187 TF ChIP-seq ZNF608 genetically modified (insertion) using CRISPR targeting H. sapiens ZNF608,.,TF ChIP-seq,EFO:0001187,HepG2,cell_line,child,encode,single,True,0.8159154057502747,OutputType.CHIP_TF,,,ZNF608
700,EFO:0001187 TF ChIP-seq ZNF609 genetically modified (insertion) using CRISPR targeting H. sapiens ZNF609,.,TF ChIP-seq,EFO:0001187,HepG2,cell_line,child,encode,single,True,0.7777565121650696,OutputType.CHIP_TF,,,ZNF609
701,EFO:0001187 TF ChIP-seq ZNF614 genetically modified (insertion) using CRISPR targeting H. sapiens ZNF614,.,TF ChIP-seq,EFO:0001187,HepG2,cell_line,child,encode,single,True,0.8970245718955994,OutputType.CHIP_TF,,,ZNF614
702,EFO:0001187 TF ChIP-seq ZNF616 genetically modified (insertion) using CRISPR targeting H. sapiens ZNF616,.,TF ChIP-seq,EFO:0001187,HepG2,cell_line,child,encode,single,True,1.0731415748596191,OutputType.CHIP_TF,,,ZNF616
703,EFO:0001187 TF ChIP-seq ZNF619 genetically modified (insertion) using CRISPR targeting H. sapiens ZNF619,.,TF ChIP-seq,EFO:0001187,HepG2,cell_line,child,encode,single,True,0.9901679754257202,OutputType.CHIP_TF,,,ZNF619
704,EFO:0001187 TF ChIP-seq ZNF629 genetically modified (insertion) using CRISPR targeting H. sapiens ZNF629,.,TF ChIP-seq,EFO:0001187,HepG2,cell_line,child,encode,single,True,0.750723659992218,OutputType.CHIP_TF,,,ZNF629
705,EFO:0001187 TF ChIP-seq ZNF639 genetically modified (insertion) using CRISPR targeting H. sapiens ZNF639,.,TF ChIP-seq,EFO:0001187,HepG2,cell_line,child,encode,single,True,0.9641852378845215,OutputType.CHIP_TF,,,ZNF639
706,EFO:0001187 TF ChIP-seq ZNF644 genetically modified (insertion) using CRISPR targeting H. sapiens ZNF644,.,TF ChIP-seq,EFO:0001187,HepG2,cell_line,child,encode,single,True,1.0437841415405273,OutputType.CHIP_TF,,,ZNF644
707,EFO:0001187 TF ChIP-seq ZNF646 genetically modified (insertion) using CRISPR targeting H. sapiens ZNF646,.,TF ChIP-seq,EFO:0001187,HepG2,cell_line,child,encode,single,True,0.7998000979423523,OutputType.CHIP_TF,,,ZNF646
708,EFO:0001187 TF ChIP-seq ZNF652 genetically modified (insertion) using CRISPR targeting H. sapiens ZNF652,.,TF ChIP-seq,EFO:0001187,HepG2,cell_line,child,encode,single,True,0.9731547832489014,OutputType.CHIP_TF,,,ZNF652
709,EFO:0001187 TF ChIP-seq ZNF670 genetically modified (insertion) using CRISPR targeting H. sapiens ZNF670,.,TF ChIP-seq,EFO:0001187,HepG2,cell_line,child,encode,single,True,0.7348530292510986,OutputType.CHIP_TF,,,ZNF670
710,EFO:0001187 TF ChIP-seq ZNF687 genetically modified (insertion) using CRISPR targeting H. sapiens ZNF687,.,TF ChIP-seq,EFO:0001187,HepG2,cell_line,child,encode,single,True,1.132210612297058,OutputType.CHIP_TF,,,ZNF687
711,EFO:0001187 TF ChIP-seq ZNF691 genetically modified (insertion) using CRISPR targeting H. sapiens ZNF691,.,TF ChIP-seq,EFO:0001187,HepG2,cell_line,child,encode,single,True,1.0566035509109497,OutputType.CHIP_TF,,,ZNF691
712,EFO:0001187 TF ChIP-seq ZNF697 genetically modified (insertion) using CRISPR targeting H. sapiens ZNF697,.,TF ChIP-seq,EFO:0001187,HepG2,cell_line,child,encode,single,True,0.9023610353469849,OutputType.CHIP_TF,,,ZNF697
713,EFO:0001187 TF ChIP-seq ZNF703 genetically modified (insertion) using CRISPR targeting H. sapiens ZNF703,.,TF ChIP-seq,EFO:0001187,HepG2,cell_line,child,encode,single,True,0.776582658290863,OutputType.CHIP_TF,,,ZNF703
714,EFO:0001187 TF ChIP-seq ZNF704 genetically modified (insertion) using CRISPR targeting H. sapiens ZNF704,.,TF ChIP-seq,EFO:0001187,HepG2,cell_line,child,encode,single,True,0.8020601868629456,OutputType.CHIP_TF,,,ZNF704
715,EFO:0001187 TF ChIP-seq ZNF709 genetically modified (insertion) using CRISPR targeting H. sapiens ZNF709,.,TF ChIP-seq,EFO:0001187,HepG2,cell_line,child,encode,single,True,0.8549057841300964,OutputType.CHIP_TF,,,ZNF709
716,EFO:0001187 TF ChIP-seq ZNF710 genetically modified (insertion) using CRISPR targeting H. sapiens ZNF710,.,TF ChIP-seq,EFO:0001187,HepG2,cell_line,child,encode,single,True,0.8556821346282959,OutputType.CHIP_TF,,,ZNF710
717,EFO:0001187 TF ChIP-seq ZNF724P genetically modified (insertion) using CRISPR targeting H. sapiens ZNF724,.,TF ChIP-seq,EFO:0001187,HepG2,cell_line,child,encode,single,True,0.8727745413780212,OutputType.CHIP_TF,,,ZNF724P
718,EFO:0001187 TF ChIP-seq ZNF740 genetically modified (insertion) using CRISPR targeting H. sapiens ZNF740,.,TF ChIP-seq,EFO:0001187,HepG2,cell_line,child,encode,single,True,0.9278630614280701,OutputType.CHIP_TF,,,ZNF740
719,EFO:0001187 TF ChIP-seq ZNF746 genetically modified (insertion) using CRISPR targeting H. sapiens ZNF746,.,TF ChIP-seq,EFO:0001187,HepG2,cell_line,child,encode,single,True,0.7928082942962646,OutputType.CHIP_TF,,,ZNF746
720,EFO:0001187 TF ChIP-seq ZNF747 genetically modified (insertion) using CRISPR targeting H. sapiens ZNF747,.,TF ChIP-seq,EFO:0001187,HepG2,cell_line,child,encode,single,True,0.8465496897697449,OutputType.CHIP_TF,,,ZNF747
721,EFO:0001187 TF ChIP-seq ZNF749 genetically modified (insertion) using CRISPR targeting H. sapiens ZNF749,.,TF ChIP-seq,EFO:0001187,HepG2,cell_line,child,encode,single,True,0.9314607381820679,OutputType.CHIP_TF,,,ZNF749
722,EFO:0001187 TF ChIP-seq ZNF761 genetically modified (insertion) using CRISPR targeting H. sapiens ZNF761,.,TF ChIP-seq,EFO:0001187,HepG2,cell_line,child,encode,single,True,1.0018751621246338,OutputType.CHIP_TF,,,ZNF761
723,EFO:0001187 TF ChIP-seq ZNF766 genetically modified (insertion) using CRISPR targeting H. sapiens ZNF766,.,TF ChIP-seq,EFO:0001187,HepG2,cell_line,child,encode,single,True,0.8307656049728394,OutputType.CHIP_TF,,,ZNF766
724,EFO:0001187 TF ChIP-seq ZNF768 genetically modified (insertion) using CRISPR targeting H. sapiens ZNF768,.,TF ChIP-seq,EFO:0001187,HepG2,cell_line,child,encode,single,True,1.005638837814331,OutputType.CHIP_TF,,,ZNF768
725,EFO:0001187 TF ChIP-seq ZNF770 genetically modified (insertion) using CRISPR targeting H. sapiens ZNF770,.,TF ChIP-seq,EFO:0001187,HepG2,cell_line,child,encode,single,True,0.7096234560012817,OutputType.CHIP_TF,,,ZNF770
726,EFO:0001187 TF ChIP-seq ZNF772 genetically modified (insertion) using CRISPR targeting H. sapiens ZNF772,.,TF ChIP-seq,EFO:0001187,HepG2,cell_line,child,encode,single,True,0.8330786824226379,OutputType.CHIP_TF,,,ZNF772
727,EFO:0001187 TF ChIP-seq ZNF776 genetically modified (insertion) using CRISPR targeting H. sapiens ZNF776,.,TF ChIP-seq,EFO:0001187,HepG2,cell_line,child,encode,single,True,0.8303529620170593,OutputType.CHIP_TF,,,ZNF776
728,EFO:0001187 TF ChIP-seq ZNF777 genetically modified (insertion) using CRISPR targeting H. sapiens ZNF777,.,TF ChIP-seq,EFO:0001187,HepG2,cell_line,child,encode,single,True,0.8118537664413452,OutputType.CHIP_TF,,,ZNF777
729,EFO:0001187 TF ChIP-seq ZNF780A genetically modified (insertion) using CRISPR targeting H. sapiens ZNF780A,.,TF ChIP-seq,EFO:0001187,HepG2,cell_line,child,encode,single,True,0.8805251121520996,OutputType.CHIP_TF,,,ZNF780A
730,EFO:0001187 TF ChIP-seq ZNF782 genetically modified (insertion) using CRISPR targeting H. sapiens ZNF782,.,TF ChIP-seq,EFO:0001187,HepG2,cell_line,child,encode,single,True,0.8793777823448181,OutputType.CHIP_TF,,,ZNF782
731,EFO:0001187 TF ChIP-seq ZNF784 genetically modified (insertion) using CRISPR targeting H. sapiens ZNF784,.,TF ChIP-seq,EFO:0001187,HepG2,cell_line,child,encode,single,True,0.9371065497398376,OutputType.CHIP_TF,,,ZNF784
732,EFO:0001187 TF ChIP-seq ZNF786 genetically modified (insertion) using CRISPR targeting H. sapiens ZNF786,.,TF ChIP-seq,EFO:0001187,HepG2,cell_line,child,encode,single,True,0.8060355186462402,OutputType.CHIP_TF,,,ZNF786
733,EFO:0001187 TF ChIP-seq ZNF788 genetically modified (insertion) using CRISPR targeting H. sapiens ZNF788P,.,TF ChIP-seq,EFO:0001187,HepG2,cell_line,child,encode,single,True,0.9144960641860962,OutputType.CHIP_TF,,,ZNF788
734,EFO:0001187 TF ChIP-seq ZNF790 genetically modified (insertion) using CRISPR targeting H. sapiens ZNF790,.,TF ChIP-seq,EFO:0001187,HepG2,cell_line,child,encode,single,True,0.9407778382301331,OutputType.CHIP_TF,,,ZNF790
735,EFO:0001187 TF ChIP-seq ZNF792 genetically modified (insertion) using CRISPR targeting H. sapiens ZNF792,.,TF ChIP-seq,EFO:0001187,HepG2,cell_line,child,encode,single,True,0.9787392616271973,OutputType.CHIP_TF,,,ZNF792
736,EFO:0001187 TF ChIP-seq ZNF800 genetically modified (insertion) using CRISPR targeting H. sapiens ZNF800,.,TF ChIP-seq,EFO:0001187,HepG2,cell_line,child,encode,single,True,0.8069673776626587,OutputType.CHIP_TF,,,ZNF800
737,EFO:0001187 TF ChIP-seq ZNF816 genetically modified (insertion) using CRISPR targeting H. sapiens ZNF816,.,TF ChIP-seq,EFO:0001187,HepG2,cell_line,child,encode,single,True,0.7978860139846802,OutputType.CHIP_TF,,,ZNF816
738,EFO:0001187 TF ChIP-seq ZNF827 genetically modified (insertion) using CRISPR targeting H. sapiens ZNF827,.,TF ChIP-seq,EFO:0001187,HepG2,cell_line,child,encode,single,True,0.8446609973907471,OutputType.CHIP_TF,,,ZNF827
739,EFO:0001187 TF ChIP-seq ZNF83 genetically modified (insertion) using CRISPR targeting H. sapiens ZNF83,.,TF ChIP-seq,EFO:0001187,HepG2,cell_line,child,encode,single,True,0.9917730093002319,OutputType.CHIP_TF,,,ZNF83
740,EFO:0001187 TF ChIP-seq ZNF839 genetically modified (insertion) using CRISPR targeting H. sapiens ZNF839,.,TF ChIP-seq,EFO:0001187,HepG2,cell_line,child,encode,single,True,0.9501646757125854,OutputType.CHIP_TF,,,ZNF839
741,EFO:0001187 TF ChIP-seq ZNF865 genetically modified (insertion) using CRISPR targeting H. sapiens ZNF865,.,TF ChIP-seq,EFO:0001187,HepG2,cell_line,child,encode,single,True,0.8291120529174805,OutputType.CHIP_TF,,,ZNF865
742,EFO:0001187 TF ChIP-seq ZNF878 genetically modified (insertion) using CRISPR targeting H. sapiens ZNF878,.,TF ChIP-seq,EFO:0001187,HepG2,cell_line,child,encode,single,True,0.7349171042442322,OutputType.CHIP_TF,,,ZNF878
743,EFO:0001187 TF ChIP-seq ZNF879 genetically modified (insertion) using CRISPR targeting H. sapiens ZNF879,.,TF ChIP-seq,EFO:0001187,HepG2,cell_line,child,encode,single,True,0.9142216444015503,OutputType.CHIP_TF,,,ZNF879
744,EFO:0001187 TF ChIP-seq ZNF891 genetically modified (insertion) using CRISPR targeting H. sapiens ZNF891,.,TF ChIP-seq,EFO:0001187,HepG2,cell_line,child,encode,single,True,0.9974570274353027,OutputType.CHIP_TF,,,ZNF891
745,EFO:0001187 TF ChIP-seq ZSCAN20 genetically modified (insertion) using CRISPR targeting H. sapiens ZSCAN20,.,TF ChIP-seq,EFO:0001187,HepG2,cell_line,child,encode,single,True,0.9458503723144531,OutputType.CHIP_TF,,,ZSCAN20
746,EFO:0001187 TF ChIP-seq ZSCAN21 genetically modified (insertion) using CRISPR targeting H. sapiens ZSCAN21,.,TF ChIP-seq,EFO:0001187,HepG2,cell_line,child,encode,single,True,0.8776640892028809,OutputType.CHIP_TF,,,ZSCAN21
747,EFO:0001187 TF ChIP-seq ZSCAN22 genetically modified (insertion) using CRISPR targeting H. sapiens ZSCAN22,.,TF ChIP-seq,EFO:0001187,HepG2,cell_line,child,encode,single,True,1.0058757066726685,OutputType.CHIP_TF,,,ZSCAN22
748,EFO:0001187 TF ChIP-seq ZSCAN25 genetically modified (insertion) using CRISPR targeting H. sapiens ZSCAN25,.,TF ChIP-seq,EFO:0001187,HepG2,cell_line,child,encode,single,True,0.8357770442962646,OutputType.CHIP_TF,,,ZSCAN25
749,EFO:0001187 TF ChIP-seq ZSCAN29 genetically modified (insertion) using CRISPR targeting H. sapiens ZSCAN29,.,TF ChIP-seq,EFO:0001187,HepG2,cell_line,child,encode,single,True,0.9239325523376465,OutputType.CHIP_TF,,,ZSCAN29
750,EFO:0001187 TF ChIP-seq ZSCAN31 genetically modified (insertion) using CRISPR targeting H. sapiens ZSCAN31,.,TF ChIP-seq,EFO:0001187,HepG2,cell_line,child,encode,single,True,0.8395699262619019,OutputType.CHIP_TF,,,ZSCAN31
751,EFO:0001187 TF ChIP-seq ZSCAN5A genetically modified (insertion) using CRISPR targeting H. sapiens ZSCAN5A,.,TF ChIP-seq,EFO:0001187,HepG2,cell_line,child,encode,single,True,0.7614693641662598,OutputType.CHIP_TF,,,ZSCAN5A
752,EFO:0001187 TF ChIP-seq ZSCAN9 genetically modified (insertion) using CRISPR targeting H. sapiens ZSCAN9,.,TF ChIP-seq,EFO:0001187,HepG2,cell_line,child,encode,single,True,0.9975289106369019,OutputType.CHIP_TF,,,ZSCAN9
753,EFO:0001187 TF ChIP-seq ZXDC genetically modified (insertion) using CRISPR targeting H. sapiens ZXDC,.,TF ChIP-seq,EFO:0001187,HepG2,cell_line,child,encode,single,True,0.7688897252082825,OutputType.CHIP_TF,,,ZXDC
754,EFO:0001187 TF ChIP-seq ZZZ3 genetically modified (insertion) using CRISPR targeting H. sapiens ZZZ3,.,TF ChIP-seq,EFO:0001187,HepG2,cell_line,child,encode,single,True,0.889116108417511,OutputType.CHIP_TF,,,ZZZ3
755,EFO:0001196 TF ChIP-seq BHLHE40,.,TF ChIP-seq,EFO:0001196,IMR-90,cell_line,embryonic,encode,single,False,0.9617088437080383,OutputType.CHIP_TF,,,BHLHE40
756,EFO:0001196 TF ChIP-seq CEBPB,.,TF ChIP-seq,EFO:0001196,IMR-90,cell_line,embryonic,encode,single,False,1.1773030757904053,OutputType.CHIP_TF,,,CEBPB
757,EFO:0001196 TF ChIP-seq CTCF,.,TF ChIP-seq,EFO:0001196,IMR-90,cell_line,embryonic,encode,single,False,1.046344518661499,OutputType.CHIP_TF,,,CTCF
758,EFO:0001196 TF ChIP-seq FOS,.,TF ChIP-seq,EFO:0001196,IMR-90,cell_line,embryonic,encode,single,False,0.999296247959137,OutputType.CHIP_TF,,,FOS
759,EFO:0001196 TF ChIP-seq MAFK,.,TF ChIP-seq,EFO:0001196,IMR-90,cell_line,embryonic,encode,single,False,0.959997296333313,OutputType.CHIP_TF,,,MAFK
760,EFO:0001196 TF ChIP-seq MAZ,.,TF ChIP-seq,EFO:0001196,IMR-90,cell_line,embryonic,encode,single,False,1.0771269798278809,OutputType.CHIP_TF,,,MAZ
761,EFO:0001196 TF ChIP-seq MXI1,.,TF ChIP-seq,EFO:0001196,IMR-90,cell_line,embryonic,encode,single,False,1.1126296520233154,OutputType.CHIP_TF,,,MXI1
762,EFO:0001196 TF ChIP-seq NFE2L2,.,TF ChIP-seq,EFO:0001196,IMR-90,cell_line,embryonic,encode,single,False,1.0751221179962158,OutputType.CHIP_TF,,,NFE2L2
763,EFO:0001196 TF ChIP-seq POLR2A,.,TF ChIP-seq,EFO:0001196,IMR-90,cell_line,embryonic,encode,single,False,0.9650447964668274,OutputType.CHIP_TF,,,POLR2A
764,EFO:0001196 TF ChIP-seq RAD21,.,TF ChIP-seq,EFO:0001196,IMR-90,cell_line,embryonic,encode,single,False,0.949391782283783,OutputType.CHIP_TF,,,RAD21
765,EFO:0001196 TF ChIP-seq SMC3,.,TF ChIP-seq,EFO:0001196,IMR-90,cell_line,embryonic,encode,single,False,1.1166452169418335,OutputType.CHIP_TF,,,SMC3
766,EFO:0001196 TF ChIP-seq USF2,.,TF ChIP-seq,EFO:0001196,IMR-90,cell_line,embryonic,encode,single,False,1.0029001235961914,OutputType.CHIP_TF,,,USF2
767,EFO:0001200 TF ChIP-seq CTCF,.,TF ChIP-seq,EFO:0001200,MCF 10A,cell_line,adult,encode,single,False,1.318040370941162,OutputType.CHIP_TF,,,CTCF
768,EFO:0001203 TF ChIP-seq ATF7,.,TF ChIP-seq,EFO:0001203,MCF-7,cell_line,adult,encode,paired,False,0.8176344633102417,OutputType.CHIP_TF,,,ATF7
769,EFO:0001203 TF ChIP-seq BMI1,.,TF ChIP-seq,EFO:0001203,MCF-7,cell_line,adult,encode,paired,False,0.7774032354354858,OutputType.CHIP_TF,,,BMI1
770,EFO:0001203 TF ChIP-seq CEBPB,.,TF ChIP-seq,EFO:0001203,MCF-7,cell_line,adult,encode,single,False,1.019426703453064,OutputType.CHIP_TF,,,CEBPB
771,EFO:0001203 TF ChIP-seq CEBPG stably expressing C-terminal eGFP-tagged CEBPG,.,TF ChIP-seq,EFO:0001203,MCF-7,cell_line,adult,encode,single,True,0.726031482219696,OutputType.CHIP_TF,,,CEBPG
772,EFO:0001203 TF ChIP-seq CHD1,.,TF ChIP-seq,EFO:0001203,MCF-7,cell_line,adult,encode,paired,False,0.7837904691696167,OutputType.CHIP_TF,,,CHD1
773,EFO:0001203 TF ChIP-seq CLOCK,.,TF ChIP-seq,EFO:0001203,MCF-7,cell_line,adult,encode,paired,False,0.769209623336792,OutputType.CHIP_TF,,,CLOCK
774,EFO:0001203 TF ChIP-seq CREB1,.,TF ChIP-seq,EFO:0001203,MCF-7,cell_line,adult,encode,paired,False,0.7267917990684509,OutputType.CHIP_TF,,,CREB1
775,EFO:0001203 TF ChIP-seq CTBP1,.,TF ChIP-seq,EFO:0001203,MCF-7,cell_line,adult,encode,paired,False,0.7824333906173706,OutputType.CHIP_TF,,,CTBP1
776,EFO:0001203 TF ChIP-seq CTCF,.,TF ChIP-seq,EFO:0001203,MCF-7,cell_line,adult,encode,single,False,0.6123906373977661,OutputType.CHIP_TF,,,CTCF
777,EFO:0001203 TF ChIP-seq CUX1,.,TF ChIP-seq,EFO:0001203,MCF-7,cell_line,adult,encode,paired,False,0.7772772312164307,OutputType.CHIP_TF,,,CUX1
778,EFO:0001203 TF ChIP-seq DPF2,.,TF ChIP-seq,EFO:0001203,MCF-7,cell_line,adult,encode,paired,False,0.7945062518119812,OutputType.CHIP_TF,,,DPF2
779,EFO:0001203 TF ChIP-seq E2F1 stably expressing N-terminal HA-tagged E2F1,.,TF ChIP-seq,EFO:0001203,MCF-7,cell_line,adult,encode,single,True,0.9911985993385315,OutputType.CHIP_TF,,,E2F1
780,EFO:0001203 TF ChIP-seq EGR1,.,TF ChIP-seq,EFO:0001203,MCF-7,cell_line,adult,encode,single,False,0.9216676354408264,OutputType.CHIP_TF,,,EGR1
781,EFO:0001203 TF ChIP-seq ELF1,.,TF ChIP-seq,EFO:0001203,MCF-7,cell_line,adult,encode,paired,False,0.7576064467430115,OutputType.CHIP_TF,,,ELF1
782,EFO:0001203 TF ChIP-seq ELK1,.,TF ChIP-seq,EFO:0001203,MCF-7,cell_line,adult,encode,paired,False,0.8122826218605042,OutputType.CHIP_TF,,,ELK1
783,EFO:0001203 TF ChIP-seq EP300,.,TF ChIP-seq,EFO:0001203,MCF-7,cell_line,adult,encode,single,False,0.9734253287315369,OutputType.CHIP_TF,,,EP300
784,EFO:0001203 TF ChIP-seq ESR1 genetically modified (insertion) using CRISPR targeting H. sapiens ESR1,.,TF ChIP-seq,EFO:0001203,MCF-7,cell_line,adult,encode,paired,True,0.7734440565109253,OutputType.CHIP_TF,,,ESR1
785,EFO:0001203 TF ChIP-seq FOS,.,TF ChIP-seq,EFO:0001203,MCF-7,cell_line,adult,encode,paired,False,0.769516110420227,OutputType.CHIP_TF,,,FOS
786,EFO:0001203 TF ChIP-seq FOSL2,.,TF ChIP-seq,EFO:0001203,MCF-7,cell_line,adult,encode,single,False,0.9447552561759949,OutputType.CHIP_TF,,,FOSL2
787,EFO:0001203 TF ChIP-seq FOSL2 stably expressing C-terminal eGFP-tagged FOSL2,.,TF ChIP-seq,EFO:0001203,MCF-7,cell_line,adult,encode,single,True,0.7520132064819336,OutputType.CHIP_TF,,,FOSL2
788,EFO:0001203 TF ChIP-seq FOXA1,.,TF ChIP-seq,EFO:0001203,MCF-7,cell_line,adult,encode,paired,False,0.833102822303772,OutputType.CHIP_TF,,,FOXA1
789,EFO:0001203 TF ChIP-seq FOXM1,.,TF ChIP-seq,EFO:0001203,MCF-7,cell_line,adult,encode,single,False,0.8846643567085266,OutputType.CHIP_TF,,,FOXM1
790,EFO:0001203 TF ChIP-seq GABPA,.,TF ChIP-seq,EFO:0001203,MCF-7,cell_line,adult,encode,single,False,0.8911364078521729,OutputType.CHIP_TF,,,GABPA
791,EFO:0001203 TF ChIP-seq GATA3,.,TF ChIP-seq,EFO:0001203,MCF-7,cell_line,adult,encode,single,False,0.6778743267059326,OutputType.CHIP_TF,,,GATA3
792,EFO:0001203 TF ChIP-seq HCFC1,.,TF ChIP-seq,EFO:0001203,MCF-7,cell_line,adult,encode,paired,False,0.7765213251113892,OutputType.CHIP_TF,,,HCFC1
793,EFO:0001203 TF ChIP-seq HDAC2,.,TF ChIP-seq,EFO:0001203,MCF-7,cell_line,adult,encode,single,False,0.9472036361694336,OutputType.CHIP_TF,,,HDAC2
794,EFO:0001203 TF ChIP-seq JUND,.,TF ChIP-seq,EFO:0001203,MCF-7,cell_line,adult,encode,single,False,1.0421855449676514,OutputType.CHIP_TF,,,JUND
795,EFO:0001203 TF ChIP-seq KLF4 stably expressing C-terminal eGFP-tagged KLF4,.,TF ChIP-seq,EFO:0001203,MCF-7,cell_line,adult,encode,single,True,0.7486674785614014,OutputType.CHIP_TF,,,KLF4
796,EFO:0001203 TF ChIP-seq KLF9 stably expressing C-terminal eGFP-tagged KLF9,.,TF ChIP-seq,EFO:0001203,MCF-7,cell_line,adult,encode,single,True,0.7397853136062622,OutputType.CHIP_TF,,,KLF9
797,EFO:0001203 TF ChIP-seq MAFK,.,TF ChIP-seq,EFO:0001203,MCF-7,cell_line,adult,encode,paired,False,0.8119218349456787,OutputType.CHIP_TF,,,MAFK
798,EFO:0001203 TF ChIP-seq MAX,.,TF ChIP-seq,EFO:0001203,MCF-7,cell_line,adult,encode,single,False,0.9116843342781067,OutputType.CHIP_TF,,,MAX
799,EFO:0001203 TF ChIP-seq MAZ,.,TF ChIP-seq,EFO:0001203,MCF-7,cell_line,adult,encode,paired,False,0.7832379341125488,OutputType.CHIP_TF,,,MAZ
800,EFO:0001203 TF ChIP-seq MBD2,.,TF ChIP-seq,EFO:0001203,MCF-7,cell_line,adult,encode,single,False,1.005852460861206,OutputType.CHIP_TF,,,MBD2
801,EFO:0001203 TF ChIP-seq MNT,.,TF ChIP-seq,EFO:0001203,MCF-7,cell_line,adult,encode,paired,False,0.7784186005592346,OutputType.CHIP_TF,,,MNT
802,EFO:0001203 TF ChIP-seq MSX2 genetically modified (insertion) using CRISPR targeting H. sapiens MSX2,.,TF ChIP-seq,EFO:0001203,MCF-7,cell_line,adult,encode,paired,True,0.7632767558097839,OutputType.CHIP_TF,,,MSX2
803,EFO:0001203 TF ChIP-seq MYC,.,TF ChIP-seq,EFO:0001203,MCF-7,cell_line,adult,encode,single,False,0.9957280158996582,OutputType.CHIP_TF,,,MYC
804,EFO:0001203 TF ChIP-seq NCOA3,.,TF ChIP-seq,EFO:0001203,MCF-7,cell_line,adult,encode,paired,False,0.7867421507835388,OutputType.CHIP_TF,,,NCOA3
805,EFO:0001203 TF ChIP-seq NFIB,.,TF ChIP-seq,EFO:0001203,MCF-7,cell_line,adult,encode,paired,False,0.7570257782936096,OutputType.CHIP_TF,,,NFIB
806,EFO:0001203 TF ChIP-seq NR2F2,.,TF ChIP-seq,EFO:0001203,MCF-7,cell_line,adult,encode,single,False,0.9276756644248962,OutputType.CHIP_TF,,,NR2F2
807,EFO:0001203 TF ChIP-seq NRF1,.,TF ChIP-seq,EFO:0001203,MCF-7,cell_line,adult,encode,paired,False,0.8003023266792297,OutputType.CHIP_TF,,,NRF1
808,EFO:0001203 TF ChIP-seq OVOL1 genetically modified (insertion) using CRISPR targeting H. sapiens OVOL1,.,TF ChIP-seq,EFO:0001203,MCF-7,cell_line,adult,encode,paired,True,0.7753540873527527,OutputType.CHIP_TF,,,OVOL1
809,EFO:0001203 TF ChIP-seq PKNOX1,.,TF ChIP-seq,EFO:0001203,MCF-7,cell_line,adult,encode,paired,False,0.7598346471786499,OutputType.CHIP_TF,,,PKNOX1
810,EFO:0001203 TF ChIP-seq PML,.,TF ChIP-seq,EFO:0001203,MCF-7,cell_line,adult,encode,single,False,1.0142064094543457,OutputType.CHIP_TF,,,PML
811,EFO:0001203 TF ChIP-seq POLR2A,.,TF ChIP-seq,EFO:0001203,MCF-7,cell_line,adult,encode,single,False,0.821164608001709,OutputType.CHIP_TF,,,POLR2A
812,EFO:0001203 TF ChIP-seq RAD21,.,TF ChIP-seq,EFO:0001203,MCF-7,cell_line,adult,encode,single,False,1.1115342378616333,OutputType.CHIP_TF,,,RAD21
813,EFO:0001203 TF ChIP-seq RAD21 genetically modified (insertion) using CRISPR targeting H. sapiens RAD21,.,TF ChIP-seq,EFO:0001203,MCF-7,cell_line,adult,encode,single,True,0.8442668914794922,OutputType.CHIP_TF,,,RAD21
814,EFO:0001203 TF ChIP-seq RAD51,.,TF ChIP-seq,EFO:0001203,MCF-7,cell_line,adult,encode,paired,False,0.8033204674720764,OutputType.CHIP_TF,,,RAD51
815,EFO:0001203 TF ChIP-seq REST,.,TF ChIP-seq,EFO:0001203,MCF-7,cell_line,adult,encode,single,False,0.9930796027183533,OutputType.CHIP_TF,,,REST
816,EFO:0001203 TF ChIP-seq RFX1,.,TF ChIP-seq,EFO:0001203,MCF-7,cell_line,adult,encode,paired,False,0.7430601119995117,OutputType.CHIP_TF,,,RFX1
817,EFO:0001203 TF ChIP-seq RFX5,.,TF ChIP-seq,EFO:0001203,MCF-7,cell_line,adult,encode,paired,False,0.7860402464866638,OutputType.CHIP_TF,,,RFX5
818,EFO:0001203 TF ChIP-seq SIN3A,.,TF ChIP-seq,EFO:0001203,MCF-7,cell_line,adult,encode,paired,False,0.7774294018745422,OutputType.CHIP_TF,,,SIN3A
819,EFO:0001203 TF ChIP-seq SMARCE1,.,TF ChIP-seq,EFO:0001203,MCF-7,cell_line,adult,encode,paired,False,0.8304082155227661,OutputType.CHIP_TF,,,SMARCE1
820,EFO:0001203 TF ChIP-seq SPDEF genetically modified (insertion) using CRISPR targeting H. sapiens SPDEF,.,TF ChIP-seq,EFO:0001203,MCF-7,cell_line,adult,encode,paired,True,0.7863720655441284,OutputType.CHIP_TF,,,SPDEF
821,EFO:0001203 TF ChIP-seq SRF,.,TF ChIP-seq,EFO:0001203,MCF-7,cell_line,adult,encode,single,False,0.8488399386405945,OutputType.CHIP_TF,,,SRF
822,EFO:0001203 TF ChIP-seq SUZ12,.,TF ChIP-seq,EFO:0001203,MCF-7,cell_line,adult,encode,paired,False,0.777270495891571,OutputType.CHIP_TF,,,SUZ12
823,EFO:0001203 TF ChIP-seq TAF1,.,TF ChIP-seq,EFO:0001203,MCF-7,cell_line,adult,encode,single,False,0.9325705766677856,OutputType.CHIP_TF,,,TAF1
824,EFO:0001203 TF ChIP-seq TARDBP,.,TF ChIP-seq,EFO:0001203,MCF-7,cell_line,adult,encode,paired,False,0.7913354635238647,OutputType.CHIP_TF,,,TARDBP
825,EFO:0001203 TF ChIP-seq TCF12,.,TF ChIP-seq,EFO:0001203,MCF-7,cell_line,adult,encode,single,False,0.9399077296257019,OutputType.CHIP_TF,,,TCF12
826,EFO:0001203 TF ChIP-seq TCF7L2,.,TF ChIP-seq,EFO:0001203,MCF-7,cell_line,adult,encode,single,False,0.7937309741973877,OutputType.CHIP_TF,,,TCF7L2
827,EFO:0001203 TF ChIP-seq TEAD4,.,TF ChIP-seq,EFO:0001203,MCF-7,cell_line,adult,encode,single,False,0.9880518317222595,OutputType.CHIP_TF,,,TEAD4
828,EFO:0001203 TF ChIP-seq TOE1,.,TF ChIP-seq,EFO:0001203,MCF-7,cell_line,adult,encode,paired,False,0.7869079113006592,OutputType.CHIP_TF,,,TOE1
829,EFO:0001203 TF ChIP-seq TRIM22,.,TF ChIP-seq,EFO:0001203,MCF-7,cell_line,adult,encode,paired,False,0.7673547267913818,OutputType.CHIP_TF,,,TRIM22
830,EFO:0001203 TF ChIP-seq ZBTB40,.,TF ChIP-seq,EFO:0001203,MCF-7,cell_line,adult,encode,paired,False,0.7475370168685913,OutputType.CHIP_TF,,,ZBTB40
831,EFO:0001203 TF ChIP-seq ZFX,.,TF ChIP-seq,EFO:0001203,MCF-7,cell_line,adult,encode,paired,False,0.596068799495697,OutputType.CHIP_TF,,,ZFX
832,EFO:0001203 TF ChIP-seq ZHX2,.,TF ChIP-seq,EFO:0001203,MCF-7,cell_line,adult,encode,single,False,0.9741707444190979,OutputType.CHIP_TF,,,ZHX2
833,EFO:0001203 TF ChIP-seq ZNF217,.,TF ChIP-seq,EFO:0001203,MCF-7,cell_line,adult,encode,paired,False,0.7476333379745483,OutputType.CHIP_TF,,,ZNF217
834,EFO:0001203 TF ChIP-seq ZNF24,.,TF ChIP-seq,EFO:0001203,MCF-7,cell_line,adult,encode,paired,False,0.7968990206718445,OutputType.CHIP_TF,,,ZNF24
835,EFO:0001203 TF ChIP-seq ZNF444,.,TF ChIP-seq,EFO:0001203,MCF-7,cell_line,adult,encode,paired,False,0.7804219126701355,OutputType.CHIP_TF,,,ZNF444
836,EFO:0001203 TF ChIP-seq ZNF574,.,TF ChIP-seq,EFO:0001203,MCF-7,cell_line,adult,encode,paired,False,0.7526801228523254,OutputType.CHIP_TF,,,ZNF574
837,EFO:0001203 TF ChIP-seq ZNF579,.,TF ChIP-seq,EFO:0001203,MCF-7,cell_line,adult,encode,paired,False,0.7732386589050293,OutputType.CHIP_TF,,,ZNF579
838,EFO:0001203 TF ChIP-seq ZNF687,.,TF ChIP-seq,EFO:0001203,MCF-7,cell_line,adult,encode,paired,False,0.7778093218803406,OutputType.CHIP_TF,,,ZNF687
839,EFO:0001247 TF ChIP-seq JUND,.,TF ChIP-seq,EFO:0001247,T47D,cell_line,adult,encode,single,False,0.8883627653121948,OutputType.CHIP_TF,,,JUND
840,EFO:0001260 TF ChIP-seq CTCF,.,TF ChIP-seq,EFO:0001260,WI38,cell_line,unknown,encode,single,False,1.2429898977279663,OutputType.CHIP_TF,,,CTCF
841,EFO:0002067 TF ChIP-seq ADNP stably expressing C-terminal eGFP-tagged ADNP,.,TF ChIP-seq,EFO:0002067,K562,cell_line,adult,encode,single,True,0.6634426712989807,OutputType.CHIP_TF,,,ADNP
842,EFO:0002067 TF ChIP-seq AFF1,.,TF ChIP-seq,EFO:0002067,K562,cell_line,adult,encode,paired,False,0.6918033361434937,OutputType.CHIP_TF,,,AFF1
843,EFO:0002067 TF ChIP-seq AFF4 genetically modified (insertion) using CRISPR targeting H. sapiens AFF4,.,TF ChIP-seq,EFO:0002067,K562,cell_line,adult,encode,single,True,0.8278899192810059,OutputType.CHIP_TF,,,AFF4
844,EFO:0002067 TF ChIP-seq AGO1,.,TF ChIP-seq,EFO:0002067,K562,cell_line,adult,encode,single,False,1.2430368661880493,OutputType.CHIP_TF,,,AGO1
845,EFO:0002067 TF ChIP-seq ARID1B,.,TF ChIP-seq,EFO:0002067,K562,cell_line,adult,encode,paired,False,0.6704846620559692,OutputType.CHIP_TF,,,ARID1B
846,EFO:0002067 TF ChIP-seq ARID3A,.,TF ChIP-seq,EFO:0002067,K562,cell_line,adult,encode,single,False,1.01883864402771,OutputType.CHIP_TF,,,ARID3A
847,EFO:0002067 TF ChIP-seq ARID4B genetically modified (insertion) using CRISPR targeting H. sapiens ARID4B,.,TF ChIP-seq,EFO:0002067,K562,cell_line,adult,encode,single,True,0.7715880870819092,OutputType.CHIP_TF,,,ARID4B
848,EFO:0002067 TF ChIP-seq ARNT,.,TF ChIP-seq,EFO:0002067,K562,cell_line,adult,encode,paired,False,0.7356583476066589,OutputType.CHIP_TF,,,ARNT
849,EFO:0002067 TF ChIP-seq ASH1L,.,TF ChIP-seq,EFO:0002067,K562,cell_line,adult,encode,paired,False,0.7389912605285645,OutputType.CHIP_TF,,,ASH1L
850,EFO:0002067 TF ChIP-seq ATF1,.,TF ChIP-seq,EFO:0002067,K562,cell_line,adult,encode,single,False,0.932928204536438,OutputType.CHIP_TF,,,ATF1
851,EFO:0002067 TF ChIP-seq ATF1 genetically modified (insertion) using CRISPR targeting H. sapiens ATF1,.,TF ChIP-seq,EFO:0002067,K562,cell_line,adult,encode,single,True,0.8346529006958008,OutputType.CHIP_TF,,,ATF1
852,EFO:0002067 TF ChIP-seq ATF1 stably expressing C-terminal eGFP-tagged ATF1,.,TF ChIP-seq,EFO:0002067,K562,cell_line,adult,encode,paired,True,0.717806339263916,OutputType.CHIP_TF,,,ATF1
853,EFO:0002067 TF ChIP-seq ATF2,.,TF ChIP-seq,EFO:0002067,K562,cell_line,adult,encode,paired,False,0.8051930665969849,OutputType.CHIP_TF,,,ATF2
854,EFO:0002067 TF ChIP-seq ATF3,.,TF ChIP-seq,EFO:0002067,K562,cell_line,adult,encode,paired,False,0.6938161849975586,OutputType.CHIP_TF,,,ATF3
855,EFO:0002067 TF ChIP-seq ATF3 genetically modified (insertion) using CRISPR targeting H. sapiens ATF3,.,TF ChIP-seq,EFO:0002067,K562,cell_line,adult,encode,single,True,0.7645806670188904,OutputType.CHIP_TF,,,ATF3
856,EFO:0002067 TF ChIP-seq ATF3 stably expressing C-terminal eGFP-tagged ATF3,.,TF ChIP-seq,EFO:0002067,K562,cell_line,adult,encode,paired,True,0.6668583154678345,OutputType.CHIP_TF,,,ATF3
857,EFO:0002067 TF ChIP-seq ATF4,.,TF ChIP-seq,EFO:0002067,K562,cell_line,adult,encode,paired,False,0.7492426037788391,OutputType.CHIP_TF,,,ATF4
858,EFO:0002067 TF ChIP-seq ATF4 genetically modified (insertion) using CRISPR targeting H. sapiens ATF4,.,TF ChIP-seq,EFO:0002067,K562,cell_line,adult,encode,paired,True,0.7662009596824646,OutputType.CHIP_TF,,,ATF4
859,EFO:0002067 TF ChIP-seq ATF7,.,TF ChIP-seq,EFO:0002067,K562,cell_line,adult,encode,paired,False,0.7061840891838074,OutputType.CHIP_TF,,,ATF7
860,EFO:0002067 TF ChIP-seq BACH1 stably expressing N-terminal eGFP-tagged BACH1,.,TF ChIP-seq,EFO:0002067,K562,cell_line,adult,encode,single,True,0.7325031757354736,OutputType.CHIP_TF,,,BACH1
861,EFO:0002067 TF ChIP-seq BCLAF1,.,TF ChIP-seq,EFO:0002067,K562,cell_line,adult,encode,single,False,1.0183888673782349,OutputType.CHIP_TF,,,BCLAF1
862,EFO:0002067 TF ChIP-seq BCOR,.,TF ChIP-seq,EFO:0002067,K562,cell_line,adult,encode,paired,False,0.7481292486190796,OutputType.CHIP_TF,,,BCOR
863,EFO:0002067 TF ChIP-seq BHLHE40,.,TF ChIP-seq,EFO:0002067,K562,cell_line,adult,encode,single,False,0.8574661612510681,OutputType.CHIP_TF,,,BHLHE40
864,EFO:0002067 TF ChIP-seq BRD4,.,TF ChIP-seq,EFO:0002067,K562,cell_line,adult,encode,single,False,0.7786976099014282,OutputType.CHIP_TF,,,BRD4
865,EFO:0002067 TF ChIP-seq BRD9,.,TF ChIP-seq,EFO:0002067,K562,cell_line,adult,encode,paired,False,0.7714842557907104,OutputType.CHIP_TF,,,BRD9
866,EFO:0002067 TF ChIP-seq BRF2,.,TF ChIP-seq,EFO:0002067,K562,cell_line,adult,encode,single,False,1.5193694829940796,OutputType.CHIP_TF,,,BRF2
867,EFO:0002067 TF ChIP-seq C11orf30,.,TF ChIP-seq,EFO:0002067,K562,cell_line,adult,encode,paired,False,0.6974469423294067,OutputType.CHIP_TF,,,C11orf30
868,EFO:0002067 TF ChIP-seq CBFA2T2,.,TF ChIP-seq,EFO:0002067,K562,cell_line,adult,encode,paired,False,0.7172864675521851,OutputType.CHIP_TF,,,CBFA2T2
869,EFO:0002067 TF ChIP-seq CBFA2T3,.,TF ChIP-seq,EFO:0002067,K562,cell_line,adult,encode,paired,False,0.6633472442626953,OutputType.CHIP_TF,,,CBFA2T3
870,EFO:0002067 TF ChIP-seq CBFB genetically modified (insertion) using CRISPR targeting H. sapiens CBFB,.,TF ChIP-seq,EFO:0002067,K562,cell_line,adult,encode,single,True,0.8151785731315613,OutputType.CHIP_TF,,,CBFB
871,EFO:0002067 TF ChIP-seq CBX1,.,TF ChIP-seq,EFO:0002067,K562,cell_line,adult,encode,single,False,1.170633316040039,OutputType.CHIP_TF,,,CBX1
872,EFO:0002067 TF ChIP-seq CBX3,.,TF ChIP-seq,EFO:0002067,K562,cell_line,adult,encode,single,False,0.8604418635368347,OutputType.CHIP_TF,,,CBX3
873,EFO:0002067 TF ChIP-seq CC2D1A,.,TF ChIP-seq,EFO:0002067,K562,cell_line,adult,encode,paired,False,0.7487345933914185,OutputType.CHIP_TF,,,CC2D1A
874,EFO:0002067 TF ChIP-seq CEBPB,.,TF ChIP-seq,EFO:0002067,K562,cell_line,adult,encode,single,False,0.9962054491043091,OutputType.CHIP_TF,,,CEBPB
875,EFO:0002067 TF ChIP-seq CEBPB stably expressing C-terminal eGFP-tagged CEBPB,.,TF ChIP-seq,EFO:0002067,K562,cell_line,adult,encode,paired,True,0.7347829937934875,OutputType.CHIP_TF,,,CEBPB
876,EFO:0002067 TF ChIP-seq CEBPG genetically modified (insertion) using CRISPR targeting H. sapiens CEBPG,.,TF ChIP-seq,EFO:0002067,K562,cell_line,adult,encode,single,True,0.7904068231582642,OutputType.CHIP_TF,,,CEBPG
877,EFO:0002067 TF ChIP-seq CEBPG stably expressing C-terminal eGFP-tagged CEBPG,.,TF ChIP-seq,EFO:0002067,K562,cell_line,adult,encode,paired,True,0.7784750461578369,OutputType.CHIP_TF,,,CEBPG
878,EFO:0002067 TF ChIP-seq CHAMP1,.,TF ChIP-seq,EFO:0002067,K562,cell_line,adult,encode,paired,False,0.6980448961257935,OutputType.CHIP_TF,,,CHAMP1
879,EFO:0002067 TF ChIP-seq CHD1,.,TF ChIP-seq,EFO:0002067,K562,cell_line,adult,encode,single,False,1.0253654718399048,OutputType.CHIP_TF,,,CHD1
880,EFO:0002067 TF ChIP-seq CHD2,.,TF ChIP-seq,EFO:0002067,K562,cell_line,adult,encode,single,False,0.9787920713424683,OutputType.CHIP_TF,,,CHD2
881,EFO:0002067 TF ChIP-seq COPS2,.,TF ChIP-seq,EFO:0002067,K562,cell_line,adult,encode,paired,False,0.7520030736923218,OutputType.CHIP_TF,,,COPS2
882,EFO:0002067 TF ChIP-seq CREB1,.,TF ChIP-seq,EFO:0002067,K562,cell_line,adult,encode,single,False,0.8838227987289429,OutputType.CHIP_TF,,,CREB1
883,EFO:0002067 TF ChIP-seq CREB1 genetically modified (insertion) using CRISPR targeting H. sapiens CREB1,.,TF ChIP-seq,EFO:0002067,K562,cell_line,adult,encode,single,True,0.7677785158157349,OutputType.CHIP_TF,,,CREB1
884,EFO:0002067 TF ChIP-seq CREB3 stably expressing C-terminal eGFP-tagged CREB3,.,TF ChIP-seq,EFO:0002067,K562,cell_line,adult,encode,paired,True,0.7995487451553345,OutputType.CHIP_TF,,,CREB3
885,EFO:0002067 TF ChIP-seq CREB3L1,.,TF ChIP-seq,EFO:0002067,K562,cell_line,adult,encode,paired,False,0.7718307971954346,OutputType.CHIP_TF,,,CREB3L1
886,EFO:0002067 TF ChIP-seq CREM,.,TF ChIP-seq,EFO:0002067,K562,cell_line,adult,encode,single,False,0.9987030625343323,OutputType.CHIP_TF,,,CREM
887,EFO:0002067 TF ChIP-seq CTBP1,.,TF ChIP-seq,EFO:0002067,K562,cell_line,adult,encode,paired,False,0.7195405960083008,OutputType.CHIP_TF,,,CTBP1
888,EFO:0002067 TF ChIP-seq CTCF,.,TF ChIP-seq,EFO:0002067,K562,cell_line,adult,encode,single,False,0.9440202116966248,OutputType.CHIP_TF,,,CTCF
889,EFO:0002067 TF ChIP-seq CUX1 genetically modified (insertion) using CRISPR targeting H. sapiens CUX1,.,TF ChIP-seq,EFO:0002067,K562,cell_line,adult,encode,single,True,0.7541698813438416,OutputType.CHIP_TF,,,CUX1
890,EFO:0002067 TF ChIP-seq CXXC5 genetically modified (insertion) using CRISPR targeting H. sapiens CXXC5,.,TF ChIP-seq,EFO:0002067,K562,cell_line,adult,encode,paired,True,0.7240854501724243,OutputType.CHIP_TF,,,CXXC5
891,EFO:0002067 TF ChIP-seq DACH1,.,TF ChIP-seq,EFO:0002067,K562,cell_line,adult,encode,paired,False,0.7435398697853088,OutputType.CHIP_TF,,,DACH1
892,EFO:0002067 TF ChIP-seq DDX20,.,TF ChIP-seq,EFO:0002067,K562,cell_line,adult,encode,paired,False,0.7894079685211182,OutputType.CHIP_TF,,,DDX20
893,EFO:0002067 TF ChIP-seq DEAF1,.,TF ChIP-seq,EFO:0002067,K562,cell_line,adult,encode,single,False,0.9108900427818298,OutputType.CHIP_TF,,,DEAF1
894,EFO:0002067 TF ChIP-seq DEAF1 genetically modified (insertion) using CRISPR targeting H. sapiens DEAF1,.,TF ChIP-seq,EFO:0002067,K562,cell_line,adult,encode,paired,True,0.7383613586425781,OutputType.CHIP_TF,,,DEAF1
895,EFO:0002067 TF ChIP-seq DIDO1 stably expressing C-terminal eGFP-tagged DIDO1,.,TF ChIP-seq,EFO:0002067,K562,cell_line,adult,encode,paired,True,0.8126928806304932,OutputType.CHIP_TF,,,DIDO1
896,EFO:0002067 TF ChIP-seq DMBX1 genetically modified (insertion) using CRISPR targeting H. sapiens DMBX1,.,TF ChIP-seq,EFO:0002067,K562,cell_line,adult,encode,paired,True,0.7401677966117859,OutputType.CHIP_TF,,,DMBX1
897,EFO:0002067 TF ChIP-seq DPF2,.,TF ChIP-seq,EFO:0002067,K562,cell_line,adult,encode,paired,False,0.7370565533638,OutputType.CHIP_TF,,,DPF2
898,EFO:0002067 TF ChIP-seq E2F1,.,TF ChIP-seq,EFO:0002067,K562,cell_line,adult,encode,paired,False,0.7955290675163269,OutputType.CHIP_TF,,,E2F1
899,EFO:0002067 TF ChIP-seq E2F1 genetically modified (insertion) using CRISPR targeting H. sapiens E2F1,.,TF ChIP-seq,EFO:0002067,K562,cell_line,adult,encode,single,True,0.7711313366889954,OutputType.CHIP_TF,,,E2F1
900,EFO:0002067 TF ChIP-seq E2F5 genetically modified (insertion) using CRISPR targeting H. sapiens E2F5,.,TF ChIP-seq,EFO:0002067,K562,cell_line,adult,encode,single,True,0.7133623957633972,OutputType.CHIP_TF,,,E2F5
901,EFO:0002067 TF ChIP-seq E2F8,.,TF ChIP-seq,EFO:0002067,K562,cell_line,adult,encode,paired,False,0.7671574950218201,OutputType.CHIP_TF,,,E2F8
902,EFO:0002067 TF ChIP-seq E4F1,.,TF ChIP-seq,EFO:0002067,K562,cell_line,adult,encode,paired,False,0.6868494749069214,OutputType.CHIP_TF,,,E4F1
903,EFO:0002067 TF ChIP-seq EGR1,.,TF ChIP-seq,EFO:0002067,K562,cell_line,adult,encode,paired,False,0.702231228351593,OutputType.CHIP_TF,,,EGR1
904,EFO:0002067 TF ChIP-seq EHMT2,.,TF ChIP-seq,EFO:0002067,K562,cell_line,adult,encode,paired,False,0.7712700963020325,OutputType.CHIP_TF,,,EHMT2
905,EFO:0002067 TF ChIP-seq ELF1,.,TF ChIP-seq,EFO:0002067,K562,cell_line,adult,encode,paired,False,0.7661129236221313,OutputType.CHIP_TF,,,ELF1
906,EFO:0002067 TF ChIP-seq ELF1 genetically modified (insertion) using CRISPR targeting H. sapiens ELF1,.,TF ChIP-seq,EFO:0002067,K562,cell_line,adult,encode,single,True,0.748539388179779,OutputType.CHIP_TF,,,ELF1
907,EFO:0002067 TF ChIP-seq ELF1 stably expressing C-terminal eGFP-tagged ELF1,.,TF ChIP-seq,EFO:0002067,K562,cell_line,adult,encode,single,True,0.676923930644989,OutputType.CHIP_TF,,,ELF1
908,EFO:0002067 TF ChIP-seq ELF4,.,TF ChIP-seq,EFO:0002067,K562,cell_line,adult,encode,paired,False,0.8105013966560364,OutputType.CHIP_TF,,,ELF4
909,EFO:0002067 TF ChIP-seq ELF4 genetically modified (insertion) using CRISPR targeting H. sapiens ELF4,.,TF ChIP-seq,EFO:0002067,K562,cell_line,adult,encode,paired,True,0.73857182264328,OutputType.CHIP_TF,,,ELF4
910,EFO:0002067 TF ChIP-seq EP300,.,TF ChIP-seq,EFO:0002067,K562,cell_line,adult,encode,single,False,0.8454356789588928,OutputType.CHIP_TF,,,EP300
911,EFO:0002067 TF ChIP-seq EP400,.,TF ChIP-seq,EFO:0002067,K562,cell_line,adult,encode,paired,False,0.6764782667160034,OutputType.CHIP_TF,,,EP400
912,EFO:0002067 TF ChIP-seq ESRRA,.,TF ChIP-seq,EFO:0002067,K562,cell_line,adult,encode,paired,False,0.7577141523361206,OutputType.CHIP_TF,,,ESRRA
913,EFO:0002067 TF ChIP-seq ETS1,.,TF ChIP-seq,EFO:0002067,K562,cell_line,adult,encode,single,False,1.0958163738250732,OutputType.CHIP_TF,,,ETS1
914,EFO:0002067 TF ChIP-seq ETV1 stably expressing C-terminal eGFP-tagged ETV1,.,TF ChIP-seq,EFO:0002067,K562,cell_line,adult,encode,paired,True,0.7398883700370789,OutputType.CHIP_TF,,,ETV1
915,EFO:0002067 TF ChIP-seq ETV5 genetically modified (insertion) using CRISPR targeting H. sapiens ETV5,.,TF ChIP-seq,EFO:0002067,K562,cell_line,adult,encode,single,True,0.7966878414154053,OutputType.CHIP_TF,,,ETV5
916,EFO:0002067 TF ChIP-seq ETV6,.,TF ChIP-seq,EFO:0002067,K562,cell_line,adult,encode,single,False,0.9625654220581055,OutputType.CHIP_TF,,,ETV6
917,EFO:0002067 TF ChIP-seq FOSL1,.,TF ChIP-seq,EFO:0002067,K562,cell_line,adult,encode,single,False,1.1641149520874023,OutputType.CHIP_TF,,,FOSL1
918,EFO:0002067 TF ChIP-seq FOSL1 stably expressing C-terminal eGFP-tagged FOSL1,.,TF ChIP-seq,EFO:0002067,K562,cell_line,adult,encode,single,True,0.6668928861618042,OutputType.CHIP_TF,,,FOSL1
919,EFO:0002067 TF ChIP-seq FOXA3 genetically modified (insertion) using CRISPR targeting H. sapiens FOXA3,.,TF ChIP-seq,EFO:0002067,K562,cell_line,adult,encode,paired,True,0.7465325593948364,OutputType.CHIP_TF,,,FOXA3
920,EFO:0002067 TF ChIP-seq FOXJ2 stably expressing C-terminal eGFP-tagged FOXJ2,.,TF ChIP-seq,EFO:0002067,K562,cell_line,adult,encode,single,True,0.7091917395591736,OutputType.CHIP_TF,,,FOXJ2
921,EFO:0002067 TF ChIP-seq FOXK2,.,TF ChIP-seq,EFO:0002067,K562,cell_line,adult,encode,paired,False,0.7183144092559814,OutputType.CHIP_TF,,,FOXK2
922,EFO:0002067 TF ChIP-seq FOXM1,.,TF ChIP-seq,EFO:0002067,K562,cell_line,adult,encode,paired,False,0.8042746782302856,OutputType.CHIP_TF,,,FOXM1
923,EFO:0002067 TF ChIP-seq FOXM1 genetically modified (insertion) using CRISPR targeting H. sapiens FOXM1,.,TF ChIP-seq,EFO:0002067,K562,cell_line,adult,encode,single,True,1.0309560298919678,OutputType.CHIP_TF,,,FOXM1
924,EFO:0002067 TF ChIP-seq FOXP1 genetically modified (insertion) using CRISPR targeting H. sapiens FOXP1,.,TF ChIP-seq,EFO:0002067,K562,cell_line,adult,encode,single,True,0.7975869178771973,OutputType.CHIP_TF,,,FOXP1
925,EFO:0002067 TF ChIP-seq GABPA stably expressing C-terminal eGFP-tagged GABPA,.,TF ChIP-seq,EFO:0002067,K562,cell_line,adult,encode,single,True,0.6643872261047363,OutputType.CHIP_TF,,,GABPA
926,EFO:0002067 TF ChIP-seq GABPB1,.,TF ChIP-seq,EFO:0002067,K562,cell_line,adult,encode,paired,False,0.6490437388420105,OutputType.CHIP_TF,,,GABPB1
927,EFO:0002067 TF ChIP-seq GABPB1 genetically modified (insertion) using CRISPR targeting H. sapiens GABPB1,.,TF ChIP-seq,EFO:0002067,K562,cell_line,adult,encode,single,True,0.7636831402778625,OutputType.CHIP_TF,,,GABPB1
928,EFO:0002067 TF ChIP-seq GATA1,.,TF ChIP-seq,EFO:0002067,K562,cell_line,adult,encode,single,False,1.0354952812194824,OutputType.CHIP_TF,,,GATA1
929,EFO:0002067 TF ChIP-seq GATA2,.,TF ChIP-seq,EFO:0002067,K562,cell_line,adult,encode,single,False,0.9373100399971008,OutputType.CHIP_TF,,,GATA2
930,EFO:0002067 TF ChIP-seq GATA2 genetically modified (insertion) using CRISPR targeting H. sapiens GATA2,.,TF ChIP-seq,EFO:0002067,K562,cell_line,adult,encode,single,True,0.7242790460586548,OutputType.CHIP_TF,,,GATA2
931,EFO:0002067 TF ChIP-seq GATAD2A,.,TF ChIP-seq,EFO:0002067,K562,cell_line,adult,encode,paired,False,0.7230340242385864,OutputType.CHIP_TF,,,GATAD2A
932,EFO:0002067 TF ChIP-seq GATAD2B,.,TF ChIP-seq,EFO:0002067,K562,cell_line,adult,encode,paired,False,0.7301141619682312,OutputType.CHIP_TF,,,GATAD2B
933,EFO:0002067 TF ChIP-seq GMEB1,.,TF ChIP-seq,EFO:0002067,K562,cell_line,adult,encode,paired,False,0.6824285984039307,OutputType.CHIP_TF,,,GMEB1
934,EFO:0002067 TF ChIP-seq GMEB1 genetically modified (insertion) using CRISPR targeting H. sapiens GMEB1,.,TF ChIP-seq,EFO:0002067,K562,cell_line,adult,encode,paired,True,0.7540484070777893,OutputType.CHIP_TF,,,GMEB1
935,EFO:0002067 TF ChIP-seq GTF2E2 stably expressing C-terminal eGFP-tagged GTF2E2,.,TF ChIP-seq,EFO:0002067,K562,cell_line,adult,encode,single,True,0.6712646484375,OutputType.CHIP_TF,,,GTF2E2
936,EFO:0002067 TF ChIP-seq GTF2F1,.,TF ChIP-seq,EFO:0002067,K562,cell_line,adult,encode,paired,False,0.7162723541259766,OutputType.CHIP_TF,,,GTF2F1
937,EFO:0002067 TF ChIP-seq GTF2I genetically modified (insertion) using CRISPR targeting H. sapiens GTF2I,.,TF ChIP-seq,EFO:0002067,K562,cell_line,adult,encode,paired,True,0.7511771321296692,OutputType.CHIP_TF,,,GTF2I
938,EFO:0002067 TF ChIP-seq HCFC1,.,TF ChIP-seq,EFO:0002067,K562,cell_line,adult,encode,single,False,0.9511324167251587,OutputType.CHIP_TF,,,HCFC1
939,EFO:0002067 TF ChIP-seq HDAC1,.,TF ChIP-seq,EFO:0002067,K562,cell_line,adult,encode,paired,False,0.7381196022033691,OutputType.CHIP_TF,,,HDAC1
940,EFO:0002067 TF ChIP-seq HDAC2,.,TF ChIP-seq,EFO:0002067,K562,cell_line,adult,encode,paired,False,0.7467041611671448,OutputType.CHIP_TF,,,HDAC2
941,EFO:0002067 TF ChIP-seq HDAC3,.,TF ChIP-seq,EFO:0002067,K562,cell_line,adult,encode,paired,False,0.7150280475616455,OutputType.CHIP_TF,,,HDAC3
942,EFO:0002067 TF ChIP-seq HDGF,.,TF ChIP-seq,EFO:0002067,K562,cell_line,adult,encode,paired,False,0.7410951852798462,OutputType.CHIP_TF,,,HDGF
943,EFO:0002067 TF ChIP-seq HES1,.,TF ChIP-seq,EFO:0002067,K562,cell_line,adult,encode,paired,False,0.7935094833374023,OutputType.CHIP_TF,,,HES1
944,EFO:0002067 TF ChIP-seq HINFP stably expressing C-terminal eGFP-tagged HINFP,.,TF ChIP-seq,EFO:0002067,K562,cell_line,adult,encode,paired,True,0.763461172580719,OutputType.CHIP_TF,,,HINFP
945,EFO:0002067 TF ChIP-seq HLTF,.,TF ChIP-seq,EFO:0002067,K562,cell_line,adult,encode,paired,False,0.7460907101631165,OutputType.CHIP_TF,,,HLTF
946,EFO:0002067 TF ChIP-seq HMBOX1,.,TF ChIP-seq,EFO:0002067,K562,cell_line,adult,encode,single,False,0.8168128132820129,OutputType.CHIP_TF,,,HMBOX1
947,EFO:0002067 TF ChIP-seq HMG20A genetically modified (insertion) using CRISPR targeting H. sapiens HMG20A,.,TF ChIP-seq,EFO:0002067,K562,cell_line,adult,encode,single,True,0.7397764325141907,OutputType.CHIP_TF,,,HMG20A
948,EFO:0002067 TF ChIP-seq HMGXB4 genetically modified (insertion) using CRISPR targeting H. sapiens HMGXB4,.,TF ChIP-seq,EFO:0002067,K562,cell_line,adult,encode,single,True,1.0159698724746704,OutputType.CHIP_TF,,,HMGXB4
949,EFO:0002067 TF ChIP-seq HNRNPL,.,TF ChIP-seq,EFO:0002067,K562,cell_line,adult,encode,single,False,1.0656288862228394,OutputType.CHIP_TF,,,HNRNPL
950,EFO:0002067 TF ChIP-seq ID3 stably expressing C-terminal eGFP-tagged ID3,.,TF ChIP-seq,EFO:0002067,K562,cell_line,adult,encode,paired,True,0.730577290058136,OutputType.CHIP_TF,,,ID3
951,EFO:0002067 TF ChIP-seq IKZF1,.,TF ChIP-seq,EFO:0002067,K562,cell_line,adult,encode,paired,False,0.72087162733078,OutputType.CHIP_TF,,,IKZF1
952,EFO:0002067 TF ChIP-seq IRF1 stably expressing C-terminal eGFP-tagged IRF1,.,TF ChIP-seq,EFO:0002067,K562,cell_line,adult,encode,paired,True,0.7621214389801025,OutputType.CHIP_TF,,,IRF1
953,EFO:0002067 TF ChIP-seq IRF2,.,TF ChIP-seq,EFO:0002067,K562,cell_line,adult,encode,single,False,0.8517116904258728,OutputType.CHIP_TF,,,IRF2
954,EFO:0002067 TF ChIP-seq JUN,.,TF ChIP-seq,EFO:0002067,K562,cell_line,adult,encode,single,False,1.085750699043274,OutputType.CHIP_TF,,,JUN
955,EFO:0002067 TF ChIP-seq JUND,.,TF ChIP-seq,EFO:0002067,K562,cell_line,adult,encode,single,False,0.9986217021942139,OutputType.CHIP_TF,,,JUND
956,EFO:0002067 TF ChIP-seq JUND stably expressing JUND,.,TF ChIP-seq,EFO:0002067,K562,cell_line,adult,encode,single,True,0.7568706274032593,OutputType.CHIP_TF,,,JUND
957,EFO:0002067 TF ChIP-seq KAT7 genetically modified (insertion) using CRISPR targeting H. sapiens KAT7,.,TF ChIP-seq,EFO:0002067,K562,cell_line,adult,encode,single,True,0.7973722219467163,OutputType.CHIP_TF,,,KAT7
958,EFO:0002067 TF ChIP-seq KDM1A,.,TF ChIP-seq,EFO:0002067,K562,cell_line,adult,encode,paired,False,0.6856185793876648,OutputType.CHIP_TF,,,KDM1A
959,EFO:0002067 TF ChIP-seq KDM4B,.,TF ChIP-seq,EFO:0002067,K562,cell_line,adult,encode,single,False,1.1400146484375,OutputType.CHIP_TF,,,KDM4B
960,EFO:0002067 TF ChIP-seq KLF16,.,TF ChIP-seq,EFO:0002067,K562,cell_line,adult,encode,single,False,0.8529425263404846,OutputType.CHIP_TF,,,KLF16
961,EFO:0002067 TF ChIP-seq L3MBTL2,.,TF ChIP-seq,EFO:0002067,K562,cell_line,adult,encode,paired,False,0.7028407454490662,OutputType.CHIP_TF,,,L3MBTL2
962,EFO:0002067 TF ChIP-seq LCOR genetically modified (insertion) using CRISPR targeting H. sapiens LCOR,.,TF ChIP-seq,EFO:0002067,K562,cell_line,adult,encode,single,True,0.8215567469596863,OutputType.CHIP_TF,,,LCOR
963,EFO:0002067 TF ChIP-seq LEF1,.,TF ChIP-seq,EFO:0002067,K562,cell_line,adult,encode,paired,False,0.7407509088516235,OutputType.CHIP_TF,,,LEF1
964,EFO:0002067 TF ChIP-seq MAFF,.,TF ChIP-seq,EFO:0002067,K562,cell_line,adult,encode,single,False,0.9088340401649475,OutputType.CHIP_TF,,,MAFF
965,EFO:0002067 TF ChIP-seq MAFG stably expressing C-terminal eGFP-tagged MAFG,.,TF ChIP-seq,EFO:0002067,K562,cell_line,adult,encode,paired,True,0.7313457727432251,OutputType.CHIP_TF,,,MAFG
966,EFO:0002067 TF ChIP-seq MAFK,.,TF ChIP-seq,EFO:0002067,K562,cell_line,adult,encode,single,False,0.8063668012619019,OutputType.CHIP_TF,,,MAFK
967,EFO:0002067 TF ChIP-seq MAX,.,TF ChIP-seq,EFO:0002067,K562,cell_line,adult,encode,single,False,1.3992334604263306,OutputType.CHIP_TF,,,MAX
968,EFO:0002067 TF ChIP-seq MAX genetically modified (insertion) using CRISPR targeting H. sapiens MAX,.,TF ChIP-seq,EFO:0002067,K562,cell_line,adult,encode,single,True,0.872469425201416,OutputType.CHIP_TF,,,MAX
969,EFO:0002067 TF ChIP-seq MAZ,.,TF ChIP-seq,EFO:0002067,K562,cell_line,adult,encode,single,False,1.0348985195159912,OutputType.CHIP_TF,,,MAZ
970,EFO:0002067 TF ChIP-seq MAZ genetically modified (insertion) using CRISPR targeting H. sapiens MAZ,.,TF ChIP-seq,EFO:0002067,K562,cell_line,adult,encode,paired,True,0.735535204410553,OutputType.CHIP_TF,,,MAZ
971,EFO:0002067 TF ChIP-seq MBD2,.,TF ChIP-seq,EFO:0002067,K562,cell_line,adult,encode,single,False,0.8956447839736938,OutputType.CHIP_TF,,,MBD2
972,EFO:0002067 TF ChIP-seq MCM5,.,TF ChIP-seq,EFO:0002067,K562,cell_line,adult,encode,paired,False,0.8113334774971008,OutputType.CHIP_TF,,,MCM5
973,EFO:0002067 TF ChIP-seq MEF2A,.,TF ChIP-seq,EFO:0002067,K562,cell_line,adult,encode,single,False,0.9906611442565918,OutputType.CHIP_TF,,,MEF2A
974,EFO:0002067 TF ChIP-seq MEF2D stably expressing C-terminal eGFP-tagged MEF2D,.,TF ChIP-seq,EFO:0002067,K562,cell_line,adult,encode,paired,True,0.7657760381698608,OutputType.CHIP_TF,,,MEF2D
975,EFO:0002067 TF ChIP-seq MEIS2,.,TF ChIP-seq,EFO:0002067,K562,cell_line,adult,encode,paired,False,0.7263625860214233,OutputType.CHIP_TF,,,MEIS2
976,EFO:0002067 TF ChIP-seq MGA,.,TF ChIP-seq,EFO:0002067,K562,cell_line,adult,encode,paired,False,0.6909405589103699,OutputType.CHIP_TF,,,MGA
977,EFO:0002067 TF ChIP-seq MIER1,.,TF ChIP-seq,EFO:0002067,K562,cell_line,adult,encode,paired,False,0.7461676597595215,OutputType.CHIP_TF,,,MIER1
978,EFO:0002067 TF ChIP-seq MITF,.,TF ChIP-seq,EFO:0002067,K562,cell_line,adult,encode,single,False,0.9986672401428223,OutputType.CHIP_TF,,,MITF
979,EFO:0002067 TF ChIP-seq MLLT1,.,TF ChIP-seq,EFO:0002067,K562,cell_line,adult,encode,paired,False,0.7123726010322571,OutputType.CHIP_TF,,,MLLT1
980,EFO:0002067 TF ChIP-seq MNT,.,TF ChIP-seq,EFO:0002067,K562,cell_line,adult,encode,paired,False,0.6763564944267273,OutputType.CHIP_TF,,,MNT
981,EFO:0002067 TF ChIP-seq MTA1,.,TF ChIP-seq,EFO:0002067,K562,cell_line,adult,encode,paired,False,0.7559935450553894,OutputType.CHIP_TF,,,MTA1
982,EFO:0002067 TF ChIP-seq MTA2,.,TF ChIP-seq,EFO:0002067,K562,cell_line,adult,encode,paired,False,0.7650761008262634,OutputType.CHIP_TF,,,MTA2
983,EFO:0002067 TF ChIP-seq MTA3,.,TF ChIP-seq,EFO:0002067,K562,cell_line,adult,encode,paired,False,0.7320027351379395,OutputType.CHIP_TF,,,MTA3
984,EFO:0002067 TF ChIP-seq MXI1,.,TF ChIP-seq,EFO:0002067,K562,cell_line,adult,encode,single,False,0.9615965485572815,OutputType.CHIP_TF,,,MXI1
985,EFO:0002067 TF ChIP-seq MYC,.,TF ChIP-seq,EFO:0002067,K562,cell_line,adult,encode,single,False,1.0358119010925293,OutputType.CHIP_TF,,,MYC
986,EFO:0002067 TF ChIP-seq MYC genetically modified (insertion) using CRISPR targeting H. sapiens MYC,.,TF ChIP-seq,EFO:0002067,K562,cell_line,adult,encode,paired,True,0.7483974099159241,OutputType.CHIP_TF,,,MYC
987,EFO:0002067 TF ChIP-seq MYNN,.,TF ChIP-seq,EFO:0002067,K562,cell_line,adult,encode,single,False,0.9493129253387451,OutputType.CHIP_TF,,,MYNN
988,EFO:0002067 TF ChIP-seq NBN,.,TF ChIP-seq,EFO:0002067,K562,cell_line,adult,encode,paired,False,0.7579705119132996,OutputType.CHIP_TF,,,NBN
989,EFO:0002067 TF ChIP-seq NCOA1,.,TF ChIP-seq,EFO:0002067,K562,cell_line,adult,encode,paired,False,0.7958565950393677,OutputType.CHIP_TF,,,NCOA1
990,EFO:0002067 TF ChIP-seq NCOR1,.,TF ChIP-seq,EFO:0002067,K562,cell_line,adult,encode,paired,False,0.6930427551269531,OutputType.CHIP_TF,,,NCOR1
991,EFO:0002067 TF ChIP-seq NEUROD1,.,TF ChIP-seq,EFO:0002067,K562,cell_line,adult,encode,single,False,1.0804558992385864,OutputType.CHIP_TF,,,NEUROD1
992,EFO:0002067 TF ChIP-seq NFATC3,.,TF ChIP-seq,EFO:0002067,K562,cell_line,adult,encode,paired,False,0.764166533946991,OutputType.CHIP_TF,,,NFATC3
993,EFO:0002067 TF ChIP-seq NFE2,.,TF ChIP-seq,EFO:0002067,K562,cell_line,adult,encode,single,False,0.9422093033790588,OutputType.CHIP_TF,,,NFE2
994,EFO:0002067 TF ChIP-seq NFE2 stably expressing C-terminal eGFP-tagged NFE2,.,TF ChIP-seq,EFO:0002067,K562,cell_line,adult,encode,paired,True,0.791631281375885,OutputType.CHIP_TF,,,NFE2
995,EFO:0002067 TF ChIP-seq NFIC,.,TF ChIP-seq,EFO:0002067,K562,cell_line,adult,encode,paired,False,0.6981591582298279,OutputType.CHIP_TF,,,NFIC
996,EFO:0002067 TF ChIP-seq NFRKB,.,TF ChIP-seq,EFO:0002067,K562,cell_line,adult,encode,paired,False,0.813463032245636,OutputType.CHIP_TF,,,NFRKB
997,EFO:0002067 TF ChIP-seq NFYA genetically modified (insertion) using CRISPR targeting H. sapiens NFYA,.,TF ChIP-seq,EFO:0002067,K562,cell_line,adult,encode,single,True,0.7262218594551086,OutputType.CHIP_TF,,,NFYA
998,EFO:0002067 TF ChIP-seq NKRF,.,TF ChIP-seq,EFO:0002067,K562,cell_line,adult,encode,paired,False,0.7450549006462097,OutputType.CHIP_TF,,,NKRF
999,EFO:0002067 TF ChIP-seq NONO,.,TF ChIP-seq,EFO:0002067,K562,cell_line,adult,encode,paired,False,0.8359594941139221,OutputType.CHIP_TF,,,NONO
1000,EFO:0002067 TF ChIP-seq NR0B1,.,TF ChIP-seq,EFO:0002067,K562,cell_line,adult,encode,paired,False,0.7410502433776855,OutputType.CHIP_TF,,,NR0B1
1001,EFO:0002067 TF ChIP-seq NR2C1,.,TF ChIP-seq,EFO:0002067,K562,cell_line,adult,encode,paired,False,0.7046119570732117,OutputType.CHIP_TF,,,NR2C1
1002,EFO:0002067 TF ChIP-seq NR2C1 stably expressing C-terminal eGFP-tagged NR2C1,.,TF ChIP-seq,EFO:0002067,K562,cell_line,adult,encode,paired,True,0.7335824370384216,OutputType.CHIP_TF,,,NR2C1
1003,EFO:0002067 TF ChIP-seq NR2C2 genetically modified (insertion) using CRISPR targeting H. sapiens NR2C2,.,TF ChIP-seq,EFO:0002067,K562,cell_line,adult,encode,single,True,0.7981119751930237,OutputType.CHIP_TF,,,NR2C2
1004,EFO:0002067 TF ChIP-seq NR2C2 stably expressing C-terminal eGFP-tagged NR2C2,.,TF ChIP-seq,EFO:0002067,K562,cell_line,adult,encode,single,True,0.6366416215896606,OutputType.CHIP_TF,,,NR2C2
1005,EFO:0002067 TF ChIP-seq NR2F1,.,TF ChIP-seq,EFO:0002067,K562,cell_line,adult,encode,paired,False,0.775092601776123,OutputType.CHIP_TF,,,NR2F1
1006,EFO:0002067 TF ChIP-seq NR2F2,.,TF ChIP-seq,EFO:0002067,K562,cell_line,adult,encode,single,False,0.8620637655258179,OutputType.CHIP_TF,,,NR2F2
1007,EFO:0002067 TF ChIP-seq NR2F6,.,TF ChIP-seq,EFO:0002067,K562,cell_line,adult,encode,single,False,0.8323673009872437,OutputType.CHIP_TF,,,NR2F6
1008,EFO:0002067 TF ChIP-seq NR4A1 stably expressing C-terminal eGFP-tagged NR4A1,.,TF ChIP-seq,EFO:0002067,K562,cell_line,adult,encode,paired,True,0.74551922082901,OutputType.CHIP_TF,,,NR4A1
1009,EFO:0002067 TF ChIP-seq NRF1,.,TF ChIP-seq,EFO:0002067,K562,cell_line,adult,encode,paired,False,0.557276725769043,OutputType.CHIP_TF,,,NRF1
1010,EFO:0002067 TF ChIP-seq PBX2 stably expressing C-terminal eGFP-tagged PBX2,.,TF ChIP-seq,EFO:0002067,K562,cell_line,adult,encode,paired,True,0.7694199085235596,OutputType.CHIP_TF,,,PBX2
1011,EFO:0002067 TF ChIP-seq PHF20,.,TF ChIP-seq,EFO:0002067,K562,cell_line,adult,encode,paired,False,0.7365843653678894,OutputType.CHIP_TF,,,PHF20
1012,EFO:0002067 TF ChIP-seq PHF8,.,TF ChIP-seq,EFO:0002067,K562,cell_line,adult,encode,single,False,0.8206332325935364,OutputType.CHIP_TF,,,PHF8
1013,EFO:0002067 TF ChIP-seq PKNOX1,.,TF ChIP-seq,EFO:0002067,K562,cell_line,adult,encode,paired,False,0.67368084192276,OutputType.CHIP_TF,,,PKNOX1
1014,EFO:0002067 TF ChIP-seq PML,.,TF ChIP-seq,EFO:0002067,K562,cell_line,adult,encode,single,False,0.8834584355354309,OutputType.CHIP_TF,,,PML
1015,EFO:0002067 TF ChIP-seq POLR2A,.,TF ChIP-seq,EFO:0002067,K562,cell_line,adult,encode,paired,False,0.759458601474762,OutputType.CHIP_TF,,,POLR2A
1016,EFO:0002067 TF ChIP-seq POLR2AphosphoS2,.,TF ChIP-seq,EFO:0002067,K562,cell_line,adult,encode,single,False,1.2719284296035767,OutputType.CHIP_TF,,,POLR2AphosphoS2
1017,EFO:0002067 TF ChIP-seq POLR2AphosphoS5,.,TF ChIP-seq,EFO:0002067,K562,cell_line,adult,encode,single,False,1.4186197519302368,OutputType.CHIP_TF,,,POLR2AphosphoS5
1018,EFO:0002067 TF ChIP-seq POLR2B,.,TF ChIP-seq,EFO:0002067,K562,cell_line,adult,encode,paired,False,0.7824667692184448,OutputType.CHIP_TF,,,POLR2B
1019,EFO:0002067 TF ChIP-seq POLR2G,.,TF ChIP-seq,EFO:0002067,K562,cell_line,adult,encode,single,False,2.0446512699127197,OutputType.CHIP_TF,,,POLR2G
1020,EFO:0002067 TF ChIP-seq POLR2H stably expressing C-terminal eGFP-tagged POLR2H,.,TF ChIP-seq,EFO:0002067,K562,cell_line,adult,encode,paired,True,0.6736092567443848,OutputType.CHIP_TF,,,POLR2H
1021,EFO:0002067 TF ChIP-seq PRDM10,.,TF ChIP-seq,EFO:0002067,K562,cell_line,adult,encode,paired,False,0.6672884821891785,OutputType.CHIP_TF,,,PRDM10
1022,EFO:0002067 TF ChIP-seq RAD21,.,TF ChIP-seq,EFO:0002067,K562,cell_line,adult,encode,single,False,1.2329366207122803,OutputType.CHIP_TF,,,RAD21
1023,EFO:0002067 TF ChIP-seq RAD21 genetically modified (insertion) using CRISPR targeting H. sapiens RAD21,.,TF ChIP-seq,EFO:0002067,K562,cell_line,adult,encode,paired,True,0.6996537446975708,OutputType.CHIP_TF,,,RAD21
1024,EFO:0002067 TF ChIP-seq RAD51,.,TF ChIP-seq,EFO:0002067,K562,cell_line,adult,encode,paired,False,0.7685008645057678,OutputType.CHIP_TF,,,RAD51
1025,EFO:0002067 TF ChIP-seq RB1,.,TF ChIP-seq,EFO:0002067,K562,cell_line,adult,encode,paired,False,0.8225354552268982,OutputType.CHIP_TF,,,RB1
1026,EFO:0002067 TF ChIP-seq RBFOX2,.,TF ChIP-seq,EFO:0002067,K562,cell_line,adult,encode,single,False,1.26873779296875,OutputType.CHIP_TF,,,RBFOX2
1027,EFO:0002067 TF ChIP-seq RBM17,.,TF ChIP-seq,EFO:0002067,K562,cell_line,adult,encode,single,False,1.2743581533432007,OutputType.CHIP_TF,,,RBM17
1028,EFO:0002067 TF ChIP-seq RCOR1,.,TF ChIP-seq,EFO:0002067,K562,cell_line,adult,encode,single,False,0.7984618544578552,OutputType.CHIP_TF,,,RCOR1
1029,EFO:0002067 TF ChIP-seq REST,.,TF ChIP-seq,EFO:0002067,K562,cell_line,adult,encode,paired,False,0.7299304604530334,OutputType.CHIP_TF,,,REST
1030,EFO:0002067 TF ChIP-seq REST genetically modified (insertion) using CRISPR targeting H. sapiens REST,.,TF ChIP-seq,EFO:0002067,K562,cell_line,adult,encode,paired,True,0.780738115310669,OutputType.CHIP_TF,,,REST
1031,EFO:0002067 TF ChIP-seq RFX1,.,TF ChIP-seq,EFO:0002067,K562,cell_line,adult,encode,paired,False,0.6859816312789917,OutputType.CHIP_TF,,,RFX1
1032,EFO:0002067 TF ChIP-seq RNF2,.,TF ChIP-seq,EFO:0002067,K562,cell_line,adult,encode,single,False,0.8719428777694702,OutputType.CHIP_TF,,,RNF2
1033,EFO:0002067 TF ChIP-seq SAFB,.,TF ChIP-seq,EFO:0002067,K562,cell_line,adult,encode,single,False,1.0520373582839966,OutputType.CHIP_TF,,,SAFB
1034,EFO:0002067 TF ChIP-seq SAFB2,.,TF ChIP-seq,EFO:0002067,K562,cell_line,adult,encode,single,False,1.139084815979004,OutputType.CHIP_TF,,,SAFB2
1035,EFO:0002067 TF ChIP-seq SIN3A,.,TF ChIP-seq,EFO:0002067,K562,cell_line,adult,encode,single,False,1.0979924201965332,OutputType.CHIP_TF,,,SIN3A
1036,EFO:0002067 TF ChIP-seq SIN3B,.,TF ChIP-seq,EFO:0002067,K562,cell_line,adult,encode,paired,False,0.8410826921463013,OutputType.CHIP_TF,,,SIN3B
1037,EFO:0002067 TF ChIP-seq SIX5,.,TF ChIP-seq,EFO:0002067,K562,cell_line,adult,encode,single,False,1.1674801111221313,OutputType.CHIP_TF,,,SIX5
1038,EFO:0002067 TF ChIP-seq SKIL,.,TF ChIP-seq,EFO:0002067,K562,cell_line,adult,encode,paired,False,0.7350330948829651,OutputType.CHIP_TF,,,SKIL
1039,EFO:0002067 TF ChIP-seq SMAD1,.,TF ChIP-seq,EFO:0002067,K562,cell_line,adult,encode,single,False,0.9776855707168579,OutputType.CHIP_TF,,,SMAD1
1040,EFO:0002067 TF ChIP-seq SMAD2,.,TF ChIP-seq,EFO:0002067,K562,cell_line,adult,encode,single,False,0.9434632062911987,OutputType.CHIP_TF,,,SMAD2
1041,EFO:0002067 TF ChIP-seq SMAD4 genetically modified (insertion) using CRISPR targeting H. sapiens SMAD4,.,TF ChIP-seq,EFO:0002067,K562,cell_line,adult,encode,paired,True,0.720896303653717,OutputType.CHIP_TF,,,SMAD4
1042,EFO:0002067 TF ChIP-seq SMAD5,.,TF ChIP-seq,EFO:0002067,K562,cell_line,adult,encode,single,False,0.9608269333839417,OutputType.CHIP_TF,,,SMAD5
1043,EFO:0002067 TF ChIP-seq SMARCA4,.,TF ChIP-seq,EFO:0002067,K562,cell_line,adult,encode,paired,False,0.7394760251045227,OutputType.CHIP_TF,,,SMARCA4
1044,EFO:0002067 TF ChIP-seq SMARCA5,.,TF ChIP-seq,EFO:0002067,K562,cell_line,adult,encode,paired,False,0.7277631163597107,OutputType.CHIP_TF,,,SMARCA5
1045,EFO:0002067 TF ChIP-seq SMARCC2,.,TF ChIP-seq,EFO:0002067,K562,cell_line,adult,encode,paired,False,0.7676258087158203,OutputType.CHIP_TF,,,SMARCC2
1046,EFO:0002067 TF ChIP-seq SMARCE1,.,TF ChIP-seq,EFO:0002067,K562,cell_line,adult,encode,paired,False,0.7398307919502258,OutputType.CHIP_TF,,,SMARCE1
1047,EFO:0002067 TF ChIP-seq SMC3,.,TF ChIP-seq,EFO:0002067,K562,cell_line,adult,encode,single,False,1.3644468784332275,OutputType.CHIP_TF,,,SMC3
1048,EFO:0002067 TF ChIP-seq SOX6,.,TF ChIP-seq,EFO:0002067,K562,cell_line,adult,encode,paired,False,0.7324685454368591,OutputType.CHIP_TF,,,SOX6
1049,EFO:0002067 TF ChIP-seq SP1,.,TF ChIP-seq,EFO:0002067,K562,cell_line,adult,encode,paired,False,0.7654118537902832,OutputType.CHIP_TF,,,SP1
1050,EFO:0002067 TF ChIP-seq SP1 genetically modified (insertion) using CRISPR targeting H. sapiens SP1,.,TF ChIP-seq,EFO:0002067,K562,cell_line,adult,encode,single,True,0.742745578289032,OutputType.CHIP_TF,,,SP1
1051,EFO:0002067 TF ChIP-seq SPI1,.,TF ChIP-seq,EFO:0002067,K562,cell_line,adult,encode,single,False,1.3911668062210083,OutputType.CHIP_TF,,,SPI1
1052,EFO:0002067 TF ChIP-seq SRF genetically modified (insertion) using CRISPR targeting H. sapiens SRF,.,TF ChIP-seq,EFO:0002067,K562,cell_line,adult,encode,single,True,0.7424814105033875,OutputType.CHIP_TF,,,SRF
1053,EFO:0002067 TF ChIP-seq SRSF9,.,TF ChIP-seq,EFO:0002067,K562,cell_line,adult,encode,single,False,1.172098994255066,OutputType.CHIP_TF,,,SRSF9
1054,EFO:0002067 TF ChIP-seq STAG1 genetically modified (insertion) using CRISPR targeting H. sapiens STAG1,.,TF ChIP-seq,EFO:0002067,K562,cell_line,adult,encode,single,True,0.9183357954025269,OutputType.CHIP_TF,,,STAG1
1055,EFO:0002067 TF ChIP-seq STAT5A,.,TF ChIP-seq,EFO:0002067,K562,cell_line,adult,encode,single,False,0.8073445558547974,OutputType.CHIP_TF,,,STAT5A
1056,EFO:0002067 TF ChIP-seq SUPT5H,.,TF ChIP-seq,EFO:0002067,K562,cell_line,adult,encode,paired,False,0.7458620667457581,OutputType.CHIP_TF,,,SUPT5H
1057,EFO:0002067 TF ChIP-seq TAF7,.,TF ChIP-seq,EFO:0002067,K562,cell_line,adult,encode,single,False,1.1500465869903564,OutputType.CHIP_TF,,,TAF7
1058,EFO:0002067 TF ChIP-seq TAF7 stably expressing C-terminal eGFP-tagged TAF7,.,TF ChIP-seq,EFO:0002067,K562,cell_line,adult,encode,paired,True,0.7590504884719849,OutputType.CHIP_TF,,,TAF7
1059,EFO:0002067 TF ChIP-seq TAF9B,.,TF ChIP-seq,EFO:0002067,K562,cell_line,adult,encode,paired,False,0.7239880561828613,OutputType.CHIP_TF,,,TAF9B
1060,EFO:0002067 TF ChIP-seq TAL1,.,TF ChIP-seq,EFO:0002067,K562,cell_line,adult,encode,paired,False,0.7490862011909485,OutputType.CHIP_TF,,,TAL1
1061,EFO:0002067 TF ChIP-seq TARDBP,.,TF ChIP-seq,EFO:0002067,K562,cell_line,adult,encode,single,False,0.875562846660614,OutputType.CHIP_TF,,,TARDBP
1062,EFO:0002067 TF ChIP-seq TBL1XR1,.,TF ChIP-seq,EFO:0002067,K562,cell_line,adult,encode,single,False,0.8442903161048889,OutputType.CHIP_TF,,,TBL1XR1
1063,EFO:0002067 TF ChIP-seq TCF12,.,TF ChIP-seq,EFO:0002067,K562,cell_line,adult,encode,paired,False,0.7103191018104553,OutputType.CHIP_TF,,,TCF12
1064,EFO:0002067 TF ChIP-seq TCF3 genetically modified (insertion) using CRISPR targeting H. sapiens TCF3,.,TF ChIP-seq,EFO:0002067,K562,cell_line,adult,encode,single,True,0.7727130651473999,OutputType.CHIP_TF,,,TCF3
1065,EFO:0002067 TF ChIP-seq TEAD1 genetically modified (insertion) using CRISPR targeting H. sapiens TEAD1,.,TF ChIP-seq,EFO:0002067,K562,cell_line,adult,encode,paired,True,0.760358452796936,OutputType.CHIP_TF,,,TEAD1
1066,EFO:0002067 TF ChIP-seq TEAD4,.,TF ChIP-seq,EFO:0002067,K562,cell_line,adult,encode,single,False,0.7910444736480713,OutputType.CHIP_TF,,,TEAD4
1067,EFO:0002067 TF ChIP-seq TFAP4 genetically modified (insertion) using CRISPR targeting H. sapiens TFAP4,.,TF ChIP-seq,EFO:0002067,K562,cell_line,adult,encode,single,True,0.800918459892273,OutputType.CHIP_TF,,,TFAP4
1068,EFO:0002067 TF ChIP-seq TFCP2 genetically modified (insertion) using CRISPR targeting H. sapiens TFCP2,.,TF ChIP-seq,EFO:0002067,K562,cell_line,adult,encode,paired,True,0.7610214948654175,OutputType.CHIP_TF,,,TFCP2
1069,EFO:0002067 TF ChIP-seq TFDP1 genetically modified (insertion) using CRISPR targeting H. sapiens TFDP1,.,TF ChIP-seq,EFO:0002067,K562,cell_line,adult,encode,single,True,0.7725210785865784,OutputType.CHIP_TF,,,TFDP1
1070,EFO:0002067 TF ChIP-seq TFDP1 stably expressing C-terminal eGFP-tagged TFDP1,.,TF ChIP-seq,EFO:0002067,K562,cell_line,adult,encode,single,True,0.686795175075531,OutputType.CHIP_TF,,,TFDP1
1071,EFO:0002067 TF ChIP-seq TFE3 genetically modified (insertion) using CRISPR targeting H. sapiens TFE3,.,TF ChIP-seq,EFO:0002067,K562,cell_line,adult,encode,paired,True,0.7611032724380493,OutputType.CHIP_TF,,,TFE3
1072,EFO:0002067 TF ChIP-seq THAP1,.,TF ChIP-seq,EFO:0002067,K562,cell_line,adult,encode,single,False,1.4245359897613525,OutputType.CHIP_TF,,,THAP1
1073,EFO:0002067 TF ChIP-seq THAP12 genetically modified (insertion) using CRISPR targeting H. sapiens THAP12,.,TF ChIP-seq,EFO:0002067,K562,cell_line,adult,encode,paired,True,0.7734336256980896,OutputType.CHIP_TF,,,THAP12
1074,EFO:0002067 TF ChIP-seq TOE1,.,TF ChIP-seq,EFO:0002067,K562,cell_line,adult,encode,paired,False,0.7115976810455322,OutputType.CHIP_TF,,,TOE1
1075,EFO:0002067 TF ChIP-seq TRIM24,.,TF ChIP-seq,EFO:0002067,K562,cell_line,adult,encode,paired,False,0.7081927061080933,OutputType.CHIP_TF,,,TRIM24
1076,EFO:0002067 TF ChIP-seq TRIM28,.,TF ChIP-seq,EFO:0002067,K562,cell_line,adult,encode,paired,False,0.7611648440361023,OutputType.CHIP_TF,,,TRIM28
1077,EFO:0002067 TF ChIP-seq U2AF2,.,TF ChIP-seq,EFO:0002067,K562,cell_line,adult,encode,single,False,1.2891260385513306,OutputType.CHIP_TF,,,U2AF2
1078,EFO:0002067 TF ChIP-seq UBTF,.,TF ChIP-seq,EFO:0002067,K562,cell_line,adult,encode,single,False,0.8744702935218811,OutputType.CHIP_TF,,,UBTF
1079,EFO:0002067 TF ChIP-seq USF1 genetically modified (insertion) using CRISPR targeting H. sapiens USF1,.,TF ChIP-seq,EFO:0002067,K562,cell_line,adult,encode,single,True,0.8369629979133606,OutputType.CHIP_TF,,,USF1
1080,EFO:0002067 TF ChIP-seq USF2 genetically modified (insertion) using CRISPR targeting H. sapiens USF2,.,TF ChIP-seq,EFO:0002067,K562,cell_line,adult,encode,single,True,0.681108295917511,OutputType.CHIP_TF,,,USF2
1081,EFO:0002067 TF ChIP-seq VEZF1 genetically modified (insertion) using CRISPR targeting H. sapiens VEZF1,.,TF ChIP-seq,EFO:0002067,K562,cell_line,adult,encode,single,True,0.6542762517929077,OutputType.CHIP_TF,,,VEZF1
1082,EFO:0002067 TF ChIP-seq XRCC4,.,TF ChIP-seq,EFO:0002067,K562,cell_line,adult,encode,single,False,2.3625569343566895,OutputType.CHIP_TF,,,XRCC4
1083,EFO:0002067 TF ChIP-seq XRCC5,.,TF ChIP-seq,EFO:0002067,K562,cell_line,adult,encode,single,False,1.0818839073181152,OutputType.CHIP_TF,,,XRCC5
1084,EFO:0002067 TF ChIP-seq YY1,.,TF ChIP-seq,EFO:0002067,K562,cell_line,adult,encode,single,False,2.0809175968170166,OutputType.CHIP_TF,,,YY1
1085,EFO:0002067 TF ChIP-seq ZBTB1 genetically modified (insertion) using CRISPR targeting H. sapiens ZBTB1,.,TF ChIP-seq,EFO:0002067,K562,cell_line,adult,encode,single,True,0.8036295771598816,OutputType.CHIP_TF,,,ZBTB1
1086,EFO:0002067 TF ChIP-seq ZBTB11,.,TF ChIP-seq,EFO:0002067,K562,cell_line,adult,encode,single,False,0.9554795026779175,OutputType.CHIP_TF,,,ZBTB11
1087,EFO:0002067 TF ChIP-seq ZBTB11 genetically modified (insertion) using CRISPR targeting H. sapiens ZBTB11,.,TF ChIP-seq,EFO:0002067,K562,cell_line,adult,encode,paired,True,0.7504832744598389,OutputType.CHIP_TF,,,ZBTB11
1088,EFO:0002067 TF ChIP-seq ZBTB12 genetically modified (insertion) using CRISPR targeting H. sapiens ZBTB12,.,TF ChIP-seq,EFO:0002067,K562,cell_line,adult,encode,paired,True,0.7808088064193726,OutputType.CHIP_TF,,,ZBTB12
1089,EFO:0002067 TF ChIP-seq ZBTB17 genetically modified (insertion) using CRISPR targeting H. sapiens ZBTB17,.,TF ChIP-seq,EFO:0002067,K562,cell_line,adult,encode,paired,True,0.7335343956947327,OutputType.CHIP_TF,,,ZBTB17
1090,EFO:0002067 TF ChIP-seq ZBTB2,.,TF ChIP-seq,EFO:0002067,K562,cell_line,adult,encode,paired,False,0.7584373354911804,OutputType.CHIP_TF,,,ZBTB2
1091,EFO:0002067 TF ChIP-seq ZBTB33,.,TF ChIP-seq,EFO:0002067,K562,cell_line,adult,encode,paired,False,0.7912142872810364,OutputType.CHIP_TF,,,ZBTB33
1092,EFO:0002067 TF ChIP-seq ZBTB33 genetically modified (insertion) using CRISPR targeting H. sapiens ZBTB33,.,TF ChIP-seq,EFO:0002067,K562,cell_line,adult,encode,single,True,0.7409558892250061,OutputType.CHIP_TF,,,ZBTB33
1093,EFO:0002067 TF ChIP-seq ZBTB40,.,TF ChIP-seq,EFO:0002067,K562,cell_line,adult,encode,paired,False,0.6905468106269836,OutputType.CHIP_TF,,,ZBTB40
1094,EFO:0002067 TF ChIP-seq ZBTB40 genetically modified (insertion) using CRISPR targeting H. sapiens ZBTB40,.,TF ChIP-seq,EFO:0002067,K562,cell_line,adult,encode,single,True,0.6986982226371765,OutputType.CHIP_TF,,,ZBTB40
1095,EFO:0002067 TF ChIP-seq ZBTB7A,.,TF ChIP-seq,EFO:0002067,K562,cell_line,adult,encode,single,False,1.208380937576294,OutputType.CHIP_TF,,,ZBTB7A
1096,EFO:0002067 TF ChIP-seq ZBTB9 genetically modified (insertion) using CRISPR targeting H. sapiens ZBTB9,.,TF ChIP-seq,EFO:0002067,K562,cell_line,adult,encode,paired,True,0.7413772344589233,OutputType.CHIP_TF,,,ZBTB9
1097,EFO:0002067 TF ChIP-seq ZC3H8,.,TF ChIP-seq,EFO:0002067,K562,cell_line,adult,encode,paired,False,0.7503007650375366,OutputType.CHIP_TF,,,ZC3H8
1098,EFO:0002067 TF ChIP-seq ZEB2,.,TF ChIP-seq,EFO:0002067,K562,cell_line,adult,encode,paired,False,0.7449125051498413,OutputType.CHIP_TF,,,ZEB2
1099,EFO:0002067 TF ChIP-seq ZFP36,.,TF ChIP-seq,EFO:0002067,K562,cell_line,adult,encode,single,False,1.143924593925476,OutputType.CHIP_TF,,,ZFP36
1100,EFO:0002067 TF ChIP-seq ZFP91,.,TF ChIP-seq,EFO:0002067,K562,cell_line,adult,encode,paired,False,0.7139805555343628,OutputType.CHIP_TF,,,ZFP91
1101,EFO:0002067 TF ChIP-seq ZFX genetically modified (insertion) using CRISPR targeting H. sapiens ZFX,.,TF ChIP-seq,EFO:0002067,K562,cell_line,adult,encode,single,True,0.6198107600212097,OutputType.CHIP_TF,,,ZFX
1102,EFO:0002067 TF ChIP-seq ZKSCAN1,.,TF ChIP-seq,EFO:0002067,K562,cell_line,adult,encode,single,False,1.0362964868545532,OutputType.CHIP_TF,,,ZKSCAN1
1103,EFO:0002067 TF ChIP-seq ZKSCAN8 genetically modified (insertion) using CRISPR targeting H. sapiens ZKSCAN8,.,TF ChIP-seq,EFO:0002067,K562,cell_line,adult,encode,single,True,0.7075083255767822,OutputType.CHIP_TF,,,ZKSCAN8
1104,EFO:0002067 TF ChIP-seq ZMIZ1,.,TF ChIP-seq,EFO:0002067,K562,cell_line,adult,encode,single,False,0.9531635642051697,OutputType.CHIP_TF,,,ZMIZ1
1105,EFO:0002067 TF ChIP-seq ZMYM3,.,TF ChIP-seq,EFO:0002067,K562,cell_line,adult,encode,single,False,0.8098875880241394,OutputType.CHIP_TF,,,ZMYM3
1106,EFO:0002067 TF ChIP-seq ZNF12 genetically modified (insertion) using CRISPR targeting H. sapiens ZNF12,.,TF ChIP-seq,EFO:0002067,K562,cell_line,adult,encode,single,True,0.8228415846824646,OutputType.CHIP_TF,,,ZNF12
1107,EFO:0002067 TF ChIP-seq ZNF121 genetically modified (insertion) using CRISPR targeting H. sapiens ZNF121,.,TF ChIP-seq,EFO:0002067,K562,cell_line,adult,encode,single,True,0.7805959582328796,OutputType.CHIP_TF,,,ZNF121
1108,EFO:0002067 TF ChIP-seq ZNF134 genetically modified (insertion) using CRISPR targeting H. sapiens ZNF134,.,TF ChIP-seq,EFO:0002067,K562,cell_line,adult,encode,paired,True,0.7654262781143188,OutputType.CHIP_TF,,,ZNF134
1109,EFO:0002067 TF ChIP-seq ZNF143 genetically modified (insertion) using CRISPR targeting H. sapiens ZNF143,.,TF ChIP-seq,EFO:0002067,K562,cell_line,adult,encode,single,True,0.7785401344299316,OutputType.CHIP_TF,,,ZNF143
1110,EFO:0002067 TF ChIP-seq ZNF146 genetically modified (insertion) using CRISPR targeting H. sapiens ZNF146,.,TF ChIP-seq,EFO:0002067,K562,cell_line,adult,encode,single,True,1.1091911792755127,OutputType.CHIP_TF,,,ZNF146
1111,EFO:0002067 TF ChIP-seq ZNF148 stably expressing C-terminal eGFP-tagged ZNF148,.,TF ChIP-seq,EFO:0002067,K562,cell_line,adult,encode,single,True,0.727380096912384,OutputType.CHIP_TF,,,ZNF148
1112,EFO:0002067 TF ChIP-seq ZNF175 genetically modified (insertion) using CRISPR targeting H. sapiens ZNF175,.,TF ChIP-seq,EFO:0002067,K562,cell_line,adult,encode,single,True,0.7586915493011475,OutputType.CHIP_TF,,,ZNF175
1113,EFO:0002067 TF ChIP-seq ZNF184,.,TF ChIP-seq,EFO:0002067,K562,cell_line,adult,encode,paired,False,0.7603538632392883,OutputType.CHIP_TF,,,ZNF184
1114,EFO:0002067 TF ChIP-seq ZNF197 genetically modified (insertion) using CRISPR targeting H. sapiens ZNF197,.,TF ChIP-seq,EFO:0002067,K562,cell_line,adult,encode,single,True,0.8466202616691589,OutputType.CHIP_TF,,,ZNF197
1115,EFO:0002067 TF ChIP-seq ZNF239 genetically modified (insertion) using CRISPR targeting H. sapiens ZNF239,.,TF ChIP-seq,EFO:0002067,K562,cell_line,adult,encode,paired,True,0.7505562901496887,OutputType.CHIP_TF,,,ZNF239
1116,EFO:0002067 TF ChIP-seq ZNF24,.,TF ChIP-seq,EFO:0002067,K562,cell_line,adult,encode,paired,False,0.7610437273979187,OutputType.CHIP_TF,,,ZNF24
1117,EFO:0002067 TF ChIP-seq ZNF24 stably expressing C-terminal eGFP-tagged ZNF24,.,TF ChIP-seq,EFO:0002067,K562,cell_line,adult,encode,paired,True,0.7622102499008179,OutputType.CHIP_TF,,,ZNF24
1118,EFO:0002067 TF ChIP-seq ZNF263 genetically modified (insertion) using CRISPR targeting H. sapiens ZNF263,.,TF ChIP-seq,EFO:0002067,K562,cell_line,adult,encode,single,True,0.8663104176521301,OutputType.CHIP_TF,,,ZNF263
1119,EFO:0002067 TF ChIP-seq ZNF274,.,TF ChIP-seq,EFO:0002067,K562,cell_line,adult,encode,single,False,0.8948808908462524,OutputType.CHIP_TF,,,ZNF274
1120,EFO:0002067 TF ChIP-seq ZNF281 genetically modified (insertion) using CRISPR targeting H. sapiens ZNF281,.,TF ChIP-seq,EFO:0002067,K562,cell_line,adult,encode,paired,True,0.7336156368255615,OutputType.CHIP_TF,,,ZNF281
1121,EFO:0002067 TF ChIP-seq ZNF282,.,TF ChIP-seq,EFO:0002067,K562,cell_line,adult,encode,paired,False,0.7545889616012573,OutputType.CHIP_TF,,,ZNF282
1122,EFO:0002067 TF ChIP-seq ZNF316,.,TF ChIP-seq,EFO:0002067,K562,cell_line,adult,encode,paired,False,0.7226758599281311,OutputType.CHIP_TF,,,ZNF316
1123,EFO:0002067 TF ChIP-seq ZNF317 genetically modified (insertion) using CRISPR targeting H. sapiens ZNF317,.,TF ChIP-seq,EFO:0002067,K562,cell_line,adult,encode,single,True,0.7820757031440735,OutputType.CHIP_TF,,,ZNF317
1124,EFO:0002067 TF ChIP-seq ZNF318,.,TF ChIP-seq,EFO:0002067,K562,cell_line,adult,encode,paired,False,0.816116452217102,OutputType.CHIP_TF,,,ZNF318
1125,EFO:0002067 TF ChIP-seq ZNF319 genetically modified (insertion) using CRISPR targeting H. sapiens ZNF319,.,TF ChIP-seq,EFO:0002067,K562,cell_line,adult,encode,paired,True,0.7530524730682373,OutputType.CHIP_TF,,,ZNF319
1126,EFO:0002067 TF ChIP-seq ZNF384,.,TF ChIP-seq,EFO:0002067,K562,cell_line,adult,encode,single,False,1.01952064037323,OutputType.CHIP_TF,,,ZNF384
1127,EFO:0002067 TF ChIP-seq ZNF395 genetically modified (insertion) using CRISPR targeting H. sapiens ZNF395,.,TF ChIP-seq,EFO:0002067,K562,cell_line,adult,encode,single,True,0.6599109172821045,OutputType.CHIP_TF,,,ZNF395
1128,EFO:0002067 TF ChIP-seq ZNF407,.,TF ChIP-seq,EFO:0002067,K562,cell_line,adult,encode,paired,False,0.7549965381622314,OutputType.CHIP_TF,,,ZNF407
1129,EFO:0002067 TF ChIP-seq ZNF431 genetically modified (insertion) using CRISPR targeting H. sapiens ZNF431,.,TF ChIP-seq,EFO:0002067,K562,cell_line,adult,encode,single,True,0.8988416790962219,OutputType.CHIP_TF,,,ZNF431
1130,EFO:0002067 TF ChIP-seq ZNF507 genetically modified (insertion) using CRISPR targeting H. sapiens ZNF507,.,TF ChIP-seq,EFO:0002067,K562,cell_line,adult,encode,paired,True,0.8188410401344299,OutputType.CHIP_TF,,,ZNF507
1131,EFO:0002067 TF ChIP-seq ZNF507 stably expressing C-terminal eGFP-tagged ZNF507,.,TF ChIP-seq,EFO:0002067,K562,cell_line,adult,encode,paired,True,0.7451781034469604,OutputType.CHIP_TF,,,ZNF507
1132,EFO:0002067 TF ChIP-seq ZNF511 genetically modified (insertion) using CRISPR targeting H. sapiens ZNF511,.,TF ChIP-seq,EFO:0002067,K562,cell_line,adult,encode,single,True,0.9621068239212036,OutputType.CHIP_TF,,,ZNF511
1133,EFO:0002067 TF ChIP-seq ZNF512 stably expressing C-terminal eGFP-tagged ZNF512,.,TF ChIP-seq,EFO:0002067,K562,cell_line,adult,encode,paired,True,0.7735694050788879,OutputType.CHIP_TF,,,ZNF512
1134,EFO:0002067 TF ChIP-seq ZNF584 genetically modified (insertion) using CRISPR targeting H. sapiens ZNF584,.,TF ChIP-seq,EFO:0002067,K562,cell_line,adult,encode,single,True,0.7588493227958679,OutputType.CHIP_TF,,,ZNF584
1135,EFO:0002067 TF ChIP-seq ZNF589 genetically modified (insertion) using CRISPR targeting H. sapiens ZNF589,.,TF ChIP-seq,EFO:0002067,K562,cell_line,adult,encode,single,True,0.7043750882148743,OutputType.CHIP_TF,,,ZNF589
1136,EFO:0002067 TF ChIP-seq ZNF592,.,TF ChIP-seq,EFO:0002067,K562,cell_line,adult,encode,paired,False,0.6934133768081665,OutputType.CHIP_TF,,,ZNF592
1137,EFO:0002067 TF ChIP-seq ZNF639,.,TF ChIP-seq,EFO:0002067,K562,cell_line,adult,encode,paired,False,0.7604506611824036,OutputType.CHIP_TF,,,ZNF639
1138,EFO:0002067 TF ChIP-seq ZNF639 genetically modified (insertion) using CRISPR targeting H. sapiens ZNF639,.,TF ChIP-seq,EFO:0002067,K562,cell_line,adult,encode,single,True,0.7275359034538269,OutputType.CHIP_TF,,,ZNF639
1139,EFO:0002067 TF ChIP-seq ZNF644 stably expressing C-terminal eGFP-tagged ZNF644,.,TF ChIP-seq,EFO:0002067,K562,cell_line,adult,encode,single,True,0.7421042323112488,OutputType.CHIP_TF,,,ZNF644
1140,EFO:0002067 TF ChIP-seq ZNF7 genetically modified (insertion) using CRISPR targeting H. sapiens ZNF7,.,TF ChIP-seq,EFO:0002067,K562,cell_line,adult,encode,single,True,0.9929322600364685,OutputType.CHIP_TF,,,ZNF7
1141,EFO:0002067 TF ChIP-seq ZNF740 genetically modified (insertion) using CRISPR targeting H. sapiens ZNF740,.,TF ChIP-seq,EFO:0002067,K562,cell_line,adult,encode,single,True,0.8395931124687195,OutputType.CHIP_TF,,,ZNF740
1142,EFO:0002067 TF ChIP-seq ZNF740 stably expressing C-terminal eGFP-tagged ZNF740,.,TF ChIP-seq,EFO:0002067,K562,cell_line,adult,encode,single,True,0.7609802484512329,OutputType.CHIP_TF,,,ZNF740
1143,EFO:0002067 TF ChIP-seq ZNF766 genetically modified (insertion) using CRISPR targeting H. sapiens ZNF766,.,TF ChIP-seq,EFO:0002067,K562,cell_line,adult,encode,single,True,0.6957311034202576,OutputType.CHIP_TF,,,ZNF766
1144,EFO:0002067 TF ChIP-seq ZNF778 genetically modified (insertion) using CRISPR targeting H. sapiens ZNF778,.,TF ChIP-seq,EFO:0002067,K562,cell_line,adult,encode,paired,True,0.7747440338134766,OutputType.CHIP_TF,,,ZNF778
1145,EFO:0002067 TF ChIP-seq ZNF83 stably expressing C-terminal eGFP-tagged ZNF83,.,TF ChIP-seq,EFO:0002067,K562,cell_line,adult,encode,single,True,0.7454000115394592,OutputType.CHIP_TF,,,ZNF83
1146,EFO:0002067 TF ChIP-seq ZSCAN29,.,TF ChIP-seq,EFO:0002067,K562,cell_line,adult,encode,paired,False,0.7692245244979858,OutputType.CHIP_TF,,,ZSCAN29
1147,EFO:0002071 TF ChIP-seq CTCF,.,TF ChIP-seq,EFO:0002071,LNCAP,cell_line,adult,encode,paired,False,0.8256818056106567,OutputType.CHIP_TF,,,CTCF
1148,EFO:0002074 TF ChIP-seq CTCF,.,TF ChIP-seq,EFO:0002074,PC-3,cell_line,adult,encode,single,False,0.7678418755531311,OutputType.CHIP_TF,,,CTCF
1149,EFO:0002095 TF ChIP-seq CTCF,.,TF ChIP-seq,EFO:0002095,22Rv1,cell_line,unknown,encode,paired,False,0.8047417998313904,OutputType.CHIP_TF,,,CTCF
1150,EFO:0002106 TF ChIP-seq CTCF,.,TF ChIP-seq,EFO:0002106,A673,cell_line,child,encode,single,False,0.9041909575462341,OutputType.CHIP_TF,,,CTCF
1151,EFO:0002167 TF ChIP-seq CTCF,.,TF ChIP-seq,EFO:0002167,DOHH2,cell_line,adult,encode,single,False,0.9119095802307129,OutputType.CHIP_TF,,,CTCF
1152,EFO:0002323 TF ChIP-seq CTCF,.,TF ChIP-seq,EFO:0002323,RWPE1,cell_line,adult,encode,paired,False,0.7968147397041321,OutputType.CHIP_TF,,,CTCF
1153,EFO:0002324 TF ChIP-seq POLR2A,.,TF ChIP-seq,EFO:0002324,Raji,cell_line,child,encode,single,False,1.6285711526870728,OutputType.CHIP_TF,,,POLR2A
1154,EFO:0002713 TF ChIP-seq CTCF,.,TF ChIP-seq,EFO:0002713,Panc1,cell_line,adult,encode,paired,False,0.6075640320777893,OutputType.CHIP_TF,,,CTCF
1155,EFO:0002713 TF ChIP-seq POLR2AphosphoS5,.,TF ChIP-seq,EFO:0002713,Panc1,cell_line,adult,encode,single,False,1.0583422183990479,OutputType.CHIP_TF,,,POLR2AphosphoS5
1156,EFO:0002713 TF ChIP-seq REST,.,TF ChIP-seq,EFO:0002713,Panc1,cell_line,adult,encode,single,False,0.9162997603416443,OutputType.CHIP_TF,,,REST
1157,EFO:0002713 TF ChIP-seq SIN3A,.,TF ChIP-seq,EFO:0002713,Panc1,cell_line,adult,encode,single,False,1.2874321937561035,OutputType.CHIP_TF,,,SIN3A
1158,EFO:0002713 TF ChIP-seq TCF7L2,.,TF ChIP-seq,EFO:0002713,Panc1,cell_line,adult,encode,single,False,0.9237092137336731,OutputType.CHIP_TF,,,TCF7L2
1159,EFO:0002717 TF ChIP-seq GATA2,.,TF ChIP-seq,EFO:0002717,SH-SY5Y,cell_line,child,encode,single,False,0.8370505571365356,OutputType.CHIP_TF,,,GATA2
1160,EFO:0002717 TF ChIP-seq GATA3,.,TF ChIP-seq,EFO:0002717,SH-SY5Y,cell_line,child,encode,single,False,0.8342966437339783,OutputType.CHIP_TF,,,GATA3
1161,EFO:0002779 TF ChIP-seq CTCF,.,TF ChIP-seq,EFO:0002779,BJ,cell_line,newborn,encode,single,False,1.5481891632080078,OutputType.CHIP_TF,,,CTCF
1162,EFO:0002782 TF ChIP-seq CTCF,.,TF ChIP-seq,EFO:0002782,H54,cell_line,adult,encode,single,False,0.8849052786827087,OutputType.CHIP_TF,,,CTCF
1163,EFO:0002782 TF ChIP-seq POLR2A,.,TF ChIP-seq,EFO:0002782,H54,cell_line,adult,encode,single,False,1.3881546258926392,OutputType.CHIP_TF,,,POLR2A
1164,EFO:0002783 TF ChIP-seq CTCF,.,TF ChIP-seq,EFO:0002783,GM06990,cell_line,unknown,encode,single,False,1.6623926162719727,OutputType.CHIP_TF,,,CTCF
1165,EFO:0002784 TF ChIP-seq ARID3A,.,TF ChIP-seq,EFO:0002784,GM12878,cell_line,adult,encode,paired,False,0.8466317653656006,OutputType.CHIP_TF,,,ARID3A
1166,EFO:0002784 TF ChIP-seq ARNT,.,TF ChIP-seq,EFO:0002784,GM12878,cell_line,adult,encode,paired,False,0.763182520866394,OutputType.CHIP_TF,,,ARNT
1167,EFO:0002784 TF ChIP-seq ATF2,.,TF ChIP-seq,EFO:0002784,GM12878,cell_line,adult,encode,single,False,0.8114324808120728,OutputType.CHIP_TF,,,ATF2
1168,EFO:0002784 TF ChIP-seq ATF7,.,TF ChIP-seq,EFO:0002784,GM12878,cell_line,adult,encode,paired,False,0.8121883869171143,OutputType.CHIP_TF,,,ATF7
1169,EFO:0002784 TF ChIP-seq BACH1,.,TF ChIP-seq,EFO:0002784,GM12878,cell_line,adult,encode,paired,False,0.8098840117454529,OutputType.CHIP_TF,,,BACH1
1170,EFO:0002784 TF ChIP-seq BATF,.,TF ChIP-seq,EFO:0002784,GM12878,cell_line,adult,encode,single,False,1.2688853740692139,OutputType.CHIP_TF,,,BATF
1171,EFO:0002784 TF ChIP-seq BCL11A,.,TF ChIP-seq,EFO:0002784,GM12878,cell_line,adult,encode,single,False,1.2637768983840942,OutputType.CHIP_TF,,,BCL11A
1172,EFO:0002784 TF ChIP-seq BCLAF1,.,TF ChIP-seq,EFO:0002784,GM12878,cell_line,adult,encode,single,False,0.8979194164276123,OutputType.CHIP_TF,,,BCLAF1
1173,EFO:0002784 TF ChIP-seq BHLHE40,.,TF ChIP-seq,EFO:0002784,GM12878,cell_line,adult,encode,paired,False,0.8036395907402039,OutputType.CHIP_TF,,,BHLHE40
1174,EFO:0002784 TF ChIP-seq BMI1,.,TF ChIP-seq,EFO:0002784,GM12878,cell_line,adult,encode,paired,False,0.7649086713790894,OutputType.CHIP_TF,,,BMI1
1175,EFO:0002784 TF ChIP-seq CBFB,.,TF ChIP-seq,EFO:0002784,GM12878,cell_line,adult,encode,single,False,0.9959642887115479,OutputType.CHIP_TF,,,CBFB
1176,EFO:0002784 TF ChIP-seq CBX5,.,TF ChIP-seq,EFO:0002784,GM12878,cell_line,adult,encode,single,False,1.2796146869659424,OutputType.CHIP_TF,,,CBX5
1177,EFO:0002784 TF ChIP-seq CHD2,.,TF ChIP-seq,EFO:0002784,GM12878,cell_line,adult,encode,single,False,1.0071414709091187,OutputType.CHIP_TF,,,CHD2
1178,EFO:0002784 TF ChIP-seq CREB1,.,TF ChIP-seq,EFO:0002784,GM12878,cell_line,adult,encode,single,False,1.0426172018051147,OutputType.CHIP_TF,,,CREB1
1179,EFO:0002784 TF ChIP-seq CREM,.,TF ChIP-seq,EFO:0002784,GM12878,cell_line,adult,encode,single,False,0.9329168796539307,OutputType.CHIP_TF,,,CREM
1180,EFO:0002784 TF ChIP-seq CTCF,.,TF ChIP-seq,EFO:0002784,GM12878,cell_line,adult,encode,single,False,0.6975416541099548,OutputType.CHIP_TF,,,CTCF
1181,EFO:0002784 TF ChIP-seq DPF2,.,TF ChIP-seq,EFO:0002784,GM12878,cell_line,adult,encode,paired,False,0.765080451965332,OutputType.CHIP_TF,,,DPF2
1182,EFO:0002784 TF ChIP-seq E4F1,.,TF ChIP-seq,EFO:0002784,GM12878,cell_line,adult,encode,paired,False,0.8697091937065125,OutputType.CHIP_TF,,,E4F1
1183,EFO:0002784 TF ChIP-seq EBF1,.,TF ChIP-seq,EFO:0002784,GM12878,cell_line,adult,encode,single,False,1.1038413047790527,OutputType.CHIP_TF,,,EBF1
1184,EFO:0002784 TF ChIP-seq EED,.,TF ChIP-seq,EFO:0002784,GM12878,cell_line,adult,encode,single,False,0.9315423965454102,OutputType.CHIP_TF,,,EED
1185,EFO:0002784 TF ChIP-seq EGR1,.,TF ChIP-seq,EFO:0002784,GM12878,cell_line,adult,encode,single,False,1.2793463468551636,OutputType.CHIP_TF,,,EGR1
1186,EFO:0002784 TF ChIP-seq ELF1,.,TF ChIP-seq,EFO:0002784,GM12878,cell_line,adult,encode,paired,False,0.7402936816215515,OutputType.CHIP_TF,,,ELF1
1187,EFO:0002784 TF ChIP-seq ELK1,.,TF ChIP-seq,EFO:0002784,GM12878,cell_line,adult,encode,single,False,0.9147463440895081,OutputType.CHIP_TF,,,ELK1
1188,EFO:0002784 TF ChIP-seq EP300,.,TF ChIP-seq,EFO:0002784,GM12878,cell_line,adult,encode,single,False,0.8372145295143127,OutputType.CHIP_TF,,,EP300
1189,EFO:0002784 TF ChIP-seq ETS1,.,TF ChIP-seq,EFO:0002784,GM12878,cell_line,adult,encode,single,False,1.1213937997817993,OutputType.CHIP_TF,,,ETS1
1190,EFO:0002784 TF ChIP-seq ETV6,.,TF ChIP-seq,EFO:0002784,GM12878,cell_line,adult,encode,single,False,0.8782020211219788,OutputType.CHIP_TF,,,ETV6
1191,EFO:0002784 TF ChIP-seq FOXK2,.,TF ChIP-seq,EFO:0002784,GM12878,cell_line,adult,encode,paired,False,0.7933183908462524,OutputType.CHIP_TF,,,FOXK2
1192,EFO:0002784 TF ChIP-seq FOXM1,.,TF ChIP-seq,EFO:0002784,GM12878,cell_line,adult,encode,single,False,0.8194576501846313,OutputType.CHIP_TF,,,FOXM1
1193,EFO:0002784 TF ChIP-seq GABPA,.,TF ChIP-seq,EFO:0002784,GM12878,cell_line,adult,encode,single,False,1.061450719833374,OutputType.CHIP_TF,,,GABPA
1194,EFO:0002784 TF ChIP-seq GATAD2B,.,TF ChIP-seq,EFO:0002784,GM12878,cell_line,adult,encode,paired,False,0.8049954771995544,OutputType.CHIP_TF,,,GATAD2B
1195,EFO:0002784 TF ChIP-seq HCFC1,.,TF ChIP-seq,EFO:0002784,GM12878,cell_line,adult,encode,single,False,0.9453191757202148,OutputType.CHIP_TF,,,HCFC1
1196,EFO:0002784 TF ChIP-seq HDGF,.,TF ChIP-seq,EFO:0002784,GM12878,cell_line,adult,encode,paired,False,0.7890187501907349,OutputType.CHIP_TF,,,HDGF
1197,EFO:0002784 TF ChIP-seq IKZF1,.,TF ChIP-seq,EFO:0002784,GM12878,cell_line,adult,encode,paired,False,0.6800206899642944,OutputType.CHIP_TF,,,IKZF1
1198,EFO:0002784 TF ChIP-seq IKZF2,.,TF ChIP-seq,EFO:0002784,GM12878,cell_line,adult,encode,paired,False,0.7160203456878662,OutputType.CHIP_TF,,,IKZF2
1199,EFO:0002784 TF ChIP-seq IRF4,.,TF ChIP-seq,EFO:0002784,GM12878,cell_line,adult,encode,single,False,1.0405197143554688,OutputType.CHIP_TF,,,IRF4
1200,EFO:0002784 TF ChIP-seq JUNB,.,TF ChIP-seq,EFO:0002784,GM12878,cell_line,adult,encode,single,False,0.8688349723815918,OutputType.CHIP_TF,,,JUNB
1201,EFO:0002784 TF ChIP-seq JUND,.,TF ChIP-seq,EFO:0002784,GM12878,cell_line,adult,encode,single,False,1.0850448608398438,OutputType.CHIP_TF,,,JUND
1202,EFO:0002784 TF ChIP-seq KLF5,.,TF ChIP-seq,EFO:0002784,GM12878,cell_line,adult,encode,paired,False,0.8311827182769775,OutputType.CHIP_TF,,,KLF5
1203,EFO:0002784 TF ChIP-seq LARP7,.,TF ChIP-seq,EFO:0002784,GM12878,cell_line,adult,encode,paired,False,0.7827554941177368,OutputType.CHIP_TF,,,LARP7
1204,EFO:0002784 TF ChIP-seq MAFK,.,TF ChIP-seq,EFO:0002784,GM12878,cell_line,adult,encode,single,False,0.9885203242301941,OutputType.CHIP_TF,,,MAFK
1205,EFO:0002784 TF ChIP-seq MAX,.,TF ChIP-seq,EFO:0002784,GM12878,cell_line,adult,encode,single,False,0.9872282147407532,OutputType.CHIP_TF,,,MAX
1206,EFO:0002784 TF ChIP-seq MAZ,.,TF ChIP-seq,EFO:0002784,GM12878,cell_line,adult,encode,single,False,0.9108998775482178,OutputType.CHIP_TF,,,MAZ
1207,EFO:0002784 TF ChIP-seq MAZ genetically modified (insertion) using CRISPR targeting H. sapiens MAZ,.,TF ChIP-seq,EFO:0002784,GM12878,cell_line,adult,encode,paired,True,0.796148419380188,OutputType.CHIP_TF,,,MAZ
1208,EFO:0002784 TF ChIP-seq MEF2A,.,TF ChIP-seq,EFO:0002784,GM12878,cell_line,adult,encode,single,False,1.2698980569839478,OutputType.CHIP_TF,,,MEF2A
1209,EFO:0002784 TF ChIP-seq MLLT1,.,TF ChIP-seq,EFO:0002784,GM12878,cell_line,adult,encode,paired,False,0.7722062468528748,OutputType.CHIP_TF,,,MLLT1
1210,EFO:0002784 TF ChIP-seq MTA2,.,TF ChIP-seq,EFO:0002784,GM12878,cell_line,adult,encode,paired,False,0.7164093852043152,OutputType.CHIP_TF,,,MTA2
1211,EFO:0002784 TF ChIP-seq MTA3,.,TF ChIP-seq,EFO:0002784,GM12878,cell_line,adult,encode,single,False,0.7905999422073364,OutputType.CHIP_TF,,,MTA3
1212,EFO:0002784 TF ChIP-seq MXI1,.,TF ChIP-seq,EFO:0002784,GM12878,cell_line,adult,encode,single,False,0.842041015625,OutputType.CHIP_TF,,,MXI1
1213,EFO:0002784 TF ChIP-seq NBN,.,TF ChIP-seq,EFO:0002784,GM12878,cell_line,adult,encode,paired,False,0.7843272686004639,OutputType.CHIP_TF,,,NBN
1214,EFO:0002784 TF ChIP-seq NFATC1,.,TF ChIP-seq,EFO:0002784,GM12878,cell_line,adult,encode,single,False,0.8092830777168274,OutputType.CHIP_TF,,,NFATC1
1215,EFO:0002784 TF ChIP-seq NFIC,.,TF ChIP-seq,EFO:0002784,GM12878,cell_line,adult,encode,single,False,0.8510435223579407,OutputType.CHIP_TF,,,NFIC
1216,EFO:0002784 TF ChIP-seq NFYB,.,TF ChIP-seq,EFO:0002784,GM12878,cell_line,adult,encode,single,False,1.1820787191390991,OutputType.CHIP_TF,,,NFYB
1217,EFO:0002784 TF ChIP-seq NKRF,.,TF ChIP-seq,EFO:0002784,GM12878,cell_line,adult,encode,paired,False,0.7874102592468262,OutputType.CHIP_TF,,,NKRF
1218,EFO:0002784 TF ChIP-seq NR2C1,.,TF ChIP-seq,EFO:0002784,GM12878,cell_line,adult,encode,paired,False,0.801044225692749,OutputType.CHIP_TF,,,NR2C1
1219,EFO:0002784 TF ChIP-seq NR2F1,.,TF ChIP-seq,EFO:0002784,GM12878,cell_line,adult,encode,paired,False,0.7675148248672485,OutputType.CHIP_TF,,,NR2F1
1220,EFO:0002784 TF ChIP-seq NRF1,.,TF ChIP-seq,EFO:0002784,GM12878,cell_line,adult,encode,single,False,1.0393208265304565,OutputType.CHIP_TF,,,NRF1
1221,EFO:0002784 TF ChIP-seq PAX5,.,TF ChIP-seq,EFO:0002784,GM12878,cell_line,adult,encode,single,False,0.9504730701446533,OutputType.CHIP_TF,,,PAX5
1222,EFO:0002784 TF ChIP-seq PKNOX1,.,TF ChIP-seq,EFO:0002784,GM12878,cell_line,adult,encode,paired,False,0.7586695551872253,OutputType.CHIP_TF,,,PKNOX1
1223,EFO:0002784 TF ChIP-seq PML,.,TF ChIP-seq,EFO:0002784,GM12878,cell_line,adult,encode,single,False,0.823505163192749,OutputType.CHIP_TF,,,PML
1224,EFO:0002784 TF ChIP-seq POLR2A,.,TF ChIP-seq,EFO:0002784,GM12878,cell_line,adult,encode,single,False,1.2061704397201538,OutputType.CHIP_TF,,,POLR2A
1225,EFO:0002784 TF ChIP-seq POLR2AphosphoS2,.,TF ChIP-seq,EFO:0002784,GM12878,cell_line,adult,encode,single,False,1.3626943826675415,OutputType.CHIP_TF,,,POLR2AphosphoS2
1226,EFO:0002784 TF ChIP-seq POLR2AphosphoS5,.,TF ChIP-seq,EFO:0002784,GM12878,cell_line,adult,encode,single,False,1.2224026918411255,OutputType.CHIP_TF,,,POLR2AphosphoS5
1227,EFO:0002784 TF ChIP-seq POU2F2,.,TF ChIP-seq,EFO:0002784,GM12878,cell_line,adult,encode,single,False,0.8817843198776245,OutputType.CHIP_TF,,,POU2F2
1228,EFO:0002784 TF ChIP-seq RAD21,.,TF ChIP-seq,EFO:0002784,GM12878,cell_line,adult,encode,single,False,0.8497679829597473,OutputType.CHIP_TF,,,RAD21
1229,EFO:0002784 TF ChIP-seq RAD51,.,TF ChIP-seq,EFO:0002784,GM12878,cell_line,adult,encode,paired,False,0.7854951024055481,OutputType.CHIP_TF,,,RAD51
1230,EFO:0002784 TF ChIP-seq RB1,.,TF ChIP-seq,EFO:0002784,GM12878,cell_line,adult,encode,paired,False,0.8058056831359863,OutputType.CHIP_TF,,,RB1
1231,EFO:0002784 TF ChIP-seq RELA,.,TF ChIP-seq,EFO:0002784,GM12878,cell_line,adult,encode,paired,False,0.8275986313819885,OutputType.CHIP_TF,,,RELA
1232,EFO:0002784 TF ChIP-seq RELB,.,TF ChIP-seq,EFO:0002784,GM12878,cell_line,adult,encode,paired,False,0.7890749573707581,OutputType.CHIP_TF,,,RELB
1233,EFO:0002784 TF ChIP-seq REST,.,TF ChIP-seq,EFO:0002784,GM12878,cell_line,adult,encode,single,False,1.3281280994415283,OutputType.CHIP_TF,,,REST
1234,EFO:0002784 TF ChIP-seq RFX5,.,TF ChIP-seq,EFO:0002784,GM12878,cell_line,adult,encode,single,False,0.927302360534668,OutputType.CHIP_TF,,,RFX5
1235,EFO:0002784 TF ChIP-seq RUNX3,.,TF ChIP-seq,EFO:0002784,GM12878,cell_line,adult,encode,single,False,0.7395882606506348,OutputType.CHIP_TF,,,RUNX3
1236,EFO:0002784 TF ChIP-seq SIN3A,.,TF ChIP-seq,EFO:0002784,GM12878,cell_line,adult,encode,single,False,0.9674800038337708,OutputType.CHIP_TF,,,SIN3A
1237,EFO:0002784 TF ChIP-seq SMAD1,.,TF ChIP-seq,EFO:0002784,GM12878,cell_line,adult,encode,paired,False,0.8233011960983276,OutputType.CHIP_TF,,,SMAD1
1238,EFO:0002784 TF ChIP-seq SMAD5,.,TF ChIP-seq,EFO:0002784,GM12878,cell_line,adult,encode,single,False,1.0011628866195679,OutputType.CHIP_TF,,,SMAD5
1239,EFO:0002784 TF ChIP-seq SMARCA5,.,TF ChIP-seq,EFO:0002784,GM12878,cell_line,adult,encode,paired,False,0.7688422203063965,OutputType.CHIP_TF,,,SMARCA5
1240,EFO:0002784 TF ChIP-seq SMC3,.,TF ChIP-seq,EFO:0002784,GM12878,cell_line,adult,encode,single,False,0.8684404492378235,OutputType.CHIP_TF,,,SMC3
1241,EFO:0002784 TF ChIP-seq SP1,.,TF ChIP-seq,EFO:0002784,GM12878,cell_line,adult,encode,single,False,1.6579777002334595,OutputType.CHIP_TF,,,SP1
1242,EFO:0002784 TF ChIP-seq SPI1,.,TF ChIP-seq,EFO:0002784,GM12878,cell_line,adult,encode,single,False,1.0628377199172974,OutputType.CHIP_TF,,,SPI1
1243,EFO:0002784 TF ChIP-seq SRF,.,TF ChIP-seq,EFO:0002784,GM12878,cell_line,adult,encode,single,False,1.4463177919387817,OutputType.CHIP_TF,,,SRF
1244,EFO:0002784 TF ChIP-seq STAT5A,.,TF ChIP-seq,EFO:0002784,GM12878,cell_line,adult,encode,single,False,0.8305513858795166,OutputType.CHIP_TF,,,STAT5A
1245,EFO:0002784 TF ChIP-seq SUPT20H,.,TF ChIP-seq,EFO:0002784,GM12878,cell_line,adult,encode,single,False,1.0135798454284668,OutputType.CHIP_TF,,,SUPT20H
1246,EFO:0002784 TF ChIP-seq TAF1,.,TF ChIP-seq,EFO:0002784,GM12878,cell_line,adult,encode,single,False,1.1568516492843628,OutputType.CHIP_TF,,,TAF1
1247,EFO:0002784 TF ChIP-seq TARDBP,.,TF ChIP-seq,EFO:0002784,GM12878,cell_line,adult,encode,paired,False,0.801723062992096,OutputType.CHIP_TF,,,TARDBP
1248,EFO:0002784 TF ChIP-seq TBL1XR1,.,TF ChIP-seq,EFO:0002784,GM12878,cell_line,adult,encode,single,False,0.9644992351531982,OutputType.CHIP_TF,,,TBL1XR1
1249,EFO:0002784 TF ChIP-seq TBP,.,TF ChIP-seq,EFO:0002784,GM12878,cell_line,adult,encode,single,False,0.8730894923210144,OutputType.CHIP_TF,,,TBP
1250,EFO:0002784 TF ChIP-seq TBX21,.,TF ChIP-seq,EFO:0002784,GM12878,cell_line,adult,encode,paired,False,0.8617342114448547,OutputType.CHIP_TF,,,TBX21
1251,EFO:0002784 TF ChIP-seq TCF12,.,TF ChIP-seq,EFO:0002784,GM12878,cell_line,adult,encode,paired,False,0.8118125796318054,OutputType.CHIP_TF,,,TCF12
1252,EFO:0002784 TF ChIP-seq TCF3,.,TF ChIP-seq,EFO:0002784,GM12878,cell_line,adult,encode,single,False,1.753556489944458,OutputType.CHIP_TF,,,TCF3
1253,EFO:0002784 TF ChIP-seq TCF7,.,TF ChIP-seq,EFO:0002784,GM12878,cell_line,adult,encode,single,False,0.8476194143295288,OutputType.CHIP_TF,,,TCF7
1254,EFO:0002784 TF ChIP-seq TRIM22,.,TF ChIP-seq,EFO:0002784,GM12878,cell_line,adult,encode,paired,False,0.779391884803772,OutputType.CHIP_TF,,,TRIM22
1255,EFO:0002784 TF ChIP-seq USF2,.,TF ChIP-seq,EFO:0002784,GM12878,cell_line,adult,encode,single,False,1.0036530494689941,OutputType.CHIP_TF,,,USF2
1256,EFO:0002784 TF ChIP-seq YY1,.,TF ChIP-seq,EFO:0002784,GM12878,cell_line,adult,encode,single,False,1.254370093345642,OutputType.CHIP_TF,,,YY1
1257,EFO:0002784 TF ChIP-seq ZBED1,.,TF ChIP-seq,EFO:0002784,GM12878,cell_line,adult,encode,single,False,0.8435477018356323,OutputType.CHIP_TF,,,ZBED1
1258,EFO:0002784 TF ChIP-seq ZBTB11 genetically modified (insertion) using CRISPR targeting H. sapiens ZBTB11,.,TF ChIP-seq,EFO:0002784,GM12878,cell_line,adult,encode,paired,True,0.7937339544296265,OutputType.CHIP_TF,,,ZBTB11
1259,EFO:0002784 TF ChIP-seq ZBTB40,.,TF ChIP-seq,EFO:0002784,GM12878,cell_line,adult,encode,paired,False,0.7015077471733093,OutputType.CHIP_TF,,,ZBTB40
1260,EFO:0002784 TF ChIP-seq ZFP36,.,TF ChIP-seq,EFO:0002784,GM12878,cell_line,adult,encode,single,False,0.8901944756507874,OutputType.CHIP_TF,,,ZFP36
1261,EFO:0002784 TF ChIP-seq ZNF207,.,TF ChIP-seq,EFO:0002784,GM12878,cell_line,adult,encode,paired,False,0.805801272392273,OutputType.CHIP_TF,,,ZNF207
1262,EFO:0002784 TF ChIP-seq ZNF217,.,TF ChIP-seq,EFO:0002784,GM12878,cell_line,adult,encode,paired,False,0.7593768239021301,OutputType.CHIP_TF,,,ZNF217
1263,EFO:0002784 TF ChIP-seq ZNF24,.,TF ChIP-seq,EFO:0002784,GM12878,cell_line,adult,encode,paired,False,0.7822429537773132,OutputType.CHIP_TF,,,ZNF24
1264,EFO:0002784 TF ChIP-seq ZNF384,.,TF ChIP-seq,EFO:0002784,GM12878,cell_line,adult,encode,single,False,0.9425265789031982,OutputType.CHIP_TF,,,ZNF384
1265,EFO:0002784 TF ChIP-seq ZNF687,.,TF ChIP-seq,EFO:0002784,GM12878,cell_line,adult,encode,paired,False,0.766869306564331,OutputType.CHIP_TF,,,ZNF687
1266,EFO:0002785 TF ChIP-seq POLR2A,.,TF ChIP-seq,EFO:0002785,GM12891,cell_line,unknown,encode,single,False,1.0440921783447266,OutputType.CHIP_TF,,,POLR2A
1267,EFO:0002785 TF ChIP-seq POLR2AphosphoS5,.,TF ChIP-seq,EFO:0002785,GM12891,cell_line,unknown,encode,single,False,1.2004681825637817,OutputType.CHIP_TF,,,POLR2AphosphoS5
1268,EFO:0002785 TF ChIP-seq POU2F2,.,TF ChIP-seq,EFO:0002785,GM12891,cell_line,unknown,encode,single,False,0.886300802230835,OutputType.CHIP_TF,,,POU2F2
1269,EFO:0002785 TF ChIP-seq SPI1,.,TF ChIP-seq,EFO:0002785,GM12891,cell_line,unknown,encode,single,False,1.0274730920791626,OutputType.CHIP_TF,,,SPI1
1270,EFO:0002785 TF ChIP-seq TAF1,.,TF ChIP-seq,EFO:0002785,GM12891,cell_line,unknown,encode,single,False,0.994174599647522,OutputType.CHIP_TF,,,TAF1
1271,EFO:0002785 TF ChIP-seq YY1,.,TF ChIP-seq,EFO:0002785,GM12891,cell_line,unknown,encode,single,False,1.1923378705978394,OutputType.CHIP_TF,,,YY1
1272,EFO:0002786 TF ChIP-seq POLR2A,.,TF ChIP-seq,EFO:0002786,GM12892,cell_line,unknown,encode,single,False,0.917452335357666,OutputType.CHIP_TF,,,POLR2A
1273,EFO:0002786 TF ChIP-seq POLR2AphosphoS5,.,TF ChIP-seq,EFO:0002786,GM12892,cell_line,unknown,encode,single,False,1.1861841678619385,OutputType.CHIP_TF,,,POLR2AphosphoS5
1274,EFO:0002786 TF ChIP-seq TAF1,.,TF ChIP-seq,EFO:0002786,GM12892,cell_line,unknown,encode,single,False,1.083040714263916,OutputType.CHIP_TF,,,TAF1
1275,EFO:0002786 TF ChIP-seq YY1,.,TF ChIP-seq,EFO:0002786,GM12892,cell_line,unknown,encode,single,False,1.0295073986053467,OutputType.CHIP_TF,,,YY1
1276,EFO:0002791 TF ChIP-seq BRCA1,.,TF ChIP-seq,EFO:0002791,HeLa-S3,cell_line,adult,encode,single,False,0.9932080507278442,OutputType.CHIP_TF,,,BRCA1
1277,EFO:0002791 TF ChIP-seq BRF2,.,TF ChIP-seq,EFO:0002791,HeLa-S3,cell_line,adult,encode,single,False,1.1048264503479004,OutputType.CHIP_TF,,,BRF2
1278,EFO:0002791 TF ChIP-seq CEBPB,.,TF ChIP-seq,EFO:0002791,HeLa-S3,cell_line,adult,encode,single,False,1.1624259948730469,OutputType.CHIP_TF,,,CEBPB
1279,EFO:0002791 TF ChIP-seq CHD2,.,TF ChIP-seq,EFO:0002791,HeLa-S3,cell_line,adult,encode,single,False,1.2239834070205688,OutputType.CHIP_TF,,,CHD2
1280,EFO:0002791 TF ChIP-seq CTCF,.,TF ChIP-seq,EFO:0002791,HeLa-S3,cell_line,adult,encode,single,False,1.0624818801879883,OutputType.CHIP_TF,,,CTCF
1281,EFO:0002791 TF ChIP-seq E2F1,.,TF ChIP-seq,EFO:0002791,HeLa-S3,cell_line,adult,encode,single,False,1.106582522392273,OutputType.CHIP_TF,,,E2F1
1282,EFO:0002791 TF ChIP-seq E2F4,.,TF ChIP-seq,EFO:0002791,HeLa-S3,cell_line,adult,encode,single,False,1.1643184423446655,OutputType.CHIP_TF,,,E2F4
1283,EFO:0002791 TF ChIP-seq ELK1,.,TF ChIP-seq,EFO:0002791,HeLa-S3,cell_line,adult,encode,single,False,1.0448529720306396,OutputType.CHIP_TF,,,ELK1
1284,EFO:0002791 TF ChIP-seq ELK4,.,TF ChIP-seq,EFO:0002791,HeLa-S3,cell_line,adult,encode,single,False,1.0486832857131958,OutputType.CHIP_TF,,,ELK4
1285,EFO:0002791 TF ChIP-seq EP300,.,TF ChIP-seq,EFO:0002791,HeLa-S3,cell_line,adult,encode,single,False,0.7627109885215759,OutputType.CHIP_TF,,,EP300
1286,EFO:0002791 TF ChIP-seq GABPA,.,TF ChIP-seq,EFO:0002791,HeLa-S3,cell_line,adult,encode,single,False,1.1946576833724976,OutputType.CHIP_TF,,,GABPA
1287,EFO:0002791 TF ChIP-seq GTF2F1,.,TF ChIP-seq,EFO:0002791,HeLa-S3,cell_line,adult,encode,single,False,1.0831323862075806,OutputType.CHIP_TF,,,GTF2F1
1288,EFO:0002791 TF ChIP-seq HCFC1,.,TF ChIP-seq,EFO:0002791,HeLa-S3,cell_line,adult,encode,single,False,0.9613363742828369,OutputType.CHIP_TF,,,HCFC1
1289,EFO:0002791 TF ChIP-seq JUN,.,TF ChIP-seq,EFO:0002791,HeLa-S3,cell_line,adult,encode,single,False,1.0540261268615723,OutputType.CHIP_TF,,,JUN
1290,EFO:0002791 TF ChIP-seq JUND,.,TF ChIP-seq,EFO:0002791,HeLa-S3,cell_line,adult,encode,single,False,1.106735348701477,OutputType.CHIP_TF,,,JUND
1291,EFO:0002791 TF ChIP-seq MAFF,.,TF ChIP-seq,EFO:0002791,HeLa-S3,cell_line,adult,encode,single,False,0.9096593260765076,OutputType.CHIP_TF,,,MAFF
1292,EFO:0002791 TF ChIP-seq MAFK,.,TF ChIP-seq,EFO:0002791,HeLa-S3,cell_line,adult,encode,single,False,0.9504102468490601,OutputType.CHIP_TF,,,MAFK
1293,EFO:0002791 TF ChIP-seq MAX,.,TF ChIP-seq,EFO:0002791,HeLa-S3,cell_line,adult,encode,single,False,1.0167754888534546,OutputType.CHIP_TF,,,MAX
1294,EFO:0002791 TF ChIP-seq MAZ,.,TF ChIP-seq,EFO:0002791,HeLa-S3,cell_line,adult,encode,single,False,1.0946065187454224,OutputType.CHIP_TF,,,MAZ
1295,EFO:0002791 TF ChIP-seq MXI1,.,TF ChIP-seq,EFO:0002791,HeLa-S3,cell_line,adult,encode,single,False,1.1129454374313354,OutputType.CHIP_TF,,,MXI1
1296,EFO:0002791 TF ChIP-seq NFE2L2,.,TF ChIP-seq,EFO:0002791,HeLa-S3,cell_line,adult,encode,single,False,0.9645558595657349,OutputType.CHIP_TF,,,NFE2L2
1297,EFO:0002791 TF ChIP-seq NFYA,.,TF ChIP-seq,EFO:0002791,HeLa-S3,cell_line,adult,encode,single,False,1.1656769514083862,OutputType.CHIP_TF,,,NFYA
1298,EFO:0002791 TF ChIP-seq NFYB,.,TF ChIP-seq,EFO:0002791,HeLa-S3,cell_line,adult,encode,single,False,1.1003735065460205,OutputType.CHIP_TF,,,NFYB
1299,EFO:0002791 TF ChIP-seq NR2C2,.,TF ChIP-seq,EFO:0002791,HeLa-S3,cell_line,adult,encode,single,False,1.1807140111923218,OutputType.CHIP_TF,,,NR2C2
1300,EFO:0002791 TF ChIP-seq POLR2A,.,TF ChIP-seq,EFO:0002791,HeLa-S3,cell_line,adult,encode,single,False,1.2115081548690796,OutputType.CHIP_TF,,,POLR2A
1301,EFO:0002791 TF ChIP-seq POLR2AphosphoS2,.,TF ChIP-seq,EFO:0002791,HeLa-S3,cell_line,adult,encode,single,False,1.3249441385269165,OutputType.CHIP_TF,,,POLR2AphosphoS2
1302,EFO:0002791 TF ChIP-seq POLR3A,.,TF ChIP-seq,EFO:0002791,HeLa-S3,cell_line,adult,encode,single,False,1.0765990018844604,OutputType.CHIP_TF,,,POLR3A
1303,EFO:0002791 TF ChIP-seq PRDM1,.,TF ChIP-seq,EFO:0002791,HeLa-S3,cell_line,adult,encode,single,False,1.0881224870681763,OutputType.CHIP_TF,,,PRDM1
1304,EFO:0002791 TF ChIP-seq RAD21,.,TF ChIP-seq,EFO:0002791,HeLa-S3,cell_line,adult,encode,single,False,1.2690222263336182,OutputType.CHIP_TF,,,RAD21
1305,EFO:0002791 TF ChIP-seq REST,.,TF ChIP-seq,EFO:0002791,HeLa-S3,cell_line,adult,encode,single,False,1.284610629081726,OutputType.CHIP_TF,,,REST
1306,EFO:0002791 TF ChIP-seq RFX5,.,TF ChIP-seq,EFO:0002791,HeLa-S3,cell_line,adult,encode,single,False,0.9827273488044739,OutputType.CHIP_TF,,,RFX5
1307,EFO:0002791 TF ChIP-seq SMARCB1,.,TF ChIP-seq,EFO:0002791,HeLa-S3,cell_line,adult,encode,single,False,1.3108223676681519,OutputType.CHIP_TF,,,SMARCB1
1308,EFO:0002791 TF ChIP-seq SMARCC1,.,TF ChIP-seq,EFO:0002791,HeLa-S3,cell_line,adult,encode,single,False,0.9797285795211792,OutputType.CHIP_TF,,,SMARCC1
1309,EFO:0002791 TF ChIP-seq SMC3,.,TF ChIP-seq,EFO:0002791,HeLa-S3,cell_line,adult,encode,single,False,0.8709062933921814,OutputType.CHIP_TF,,,SMC3
1310,EFO:0002791 TF ChIP-seq STAT3,.,TF ChIP-seq,EFO:0002791,HeLa-S3,cell_line,adult,encode,single,False,1.042009711265564,OutputType.CHIP_TF,,,STAT3
1311,EFO:0002791 TF ChIP-seq SUPT20H,.,TF ChIP-seq,EFO:0002791,HeLa-S3,cell_line,adult,encode,single,False,1.1725451946258545,OutputType.CHIP_TF,,,SUPT20H
1312,EFO:0002791 TF ChIP-seq TAF1,.,TF ChIP-seq,EFO:0002791,HeLa-S3,cell_line,adult,encode,single,False,1.2314451932907104,OutputType.CHIP_TF,,,TAF1
1313,EFO:0002791 TF ChIP-seq TBP,.,TF ChIP-seq,EFO:0002791,HeLa-S3,cell_line,adult,encode,single,False,1.1317002773284912,OutputType.CHIP_TF,,,TBP
1314,EFO:0002791 TF ChIP-seq TCF7L2,.,TF ChIP-seq,EFO:0002791,HeLa-S3,cell_line,adult,encode,single,False,0.7594085931777954,OutputType.CHIP_TF,,,TCF7L2
1315,EFO:0002791 TF ChIP-seq USF2,.,TF ChIP-seq,EFO:0002791,HeLa-S3,cell_line,adult,encode,single,False,1.055086374282837,OutputType.CHIP_TF,,,USF2
1316,EFO:0002793 TF ChIP-seq CTCF,.,TF ChIP-seq,EFO:0002793,HL-60,cell_line,adult,encode,single,False,2.708632707595825,OutputType.CHIP_TF,,,CTCF
1317,EFO:0002793 TF ChIP-seq GABPA,.,TF ChIP-seq,EFO:0002793,HL-60,cell_line,adult,encode,single,False,0.9271953105926514,OutputType.CHIP_TF,,,GABPA
1318,EFO:0002793 TF ChIP-seq POLR2AphosphoS5,.,TF ChIP-seq,EFO:0002793,HL-60,cell_line,adult,encode,single,False,0.9963319897651672,OutputType.CHIP_TF,,,POLR2AphosphoS5
1319,EFO:0002793 TF ChIP-seq SPI1,.,TF ChIP-seq,EFO:0002793,HL-60,cell_line,adult,encode,single,False,1.103271484375,OutputType.CHIP_TF,,,SPI1
1320,EFO:0002798 TF ChIP-seq CTCF,.,TF ChIP-seq,EFO:0002798,NB4,cell_line,adult,encode,single,False,1.6413131952285767,OutputType.CHIP_TF,,,CTCF
1321,EFO:0002798 TF ChIP-seq MAX,.,TF ChIP-seq,EFO:0002798,NB4,cell_line,adult,encode,single,False,0.9357728362083435,OutputType.CHIP_TF,,,MAX
1322,EFO:0002798 TF ChIP-seq MYC,.,TF ChIP-seq,EFO:0002798,NB4,cell_line,adult,encode,single,False,1.040799856185913,OutputType.CHIP_TF,,,MYC
1323,EFO:0002798 TF ChIP-seq POLR2A,.,TF ChIP-seq,EFO:0002798,NB4,cell_line,adult,encode,single,False,3.8026444911956787,OutputType.CHIP_TF,,,POLR2A
1324,EFO:0002819 TF ChIP-seq CTCF,.,TF ChIP-seq,EFO:0002819,Calu3,cell_line,adult,encode,single,False,1.0283527374267578,OutputType.CHIP_TF,,,CTCF
1325,EFO:0002824 TF ChIP-seq CBX3,.,TF ChIP-seq,EFO:0002824,HCT116,cell_line,adult,encode,single,False,0.8107402324676514,OutputType.CHIP_TF,,,CBX3
1326,EFO:0002824 TF ChIP-seq CEBPB,.,TF ChIP-seq,EFO:0002824,HCT116,cell_line,adult,encode,single,False,0.8486549258232117,OutputType.CHIP_TF,,,CEBPB
1327,EFO:0002824 TF ChIP-seq CTCF,.,TF ChIP-seq,EFO:0002824,HCT116,cell_line,adult,encode,single,False,0.7808284759521484,OutputType.CHIP_TF,,,CTCF
1328,"EFO:0002824 TF ChIP-seq CTCF genetically modified (insertion) using CRISPR inserting O. sativa LOC4335696, genetically modified (insertion) using CRISPR targeting H. sapiens BRD4",.,TF ChIP-seq,EFO:0002824,HCT116,cell_line,unknown,encode,single,True,0.905817449092865,OutputType.CHIP_TF,,,CTCF
1329,"EFO:0002824 TF ChIP-seq CTCF genetically modified (insertion) using CRISPR inserting O. sativa LOC4335696, genetically modified (insertion) using CRISPR targeting H. sapiens CDK7",.,TF ChIP-seq,EFO:0002824,HCT116,cell_line,unknown,encode,single,True,0.8943561911582947,OutputType.CHIP_TF,,,CTCF
1330,"EFO:0002824 TF ChIP-seq CTCF genetically modified (insertion) using CRISPR inserting O. sativa LOC4335696, genetically modified (insertion) using CRISPR targeting H. sapiens CTCF",.,TF ChIP-seq,EFO:0002824,HCT116,cell_line,unknown,encode,single,True,0.8630810379981995,OutputType.CHIP_TF,,,CTCF
1331,"EFO:0002824 TF ChIP-seq CTCF genetically modified (insertion) using CRISPR inserting O. sativa LOC4335696, genetically modified (insertion) using CRISPR targeting H. sapiens MED14",.,TF ChIP-seq,EFO:0002824,HCT116,cell_line,unknown,encode,single,True,0.8493778109550476,OutputType.CHIP_TF,,,CTCF
1332,"EFO:0002824 TF ChIP-seq CTCF genetically modified (insertion) using CRISPR inserting O. sativa LOC4335696, genetically modified (insertion) using CRISPR targeting H. sapiens POLR2A",.,TF ChIP-seq,EFO:0002824,HCT116,cell_line,unknown,encode,single,True,0.9976716637611389,OutputType.CHIP_TF,,,CTCF
1333,"EFO:0002824 TF ChIP-seq CTCF genetically modified (insertion) using CRISPR inserting O. sativa LOC4335696, genetically modified (insertion) using CRISPR targeting H. sapiens RAD21",.,TF ChIP-seq,EFO:0002824,HCT116,cell_line,unknown,encode,single,True,0.8882262706756592,OutputType.CHIP_TF,,,CTCF
1334,"EFO:0002824 TF ChIP-seq CTCF genetically modified (insertion) using CRISPR inserting O. sativa LOC4335696, genetically modified (insertion) using CRISPR targeting H. sapiens SMARCA5",.,TF ChIP-seq,EFO:0002824,HCT116,cell_line,unknown,encode,single,True,0.9290798306465149,OutputType.CHIP_TF,,,CTCF
1335,"EFO:0002824 TF ChIP-seq CTCF genetically modified (insertion) using CRISPR inserting O. sativa LOC4335696, genetically modified (insertion) using CRISPR targeting H. sapiens SUPT16H",.,TF ChIP-seq,EFO:0002824,HCT116,cell_line,unknown,encode,single,True,0.8583889603614807,OutputType.CHIP_TF,,,CTCF
1336,EFO:0002824 TF ChIP-seq EGR1,.,TF ChIP-seq,EFO:0002824,HCT116,cell_line,adult,encode,single,False,0.905482828617096,OutputType.CHIP_TF,,,EGR1
1337,EFO:0002824 TF ChIP-seq ELF1,.,TF ChIP-seq,EFO:0002824,HCT116,cell_line,adult,encode,single,False,0.7631033658981323,OutputType.CHIP_TF,,,ELF1
1338,EFO:0002824 TF ChIP-seq FOSL1,.,TF ChIP-seq,EFO:0002824,HCT116,cell_line,adult,encode,single,False,0.8530905246734619,OutputType.CHIP_TF,,,FOSL1
1339,EFO:0002824 TF ChIP-seq JUND,.,TF ChIP-seq,EFO:0002824,HCT116,cell_line,adult,encode,single,False,0.8062629699707031,OutputType.CHIP_TF,,,JUND
1340,EFO:0002824 TF ChIP-seq MAX,.,TF ChIP-seq,EFO:0002824,HCT116,cell_line,adult,encode,single,False,0.7656803131103516,OutputType.CHIP_TF,,,MAX
1341,EFO:0002824 TF ChIP-seq POLR2AphosphoS5,.,TF ChIP-seq,EFO:0002824,HCT116,cell_line,adult,encode,single,False,1.198488473892212,OutputType.CHIP_TF,,,POLR2AphosphoS5
1342,EFO:0002824 TF ChIP-seq RAD21,.,TF ChIP-seq,EFO:0002824,HCT116,cell_line,adult,encode,single,False,0.8312313556671143,OutputType.CHIP_TF,,,RAD21
1343,EFO:0002824 TF ChIP-seq REST,.,TF ChIP-seq,EFO:0002824,HCT116,cell_line,adult,encode,single,False,1.0221929550170898,OutputType.CHIP_TF,,,REST
1344,EFO:0002824 TF ChIP-seq SIN3A,.,TF ChIP-seq,EFO:0002824,HCT116,cell_line,adult,encode,single,False,0.8258180022239685,OutputType.CHIP_TF,,,SIN3A
1345,EFO:0002824 TF ChIP-seq SP1,.,TF ChIP-seq,EFO:0002824,HCT116,cell_line,adult,encode,single,False,0.7625074982643127,OutputType.CHIP_TF,,,SP1
1346,EFO:0002824 TF ChIP-seq SRF,.,TF ChIP-seq,EFO:0002824,HCT116,cell_line,adult,encode,single,False,0.8278483152389526,OutputType.CHIP_TF,,,SRF
1347,EFO:0002824 TF ChIP-seq TEAD4,.,TF ChIP-seq,EFO:0002824,HCT116,cell_line,adult,encode,single,False,1.1584789752960205,OutputType.CHIP_TF,,,TEAD4
1348,EFO:0002824 TF ChIP-seq USF1,.,TF ChIP-seq,EFO:0002824,HCT116,cell_line,adult,encode,single,False,0.9145222902297974,OutputType.CHIP_TF,,,USF1
1349,EFO:0002824 TF ChIP-seq ZFX,.,TF ChIP-seq,EFO:0002824,HCT116,cell_line,adult,encode,paired,False,0.7386897802352905,OutputType.CHIP_TF,,,ZFX
1350,EFO:0002847 TF ChIP-seq CTCF,.,TF ChIP-seq,EFO:0002847,PC-9,cell_line,unknown,encode,single,False,0.8348439931869507,OutputType.CHIP_TF,,,CTCF
1351,EFO:0002860 TF ChIP-seq POLR2AphosphoS5,.,TF ChIP-seq,EFO:0002860,SK-N-MC,cell_line,child,encode,single,False,0.8760678172111511,OutputType.CHIP_TF,,,POLR2AphosphoS5
1352,EFO:0003042 TF ChIP-seq ASH2L,.,TF ChIP-seq,EFO:0003042,H1,cell_line,embryonic,encode,single,False,0.842970609664917,OutputType.CHIP_TF,,,ASH2L
1353,EFO:0003042 TF ChIP-seq ATF2,.,TF ChIP-seq,EFO:0003042,H1,cell_line,embryonic,encode,single,False,0.8639265298843384,OutputType.CHIP_TF,,,ATF2
1354,EFO:0003042 TF ChIP-seq ATF3,.,TF ChIP-seq,EFO:0003042,H1,cell_line,embryonic,encode,single,False,1.17824387550354,OutputType.CHIP_TF,,,ATF3
1355,EFO:0003042 TF ChIP-seq BACH1,.,TF ChIP-seq,EFO:0003042,H1,cell_line,embryonic,encode,single,False,0.9036207795143127,OutputType.CHIP_TF,,,BACH1
1356,EFO:0003042 TF ChIP-seq CEBPB,.,TF ChIP-seq,EFO:0003042,H1,cell_line,embryonic,encode,single,False,0.9610663056373596,OutputType.CHIP_TF,,,CEBPB
1357,EFO:0003042 TF ChIP-seq CHD2,.,TF ChIP-seq,EFO:0003042,H1,cell_line,embryonic,encode,single,False,0.8938555717468262,OutputType.CHIP_TF,,,CHD2
1358,EFO:0003042 TF ChIP-seq CREB1,.,TF ChIP-seq,EFO:0003042,H1,cell_line,embryonic,encode,single,False,0.9638521671295166,OutputType.CHIP_TF,,,CREB1
1359,EFO:0003042 TF ChIP-seq CTBP2,.,TF ChIP-seq,EFO:0003042,H1,cell_line,embryonic,encode,single,False,1.2248488664627075,OutputType.CHIP_TF,,,CTBP2
1360,EFO:0003042 TF ChIP-seq CTCF,.,TF ChIP-seq,EFO:0003042,H1,cell_line,embryonic,encode,single,False,0.8322102427482605,OutputType.CHIP_TF,,,CTCF
1361,EFO:0003042 TF ChIP-seq E2F6,.,TF ChIP-seq,EFO:0003042,H1,cell_line,embryonic,encode,single,False,1.0027190446853638,OutputType.CHIP_TF,,,E2F6
1362,EFO:0003042 TF ChIP-seq EGR1,.,TF ChIP-seq,EFO:0003042,H1,cell_line,embryonic,encode,single,False,0.9330720901489258,OutputType.CHIP_TF,,,EGR1
1363,EFO:0003042 TF ChIP-seq EP300,.,TF ChIP-seq,EFO:0003042,H1,cell_line,embryonic,encode,single,False,1.056801676750183,OutputType.CHIP_TF,,,EP300
1364,EFO:0003042 TF ChIP-seq GABPA,.,TF ChIP-seq,EFO:0003042,H1,cell_line,embryonic,encode,single,False,0.9392080307006836,OutputType.CHIP_TF,,,GABPA
1365,EFO:0003042 TF ChIP-seq HDAC2,.,TF ChIP-seq,EFO:0003042,H1,cell_line,embryonic,encode,single,False,1.0041277408599854,OutputType.CHIP_TF,,,HDAC2
1366,EFO:0003042 TF ChIP-seq JUND,.,TF ChIP-seq,EFO:0003042,H1,cell_line,embryonic,encode,single,False,0.9091247320175171,OutputType.CHIP_TF,,,JUND
1367,EFO:0003042 TF ChIP-seq KDM1A,.,TF ChIP-seq,EFO:0003042,H1,cell_line,embryonic,encode,single,False,0.8637781143188477,OutputType.CHIP_TF,,,KDM1A
1368,EFO:0003042 TF ChIP-seq MAFK,.,TF ChIP-seq,EFO:0003042,H1,cell_line,embryonic,encode,single,False,0.9398737549781799,OutputType.CHIP_TF,,,MAFK
1369,EFO:0003042 TF ChIP-seq MAX,.,TF ChIP-seq,EFO:0003042,H1,cell_line,embryonic,encode,single,False,1.0176339149475098,OutputType.CHIP_TF,,,MAX
1370,EFO:0003042 TF ChIP-seq MYC,.,TF ChIP-seq,EFO:0003042,H1,cell_line,embryonic,encode,single,False,1.4887027740478516,OutputType.CHIP_TF,,,MYC
1371,EFO:0003042 TF ChIP-seq NRF1,.,TF ChIP-seq,EFO:0003042,H1,cell_line,embryonic,encode,single,False,0.9525008797645569,OutputType.CHIP_TF,,,NRF1
1372,EFO:0003042 TF ChIP-seq PHF8,.,TF ChIP-seq,EFO:0003042,H1,cell_line,embryonic,encode,single,False,1.0374927520751953,OutputType.CHIP_TF,,,PHF8
1373,EFO:0003042 TF ChIP-seq POLR2A,.,TF ChIP-seq,EFO:0003042,H1,cell_line,embryonic,encode,single,False,1.0551276206970215,OutputType.CHIP_TF,,,POLR2A
1374,EFO:0003042 TF ChIP-seq POLR2AphosphoS5,.,TF ChIP-seq,EFO:0003042,H1,cell_line,embryonic,encode,single,False,1.5645101070404053,OutputType.CHIP_TF,,,POLR2AphosphoS5
1375,EFO:0003042 TF ChIP-seq RAD21,.,TF ChIP-seq,EFO:0003042,H1,cell_line,embryonic,encode,single,False,0.7573587894439697,OutputType.CHIP_TF,,,RAD21
1376,EFO:0003042 TF ChIP-seq RBBP5,.,TF ChIP-seq,EFO:0003042,H1,cell_line,embryonic,encode,single,False,1.4658613204956055,OutputType.CHIP_TF,,,RBBP5
1377,EFO:0003042 TF ChIP-seq REST,.,TF ChIP-seq,EFO:0003042,H1,cell_line,embryonic,encode,single,False,0.7633985280990601,OutputType.CHIP_TF,,,REST
1378,EFO:0003042 TF ChIP-seq SIN3A,.,TF ChIP-seq,EFO:0003042,H1,cell_line,embryonic,encode,single,False,0.782710075378418,OutputType.CHIP_TF,,,SIN3A
1379,EFO:0003042 TF ChIP-seq SIX5,.,TF ChIP-seq,EFO:0003042,H1,cell_line,embryonic,encode,single,False,1.1115151643753052,OutputType.CHIP_TF,,,SIX5
1380,EFO:0003042 TF ChIP-seq SP1,.,TF ChIP-seq,EFO:0003042,H1,cell_line,embryonic,encode,single,False,1.0101011991500854,OutputType.CHIP_TF,,,SP1
1381,EFO:0003042 TF ChIP-seq SP4,.,TF ChIP-seq,EFO:0003042,H1,cell_line,embryonic,encode,single,False,0.9072044491767883,OutputType.CHIP_TF,,,SP4
1382,EFO:0003042 TF ChIP-seq SRF,.,TF ChIP-seq,EFO:0003042,H1,cell_line,embryonic,encode,single,False,1.0989999771118164,OutputType.CHIP_TF,,,SRF
1383,EFO:0003042 TF ChIP-seq SUZ12,.,TF ChIP-seq,EFO:0003042,H1,cell_line,embryonic,encode,single,False,0.8124634027481079,OutputType.CHIP_TF,,,SUZ12
1384,EFO:0003042 TF ChIP-seq TAF1,.,TF ChIP-seq,EFO:0003042,H1,cell_line,embryonic,encode,single,False,1.2888585329055786,OutputType.CHIP_TF,,,TAF1
1385,EFO:0003042 TF ChIP-seq TBP,.,TF ChIP-seq,EFO:0003042,H1,cell_line,embryonic,encode,single,False,0.9174953699111938,OutputType.CHIP_TF,,,TBP
1386,EFO:0003042 TF ChIP-seq TCF12,.,TF ChIP-seq,EFO:0003042,H1,cell_line,embryonic,encode,single,False,1.3108755350112915,OutputType.CHIP_TF,,,TCF12
1387,EFO:0003042 TF ChIP-seq TEAD4,.,TF ChIP-seq,EFO:0003042,H1,cell_line,embryonic,encode,single,False,1.1544599533081055,OutputType.CHIP_TF,,,TEAD4
1388,EFO:0003042 TF ChIP-seq USF1,.,TF ChIP-seq,EFO:0003042,H1,cell_line,embryonic,encode,single,False,1.1435457468032837,OutputType.CHIP_TF,,,USF1
1389,EFO:0003042 TF ChIP-seq USF2,.,TF ChIP-seq,EFO:0003042,H1,cell_line,embryonic,encode,single,False,0.8698755502700806,OutputType.CHIP_TF,,,USF2
1390,EFO:0003042 TF ChIP-seq YY1,.,TF ChIP-seq,EFO:0003042,H1,cell_line,embryonic,encode,single,False,0.9756035804748535,OutputType.CHIP_TF,,,YY1
1391,EFO:0003045 TF ChIP-seq CTCF,.,TF ChIP-seq,EFO:0003045,H9,cell_line,embryonic,encode,single,False,0.7956581115722656,OutputType.CHIP_TF,,,CTCF
1392,EFO:0003072 TF ChIP-seq CHD2,.,TF ChIP-seq,EFO:0003072,SK-N-SH,cell_line,child,encode,single,False,0.9742451906204224,OutputType.CHIP_TF,,,CHD2
1393,EFO:0003072 TF ChIP-seq CTCF,.,TF ChIP-seq,EFO:0003072,SK-N-SH,cell_line,child,encode,paired,False,0.8456477522850037,OutputType.CHIP_TF,,,CTCF
1394,EFO:0003072 TF ChIP-seq ELF1,.,TF ChIP-seq,EFO:0003072,SK-N-SH,cell_line,child,encode,single,False,0.8833105564117432,OutputType.CHIP_TF,,,ELF1
1395,EFO:0003072 TF ChIP-seq EP300,.,TF ChIP-seq,EFO:0003072,SK-N-SH,cell_line,child,encode,single,False,0.7020170092582703,OutputType.CHIP_TF,,,EP300
1396,EFO:0003072 TF ChIP-seq FOSL2,.,TF ChIP-seq,EFO:0003072,SK-N-SH,cell_line,child,encode,single,False,1.0089168548583984,OutputType.CHIP_TF,,,FOSL2
1397,EFO:0003072 TF ChIP-seq FOXJ3 genetically modified (insertion) using CRISPR targeting H. sapiens FOXJ3,.,TF ChIP-seq,EFO:0003072,SK-N-SH,cell_line,child,encode,single,True,0.8119322061538696,OutputType.CHIP_TF,,,FOXJ3
1398,EFO:0003072 TF ChIP-seq FOXM1,.,TF ChIP-seq,EFO:0003072,SK-N-SH,cell_line,child,encode,single,False,0.9656786322593689,OutputType.CHIP_TF,,,FOXM1
1399,EFO:0003072 TF ChIP-seq GABPA,.,TF ChIP-seq,EFO:0003072,SK-N-SH,cell_line,child,encode,single,False,0.8896772861480713,OutputType.CHIP_TF,,,GABPA
1400,EFO:0003072 TF ChIP-seq GATA2 genetically modified (insertion) using CRISPR targeting H. sapiens GATA2,.,TF ChIP-seq,EFO:0003072,SK-N-SH,cell_line,child,encode,single,True,0.8109840750694275,OutputType.CHIP_TF,,,GATA2
1401,EFO:0003072 TF ChIP-seq GATA3,.,TF ChIP-seq,EFO:0003072,SK-N-SH,cell_line,child,encode,single,False,0.7777391076087952,OutputType.CHIP_TF,,,GATA3
1402,EFO:0003072 TF ChIP-seq JUND,.,TF ChIP-seq,EFO:0003072,SK-N-SH,cell_line,child,encode,single,False,0.7924953103065491,OutputType.CHIP_TF,,,JUND
1403,EFO:0003072 TF ChIP-seq MAX,.,TF ChIP-seq,EFO:0003072,SK-N-SH,cell_line,child,encode,single,False,1.0120495557785034,OutputType.CHIP_TF,,,MAX
1404,EFO:0003072 TF ChIP-seq MEF2A,.,TF ChIP-seq,EFO:0003072,SK-N-SH,cell_line,child,encode,single,False,1.1111558675765991,OutputType.CHIP_TF,,,MEF2A
1405,EFO:0003072 TF ChIP-seq MXI1,.,TF ChIP-seq,EFO:0003072,SK-N-SH,cell_line,child,encode,single,False,0.8734278678894043,OutputType.CHIP_TF,,,MXI1
1406,EFO:0003072 TF ChIP-seq NFIC,.,TF ChIP-seq,EFO:0003072,SK-N-SH,cell_line,child,encode,single,False,0.8446437120437622,OutputType.CHIP_TF,,,NFIC
1407,EFO:0003072 TF ChIP-seq NRF1,.,TF ChIP-seq,EFO:0003072,SK-N-SH,cell_line,child,encode,single,False,1.1233887672424316,OutputType.CHIP_TF,,,NRF1
1408,EFO:0003072 TF ChIP-seq PBX3,.,TF ChIP-seq,EFO:0003072,SK-N-SH,cell_line,child,encode,single,False,0.8124933838844299,OutputType.CHIP_TF,,,PBX3
1409,EFO:0003072 TF ChIP-seq POLR2AphosphoS5,.,TF ChIP-seq,EFO:0003072,SK-N-SH,cell_line,child,encode,single,False,1.1615805625915527,OutputType.CHIP_TF,,,POLR2AphosphoS5
1410,EFO:0003072 TF ChIP-seq RAD21,.,TF ChIP-seq,EFO:0003072,SK-N-SH,cell_line,child,encode,single,False,0.8885948061943054,OutputType.CHIP_TF,,,RAD21
1411,EFO:0003072 TF ChIP-seq RCOR1,.,TF ChIP-seq,EFO:0003072,SK-N-SH,cell_line,child,encode,single,False,0.9580050706863403,OutputType.CHIP_TF,,,RCOR1
1412,EFO:0003072 TF ChIP-seq REST,.,TF ChIP-seq,EFO:0003072,SK-N-SH,cell_line,child,encode,single,False,1.3145135641098022,OutputType.CHIP_TF,,,REST
1413,EFO:0003072 TF ChIP-seq RFX5,.,TF ChIP-seq,EFO:0003072,SK-N-SH,cell_line,child,encode,single,False,0.852078914642334,OutputType.CHIP_TF,,,RFX5
1414,EFO:0003072 TF ChIP-seq RXRA,.,TF ChIP-seq,EFO:0003072,SK-N-SH,cell_line,child,encode,single,False,0.9884690046310425,OutputType.CHIP_TF,,,RXRA
1415,EFO:0003072 TF ChIP-seq SIN3A,.,TF ChIP-seq,EFO:0003072,SK-N-SH,cell_line,child,encode,single,False,1.1826077699661255,OutputType.CHIP_TF,,,SIN3A
1416,EFO:0003072 TF ChIP-seq SMC3,.,TF ChIP-seq,EFO:0003072,SK-N-SH,cell_line,child,encode,single,False,0.9515026807785034,OutputType.CHIP_TF,,,SMC3
1417,EFO:0003072 TF ChIP-seq TAF1,.,TF ChIP-seq,EFO:0003072,SK-N-SH,cell_line,child,encode,single,False,1.1323809623718262,OutputType.CHIP_TF,,,TAF1
1418,EFO:0003072 TF ChIP-seq TCF12,.,TF ChIP-seq,EFO:0003072,SK-N-SH,cell_line,child,encode,single,False,0.7502463459968567,OutputType.CHIP_TF,,,TCF12
1419,EFO:0003072 TF ChIP-seq TEAD4,.,TF ChIP-seq,EFO:0003072,SK-N-SH,cell_line,child,encode,single,False,0.9364314079284668,OutputType.CHIP_TF,,,TEAD4
1420,EFO:0003072 TF ChIP-seq USF1,.,TF ChIP-seq,EFO:0003072,SK-N-SH,cell_line,child,encode,single,False,0.9616994261741638,OutputType.CHIP_TF,,,USF1
1421,EFO:0003072 TF ChIP-seq YY1,.,TF ChIP-seq,EFO:0003072,SK-N-SH,cell_line,child,encode,single,False,1.0405064821243286,OutputType.CHIP_TF,,,YY1
1422,EFO:0003072 TF ChIP-seq ZBTB33,.,TF ChIP-seq,EFO:0003072,SK-N-SH,cell_line,child,encode,single,False,1.0246238708496094,OutputType.CHIP_TF,,,ZBTB33
1423,EFO:0005234 TF ChIP-seq POLR2AphosphoS5,.,TF ChIP-seq,EFO:0005234,PFSK-1,cell_line,child,encode,single,False,0.9849108457565308,OutputType.CHIP_TF,,,POLR2AphosphoS5
1424,EFO:0005234 TF ChIP-seq REST,.,TF ChIP-seq,EFO:0005234,PFSK-1,cell_line,child,encode,single,False,1.0792768001556396,OutputType.CHIP_TF,,,REST
1425,EFO:0005234 TF ChIP-seq SIN3A,.,TF ChIP-seq,EFO:0005234,PFSK-1,cell_line,child,encode,single,False,1.0426013469696045,OutputType.CHIP_TF,,,SIN3A
1426,EFO:0005234 TF ChIP-seq TAF1,.,TF ChIP-seq,EFO:0005234,PFSK-1,cell_line,child,encode,single,False,0.8975558280944824,OutputType.CHIP_TF,,,TAF1
1427,EFO:0005236 TF ChIP-seq YY1,.,TF ChIP-seq,EFO:0005236,NT2/D1,cell_line,unknown,encode,single,False,1.9750792980194092,OutputType.CHIP_TF,,,YY1
1428,EFO:0005336 TF ChIP-seq POLR2A,.,TF ChIP-seq,EFO:0005336,GM10847,cell_line,unknown,encode,single,False,4.3972907066345215,OutputType.CHIP_TF,,,POLR2A
1429,EFO:0005337 TF ChIP-seq CTCF,.,TF ChIP-seq,EFO:0005337,GM12864,cell_line,unknown,encode,single,False,1.3613603115081787,OutputType.CHIP_TF,,,CTCF
1430,EFO:0005347 TF ChIP-seq POLR2A,.,TF ChIP-seq,EFO:0005347,GM15510,cell_line,unknown,encode,single,False,3.4360148906707764,OutputType.CHIP_TF,,,POLR2A
1431,EFO:0005348 TF ChIP-seq POLR2A,.,TF ChIP-seq,EFO:0005348,GM18526,cell_line,unknown,encode,single,False,2.576261043548584,OutputType.CHIP_TF,,,POLR2A
1432,EFO:0005349 TF ChIP-seq POLR2A,.,TF ChIP-seq,EFO:0005349,GM18951,cell_line,unknown,encode,single,False,1.881851315498352,OutputType.CHIP_TF,,,POLR2A
1433,EFO:0005350 TF ChIP-seq POLR2A,.,TF ChIP-seq,EFO:0005350,GM19099,cell_line,unknown,encode,single,False,1.551389217376709,OutputType.CHIP_TF,,,POLR2A
1434,EFO:0005351 TF ChIP-seq POLR2A,.,TF ChIP-seq,EFO:0005351,GM19193,cell_line,unknown,encode,single,False,1.7100838422775269,OutputType.CHIP_TF,,,POLR2A
1435,EFO:0005694 TF ChIP-seq CTCF,.,TF ChIP-seq,EFO:0005694,KMS-11,cell_line,adult,encode,single,False,0.8624968528747559,OutputType.CHIP_TF,,,CTCF
1436,EFO:0005715 TF ChIP-seq CTCF,.,TF ChIP-seq,EFO:0005715,WERI-Rb-1,cell_line,child,encode,single,False,1.5935550928115845,OutputType.CHIP_TF,,,CTCF
1437,EFO:0005718 TF ChIP-seq CEBPB,.,TF ChIP-seq,EFO:0005718,Ishikawa,cell_line,adult,encode,single,False,0.9511106014251709,OutputType.CHIP_TF,,,CEBPB
1438,EFO:0005718 TF ChIP-seq CREB1,.,TF ChIP-seq,EFO:0005718,Ishikawa,cell_line,adult,encode,single,False,0.9814600348472595,OutputType.CHIP_TF,,,CREB1
1439,EFO:0005718 TF ChIP-seq EGR1,.,TF ChIP-seq,EFO:0005718,Ishikawa,cell_line,adult,encode,single,False,0.9563577175140381,OutputType.CHIP_TF,,,EGR1
1440,EFO:0005718 TF ChIP-seq EP300,.,TF ChIP-seq,EFO:0005718,Ishikawa,cell_line,adult,encode,single,False,0.8913092613220215,OutputType.CHIP_TF,,,EP300
1441,EFO:0005718 TF ChIP-seq FOXM1,.,TF ChIP-seq,EFO:0005718,Ishikawa,cell_line,adult,encode,single,False,0.9450280666351318,OutputType.CHIP_TF,,,FOXM1
1442,EFO:0005718 TF ChIP-seq MAX,.,TF ChIP-seq,EFO:0005718,Ishikawa,cell_line,adult,encode,single,False,0.8833977580070496,OutputType.CHIP_TF,,,MAX
1443,EFO:0005718 TF ChIP-seq NFIC,.,TF ChIP-seq,EFO:0005718,Ishikawa,cell_line,adult,encode,single,False,0.7946962714195251,OutputType.CHIP_TF,,,NFIC
1444,EFO:0005718 TF ChIP-seq RAD21,.,TF ChIP-seq,EFO:0005718,Ishikawa,cell_line,adult,encode,single,False,0.9390239119529724,OutputType.CHIP_TF,,,RAD21
1445,EFO:0005718 TF ChIP-seq REST,.,TF ChIP-seq,EFO:0005718,Ishikawa,cell_line,adult,encode,single,False,0.9868256449699402,OutputType.CHIP_TF,,,REST
1446,EFO:0005718 TF ChIP-seq SRF,.,TF ChIP-seq,EFO:0005718,Ishikawa,cell_line,adult,encode,single,False,0.9551768898963928,OutputType.CHIP_TF,,,SRF
1447,EFO:0005718 TF ChIP-seq TAF1,.,TF ChIP-seq,EFO:0005718,Ishikawa,cell_line,adult,encode,single,False,1.0146148204803467,OutputType.CHIP_TF,,,TAF1
1448,EFO:0005718 TF ChIP-seq TCF12,.,TF ChIP-seq,EFO:0005718,Ishikawa,cell_line,adult,encode,single,False,0.8969955444335938,OutputType.CHIP_TF,,,TCF12
1449,EFO:0005718 TF ChIP-seq TEAD4,.,TF ChIP-seq,EFO:0005718,Ishikawa,cell_line,adult,encode,single,False,0.8910366296768188,OutputType.CHIP_TF,,,TEAD4
1450,EFO:0005718 TF ChIP-seq USF1,.,TF ChIP-seq,EFO:0005718,Ishikawa,cell_line,adult,encode,single,False,0.904041588306427,OutputType.CHIP_TF,,,USF1
1451,EFO:0005718 TF ChIP-seq YY1,.,TF ChIP-seq,EFO:0005718,Ishikawa,cell_line,adult,encode,single,False,1.0843054056167603,OutputType.CHIP_TF,,,YY1
1452,EFO:0005718 TF ChIP-seq ZBTB7A,.,TF ChIP-seq,EFO:0005718,Ishikawa,cell_line,adult,encode,single,False,1.0766043663024902,OutputType.CHIP_TF,,,ZBTB7A
1453,EFO:0005723 TF ChIP-seq EZH2phosphoT487,.,TF ChIP-seq,EFO:0005723,GM23248,cell_line,adult,encode,single,False,1.0935393571853638,OutputType.CHIP_TF,,,EZH2phosphoT487
1454,EFO:0005724 TF ChIP-seq CTCF,.,TF ChIP-seq,EFO:0005724,MM.1S,cell_line,adult,encode,single,False,0.7796716690063477,OutputType.CHIP_TF,,,CTCF
1455,EFO:0005725 TF ChIP-seq CTCF,.,TF ChIP-seq,EFO:0005725,BE2C,cell_line,child,encode,single,False,0.9925174117088318,OutputType.CHIP_TF,,,CTCF
1456,EFO:0005726 TF ChIP-seq CTCF,.,TF ChIP-seq,EFO:0005726,LNCaP clone FGC,cell_line,adult,encode,single,False,2.639800548553467,OutputType.CHIP_TF,,,CTCF
1457,EFO:0005907 TF ChIP-seq CTCF,.,TF ChIP-seq,EFO:0005907,OCI-LY1,cell_line,adult,encode,single,False,0.7953213453292847,OutputType.CHIP_TF,,,CTCF
1458,EFO:0005907 TF ChIP-seq EZH2,.,TF ChIP-seq,EFO:0005907,OCI-LY1,cell_line,adult,encode,single,False,0.8077881932258606,OutputType.CHIP_TF,,,EZH2
1459,EFO:0006270 TF ChIP-seq CTCF,.,TF ChIP-seq,EFO:0006270,AG04450,cell_line,embryonic,encode,single,False,1.0772258043289185,OutputType.CHIP_TF,,,CTCF
1460,EFO:0006365 TF ChIP-seq CTCF,.,TF ChIP-seq,EFO:0006365,C4-2B,cell_line,adult,encode,paired,False,0.7243074178695679,OutputType.CHIP_TF,,,CTCF
1461,EFO:0006365 TF ChIP-seq ZFX,.,TF ChIP-seq,EFO:0006365,C4-2B,cell_line,adult,encode,paired,False,0.6865183115005493,OutputType.CHIP_TF,,,ZFX
1462,EFO:0006710 TF ChIP-seq CTCF,.,TF ChIP-seq,EFO:0006710,OCI-LY3,cell_line,adult,encode,single,False,0.8906863927841187,OutputType.CHIP_TF,,,CTCF
1463,EFO:0006711 TF ChIP-seq CTCF,.,TF ChIP-seq,EFO:0006711,OCI-LY7,cell_line,adult,encode,single,False,0.8017582297325134,OutputType.CHIP_TF,,,CTCF
1464,EFO:0007074 TF ChIP-seq CTCF,.,TF ChIP-seq,EFO:0007074,DND-41,cell_line,child,encode,single,False,1.4056947231292725,OutputType.CHIP_TF,,,CTCF
1465,EFO:0007112 TF ChIP-seq CTCF,.,TF ChIP-seq,EFO:0007112,Loucy,cell_line,adult,encode,single,False,0.8298217058181763,OutputType.CHIP_TF,,,CTCF
1466,EFO:0007610 TF ChIP-seq CTCF,.,TF ChIP-seq,EFO:0007610,RWPE2,cell_line,adult,encode,paired,False,0.7856764197349548,OutputType.CHIP_TF,,,CTCF
1467,EFO:0007752 TF ChIP-seq CTCF,.,TF ChIP-seq,EFO:0007752,VCaP,cell_line,adult,encode,paired,False,0.8078799247741699,OutputType.CHIP_TF,,,CTCF
1468,EFO:0007950 TF ChIP-seq CREB1 genetically modified (insertion) using CRISPR targeting H. sapiens CREB1,.,TF ChIP-seq,EFO:0007950,GM23338,cell_line,adult,encode,paired,True,0.8036388158798218,OutputType.CHIP_TF,,,CREB1
1469,EFO:0007950 TF ChIP-seq CTCF,.,TF ChIP-seq,EFO:0007950,GM23338,cell_line,adult,encode,paired,False,0.8083171844482422,OutputType.CHIP_TF,,,CTCF
1470,EFO:0007950 TF ChIP-seq ETS1,.,TF ChIP-seq,EFO:0007950,GM23338,cell_line,adult,encode,single,False,0.9707803130149841,OutputType.CHIP_TF,,,ETS1
1471,EFO:0007950 TF ChIP-seq EZH2,.,TF ChIP-seq,EFO:0007950,GM23338,cell_line,adult,encode,paired,False,1.146084189414978,OutputType.CHIP_TF,,,EZH2
1472,EFO:0007950 TF ChIP-seq EZH2phosphoT487,.,TF ChIP-seq,EFO:0007950,GM23338,cell_line,adult,encode,paired,False,0.8361223936080933,OutputType.CHIP_TF,,,EZH2phosphoT487
1473,EFO:0007950 TF ChIP-seq NANOG,.,TF ChIP-seq,EFO:0007950,GM23338,cell_line,adult,encode,single,False,0.9162593483924866,OutputType.CHIP_TF,,,NANOG
1474,EFO:0007950 TF ChIP-seq POLR2AphosphoS5,.,TF ChIP-seq,EFO:0007950,GM23338,cell_line,adult,encode,single,False,1.1611675024032593,OutputType.CHIP_TF,,,POLR2AphosphoS5
1475,EFO:0007950 TF ChIP-seq POU5F1,.,TF ChIP-seq,EFO:0007950,GM23338,cell_line,adult,encode,single,False,1.1079763174057007,OutputType.CHIP_TF,,,POU5F1
1476,EFO:0007950 TF ChIP-seq REST,.,TF ChIP-seq,EFO:0007950,GM23338,cell_line,adult,encode,single,False,1.4345543384552002,OutputType.CHIP_TF,,,REST
1477,EFO:0007950 TF ChIP-seq ZNF462 genetically modified (insertion) using CRISPR targeting H. sapiens ZNF462,.,TF ChIP-seq,EFO:0007950,GM23338,cell_line,adult,encode,paired,True,0.8206668496131897,OutputType.CHIP_TF,,,ZNF462
1478,EFO:0009318 TF ChIP-seq CTCF,.,TF ChIP-seq,EFO:0009318,HFFc6,cell_line,newborn,encode,single,False,0.8199285864830017,OutputType.CHIP_TF,,,CTCF
1479,EFO:0009747 TF ChIP-seq ARID4B genetically modified (insertion) using CRISPR targeting H. sapiens ARID4B,.,TF ChIP-seq,EFO:0009747,WTC11,cell_line,adult,encode,single,True,0.8452187180519104,OutputType.CHIP_TF,,,ARID4B
1480,EFO:0009747 TF ChIP-seq CREM genetically modified (insertion) using CRISPR targeting H. sapiens CREM,.,TF ChIP-seq,EFO:0009747,WTC11,cell_line,adult,encode,single,True,0.8023584485054016,OutputType.CHIP_TF,,,CREM
1481,EFO:0009747 TF ChIP-seq CTCF,.,TF ChIP-seq,EFO:0009747,WTC11,cell_line,adult,encode,single,False,0.9106705188751221,OutputType.CHIP_TF,,,CTCF
1482,EFO:0009747 TF ChIP-seq E2F5 genetically modified (insertion) using CRISPR targeting H. sapiens E2F5,.,TF ChIP-seq,EFO:0009747,WTC11,cell_line,adult,encode,single,True,0.8668326139450073,OutputType.CHIP_TF,,,E2F5
1483,"EFO:0009747 TF ChIP-seq EGR1 genetically modified (insertion) using CRISPR targeting H. sapiens EGR1, genetically modified (insertion) using TALEN inserting M. musculus Neurog2",.,TF ChIP-seq,EFO:0009747,WTC11,cell_line,unknown,encode,paired,True,0.8311028480529785,OutputType.CHIP_TF,,,EGR1
1484,EFO:0009747 TF ChIP-seq ETV6 genetically modified (insertion) using CRISPR targeting H. sapiens ETV6,.,TF ChIP-seq,EFO:0009747,WTC11,cell_line,adult,encode,single,True,0.8295696377754211,OutputType.CHIP_TF,,,ETV6
1485,"EFO:0009747 TF ChIP-seq FOS genetically modified (insertion) using CRISPR targeting H. sapiens FOS, genetically modified (insertion) using TALEN inserting M. musculus Neurog2",.,TF ChIP-seq,EFO:0009747,WTC11,cell_line,unknown,encode,paired,True,0.8117094039916992,OutputType.CHIP_TF,,,FOS
1486,EFO:0009747 TF ChIP-seq FOXK1 genetically modified (insertion) using CRISPR targeting H. sapiens FOXK1,.,TF ChIP-seq,EFO:0009747,WTC11,cell_line,adult,encode,single,True,0.9543569684028625,OutputType.CHIP_TF,,,FOXK1
1487,EFO:0009747 TF ChIP-seq FOXP1 genetically modified (insertion) using CRISPR targeting H. sapiens FOXP1,.,TF ChIP-seq,EFO:0009747,WTC11,cell_line,adult,encode,single,True,0.8792567849159241,OutputType.CHIP_TF,,,FOXP1
1488,EFO:0009747 TF ChIP-seq FOXP4 genetically modified (insertion) using CRISPR targeting H. sapiens FOXP4,.,TF ChIP-seq,EFO:0009747,WTC11,cell_line,adult,encode,single,True,1.0199658870697021,OutputType.CHIP_TF,,,FOXP4
1489,EFO:0009747 TF ChIP-seq GABPB1 genetically modified (insertion) using CRISPR targeting H. sapiens GABPB1,.,TF ChIP-seq,EFO:0009747,WTC11,cell_line,adult,encode,single,True,0.8360226154327393,OutputType.CHIP_TF,,,GABPB1
1490,EFO:0009747 TF ChIP-seq GRHL2 genetically modified (insertion) using CRISPR targeting H. sapiens GRHL2,.,TF ChIP-seq,EFO:0009747,WTC11,cell_line,adult,encode,paired,True,0.8279081583023071,OutputType.CHIP_TF,,,GRHL2
1491,EFO:0009747 TF ChIP-seq HMGA2 genetically modified (insertion) using CRISPR targeting H. sapiens HMGA2,.,TF ChIP-seq,EFO:0009747,WTC11,cell_line,adult,encode,paired,True,0.8182101845741272,OutputType.CHIP_TF,,,HMGA2
1492,EFO:0009747 TF ChIP-seq HMGXB4 genetically modified (insertion) using CRISPR targeting H. sapiens HMGXB4,.,TF ChIP-seq,EFO:0009747,WTC11,cell_line,adult,encode,single,True,0.8219742774963379,OutputType.CHIP_TF,,,HMGXB4
1493,EFO:0009747 TF ChIP-seq MAX genetically modified (insertion) using CRISPR targeting H. sapiens MAX,.,TF ChIP-seq,EFO:0009747,WTC11,cell_line,adult,encode,single,True,0.7492045760154724,OutputType.CHIP_TF,,,MAX
1494,EFO:0009747 TF ChIP-seq MYBL2 genetically modified (insertion) using CRISPR targeting H. sapiens MYBL2,.,TF ChIP-seq,EFO:0009747,WTC11,cell_line,adult,encode,single,True,0.9276326298713684,OutputType.CHIP_TF,,,MYBL2
1495,EFO:0009747 TF ChIP-seq NFE2L1 genetically modified (insertion) using CRISPR targeting H. sapiens NFE2L1,.,TF ChIP-seq,EFO:0009747,WTC11,cell_line,adult,encode,single,True,0.7811117768287659,OutputType.CHIP_TF,,,NFE2L1
1496,EFO:0009747 TF ChIP-seq NFYB genetically modified (insertion) using CRISPR targeting H. sapiens NFYB,.,TF ChIP-seq,EFO:0009747,WTC11,cell_line,adult,encode,single,True,0.8625380992889404,OutputType.CHIP_TF,,,NFYB
1497,EFO:0009747 TF ChIP-seq PRDM15 genetically modified (insertion) using CRISPR targeting H. sapiens PRDM15,.,TF ChIP-seq,EFO:0009747,WTC11,cell_line,adult,encode,single,True,0.8829250931739807,OutputType.CHIP_TF,,,PRDM15
1498,EFO:0009747 TF ChIP-seq SOX15 genetically modified (insertion) using CRISPR targeting H. sapiens SOX15,.,TF ChIP-seq,EFO:0009747,WTC11,cell_line,adult,encode,paired,True,0.8144403696060181,OutputType.CHIP_TF,,,SOX15
1499,EFO:0009747 TF ChIP-seq SP1 genetically modified (insertion) using CRISPR targeting H. sapiens SP1,.,TF ChIP-seq,EFO:0009747,WTC11,cell_line,adult,encode,single,True,0.8424248099327087,OutputType.CHIP_TF,,,SP1
1500,EFO:0009747 TF ChIP-seq TEAD1 genetically modified (insertion) using CRISPR targeting H. sapiens TEAD1,.,TF ChIP-seq,EFO:0009747,WTC11,cell_line,adult,encode,single,True,0.8904772996902466,OutputType.CHIP_TF,,,TEAD1
1501,EFO:0009747 TF ChIP-seq TGIF2 genetically modified (insertion) using CRISPR targeting H. sapiens TGIF2,.,TF ChIP-seq,EFO:0009747,WTC11,cell_line,adult,encode,single,True,0.9260721206665039,OutputType.CHIP_TF,,,TGIF2
1502,"EFO:0009747 TF ChIP-seq TOX4 genetically modified (insertion) using CRISPR targeting H. sapiens TOX4, genetically modified (insertion) using TALEN inserting M. musculus Neurog2",.,TF ChIP-seq,EFO:0009747,WTC11,cell_line,unknown,encode,paired,True,0.7982918620109558,OutputType.CHIP_TF,,,TOX4
1503,EFO:0009747 TF ChIP-seq TP53 genetically modified (insertion) using CRISPR targeting H. sapiens TP53,.,TF ChIP-seq,EFO:0009747,WTC11,cell_line,adult,encode,single,True,0.9806338548660278,OutputType.CHIP_TF,,,TP53
1504,EFO:0009747 TF ChIP-seq USF1 genetically modified (insertion) using CRISPR targeting H. sapiens USF1,.,TF ChIP-seq,EFO:0009747,WTC11,cell_line,adult,encode,single,True,0.78555828332901,OutputType.CHIP_TF,,,USF1
1505,EFO:0009747 TF ChIP-seq USF2 genetically modified (insertion) using CRISPR targeting H. sapiens USF2,.,TF ChIP-seq,EFO:0009747,WTC11,cell_line,adult,encode,single,True,0.8767126202583313,OutputType.CHIP_TF,,,USF2
1506,EFO:0009747 TF ChIP-seq ZBTB43 genetically modified (insertion) using CRISPR targeting H. sapiens ZBTB43,.,TF ChIP-seq,EFO:0009747,WTC11,cell_line,adult,encode,single,True,0.7904142737388611,OutputType.CHIP_TF,,,ZBTB43
1507,EFO:0009747 TF ChIP-seq ZNF121 genetically modified (insertion) using CRISPR targeting H. sapiens ZNF121,.,TF ChIP-seq,EFO:0009747,WTC11,cell_line,adult,encode,single,True,1.011366605758667,OutputType.CHIP_TF,,,ZNF121
1508,EFO:0009747 TF ChIP-seq ZNF143 genetically modified (insertion) using CRISPR targeting H. sapiens ZNF143,.,TF ChIP-seq,EFO:0009747,WTC11,cell_line,adult,encode,single,True,0.7727635502815247,OutputType.CHIP_TF,,,ZNF143
1509,EFO:0009747 TF ChIP-seq ZNF184 genetically modified (insertion) using CRISPR targeting H. sapiens ZNF184,.,TF ChIP-seq,EFO:0009747,WTC11,cell_line,adult,encode,single,True,0.9689387083053589,OutputType.CHIP_TF,,,ZNF184
1510,EFO:0009747 TF ChIP-seq ZNF232 genetically modified (insertion) using CRISPR targeting H. sapiens ZNF232,.,TF ChIP-seq,EFO:0009747,WTC11,cell_line,adult,encode,single,True,0.9380617737770081,OutputType.CHIP_TF,,,ZNF232
1511,EFO:0009747 TF ChIP-seq ZNF263 genetically modified (insertion) using CRISPR targeting H. sapiens ZNF263,.,TF ChIP-seq,EFO:0009747,WTC11,cell_line,adult,encode,single,True,0.8680908679962158,OutputType.CHIP_TF,,,ZNF263
1512,EFO:0009747 TF ChIP-seq ZNF423 genetically modified (insertion) using CRISPR targeting H. sapiens ZNF423,.,TF ChIP-seq,EFO:0009747,WTC11,cell_line,adult,encode,paired,True,0.8296818733215332,OutputType.CHIP_TF,,,ZNF423
1513,EFO:0030018 TF ChIP-seq Cebpa,.,TF ChIP-seq,EFO:0030018,BLaER1,cell_line,unknown,encode,single,False,0.9356332421302795,OutputType.CHIP_TF,,,Cebpa
1514,NTR:0000493 TF ChIP-seq CTCF,.,TF ChIP-seq,NTR:0000493,left ventricle myocardium inferior,tissue,adult,encode,single,False,0.8832361102104187,OutputType.CHIP_TF,,,CTCF
1515,NTR:0000512 TF ChIP-seq CTCF,.,TF ChIP-seq,NTR:0000512,nephron progenitor cell,in_vitro_differentiated_cells,embryonic,encode,single,False,0.8379740118980408,OutputType.CHIP_TF,,,CTCF
1516,NTR:0001226 TF ChIP-seq CTCF,.,TF ChIP-seq,NTR:0001226,parathyroid adenoma,tissue,adult,encode,single,False,0.7504282593727112,OutputType.CHIP_TF,,,CTCF
1517,UBERON:0000317 TF ChIP-seq CTCF,.,TF ChIP-seq,UBERON:0000317,colonic mucosa,tissue,adult,encode,single,False,0.9057393670082092,OutputType.CHIP_TF,,,CTCF
1518,UBERON:0000473 TF ChIP-seq CTCF,.,TF ChIP-seq,UBERON:0000473,testis,tissue,adult,encode,paired,False,0.7873856425285339,OutputType.CHIP_TF,,,CTCF
1519,UBERON:0000945 TF ChIP-seq CTCF,.,TF ChIP-seq,UBERON:0000945,stomach,tissue,adult,encode,paired,False,0.7626453638076782,OutputType.CHIP_TF,,,CTCF
1520,UBERON:0000945 TF ChIP-seq POLR2A,.,TF ChIP-seq,UBERON:0000945,stomach,tissue,adult,encode,paired,False,0.7864598631858826,OutputType.CHIP_TF,,,POLR2A
1521,UBERON:0000945 TF ChIP-seq POLR2AphosphoS5,.,TF ChIP-seq,UBERON:0000945,stomach,tissue,adult,encode,paired,False,0.771416962146759,OutputType.CHIP_TF,,,POLR2AphosphoS5
1522,UBERON:0000955 TF ChIP-seq CTCF,.,TF ChIP-seq,UBERON:0000955,brain,organoid,embryonic,encode,single,False,0.8069330453872681,OutputType.CHIP_TF,,,CTCF
1523,UBERON:0000992 TF ChIP-seq CTCF,.,TF ChIP-seq,UBERON:0000992,ovary,tissue,adult,encode,paired,False,0.7582445740699768,OutputType.CHIP_TF,,,CTCF
1524,UBERON:0000992 TF ChIP-seq POLR2A,.,TF ChIP-seq,UBERON:0000992,ovary,tissue,adult,encode,paired,False,0.8165345191955566,OutputType.CHIP_TF,,,POLR2A
1525,UBERON:0000995 TF ChIP-seq CTCF,.,TF ChIP-seq,UBERON:0000995,uterus,tissue,adult,encode,paired,False,0.771110475063324,OutputType.CHIP_TF,,,CTCF
1526,UBERON:0000995 TF ChIP-seq POLR2A,.,TF ChIP-seq,UBERON:0000995,uterus,tissue,adult,encode,paired,False,0.7721084356307983,OutputType.CHIP_TF,,,POLR2A
1527,UBERON:0000996 TF ChIP-seq CTCF,.,TF ChIP-seq,UBERON:0000996,vagina,tissue,adult,encode,paired,False,0.8318383097648621,OutputType.CHIP_TF,,,CTCF
1528,UBERON:0000996 TF ChIP-seq POLR2A,.,TF ChIP-seq,UBERON:0000996,vagina,tissue,adult,encode,paired,False,0.964464545249939,OutputType.CHIP_TF,,,POLR2A
1529,UBERON:0000996 TF ChIP-seq POLR2AphosphoS5,.,TF ChIP-seq,UBERON:0000996,vagina,tissue,adult,encode,paired,False,1.2727644443511963,OutputType.CHIP_TF,,,POLR2AphosphoS5
1530,UBERON:0001114 TF ChIP-seq CTCF,.,TF ChIP-seq,UBERON:0001114,right lobe of liver,tissue,adult,encode,paired,False,0.9131947159767151,OutputType.CHIP_TF,,,CTCF
1531,UBERON:0001114 TF ChIP-seq POLR2A,.,TF ChIP-seq,UBERON:0001114,right lobe of liver,tissue,adult,encode,paired,False,0.8642057776451111,OutputType.CHIP_TF,,,POLR2A
1532,UBERON:0001150 TF ChIP-seq CTCF,.,TF ChIP-seq,UBERON:0001150,body of pancreas,tissue,adult,encode,paired,False,0.633335530757904,OutputType.CHIP_TF,,,CTCF
1533,UBERON:0001150 TF ChIP-seq POLR2A,.,TF ChIP-seq,UBERON:0001150,body of pancreas,tissue,adult,encode,paired,False,0.6484247446060181,OutputType.CHIP_TF,,,POLR2A
1534,UBERON:0001157 TF ChIP-seq CTCF,.,TF ChIP-seq,UBERON:0001157,transverse colon,tissue,adult,encode,paired,False,0.7121732234954834,OutputType.CHIP_TF,,,CTCF
1535,UBERON:0001157 TF ChIP-seq EP300,.,TF ChIP-seq,UBERON:0001157,transverse colon,tissue,adult,encode,paired,False,1.2841821908950806,OutputType.CHIP_TF,,,EP300
1536,UBERON:0001157 TF ChIP-seq POLR2A,.,TF ChIP-seq,UBERON:0001157,transverse colon,tissue,adult,encode,paired,False,0.7271764874458313,OutputType.CHIP_TF,,,POLR2A
1537,UBERON:0001157 TF ChIP-seq POLR2AphosphoS5,.,TF ChIP-seq,UBERON:0001157,transverse colon,tissue,adult,encode,paired,False,0.7033071517944336,OutputType.CHIP_TF,,,POLR2AphosphoS5
1538,UBERON:0001159 TF ChIP-seq CTCF,.,TF ChIP-seq,UBERON:0001159,sigmoid colon,tissue,adult,encode,paired,False,0.7886322140693665,OutputType.CHIP_TF,,,CTCF
1539,UBERON:0001159 TF ChIP-seq EP300,.,TF ChIP-seq,UBERON:0001159,sigmoid colon,tissue,adult,encode,paired,False,0.7754862308502197,OutputType.CHIP_TF,,,EP300
1540,UBERON:0001159 TF ChIP-seq POLR2A,.,TF ChIP-seq,UBERON:0001159,sigmoid colon,tissue,adult,encode,paired,False,0.7840871214866638,OutputType.CHIP_TF,,,POLR2A
1541,UBERON:0001159 TF ChIP-seq POLR2AphosphoS5,.,TF ChIP-seq,UBERON:0001159,sigmoid colon,tissue,adult,encode,paired,False,0.6263894438743591,OutputType.CHIP_TF,,,POLR2AphosphoS5
1542,UBERON:0001211 TF ChIP-seq CTCF,.,TF ChIP-seq,UBERON:0001211,Peyer's patch,tissue,adult,encode,paired,False,0.7081467509269714,OutputType.CHIP_TF,,,CTCF
1543,UBERON:0001211 TF ChIP-seq POLR2A,.,TF ChIP-seq,UBERON:0001211,Peyer's patch,tissue,adult,encode,paired,False,0.7387370467185974,OutputType.CHIP_TF,,,POLR2A
1544,UBERON:0001264 TF ChIP-seq CTCF,.,TF ChIP-seq,UBERON:0001264,pancreas,tissue,adult,encode,single,False,0.8030033707618713,OutputType.CHIP_TF,,,CTCF
1545,UBERON:0001285 TF ChIP-seq CTCF,.,TF ChIP-seq,UBERON:0001285,nephron,organoid,embryonic,encode,single,False,0.7706100940704346,OutputType.CHIP_TF,,,CTCF
1546,UBERON:0001323 TF ChIP-seq CTCF,.,TF ChIP-seq,UBERON:0001323,tibial nerve,tissue,adult,encode,paired,False,0.6935438513755798,OutputType.CHIP_TF,,,CTCF
1547,UBERON:0001323 TF ChIP-seq EP300,.,TF ChIP-seq,UBERON:0001323,tibial nerve,tissue,adult,encode,paired,False,0.7660417556762695,OutputType.CHIP_TF,,,EP300
1548,UBERON:0001323 TF ChIP-seq POLR2A,.,TF ChIP-seq,UBERON:0001323,tibial nerve,tissue,adult,encode,paired,False,0.792539656162262,OutputType.CHIP_TF,,,POLR2A
1549,UBERON:0001496 TF ChIP-seq CTCF,.,TF ChIP-seq,UBERON:0001496,ascending aorta,tissue,adult,encode,paired,False,0.900669515132904,OutputType.CHIP_TF,,,CTCF
1550,UBERON:0001515 TF ChIP-seq CTCF,.,TF ChIP-seq,UBERON:0001515,thoracic aorta,tissue,adult,encode,single,False,0.9554325342178345,OutputType.CHIP_TF,,,CTCF
1551,UBERON:0001621 TF ChIP-seq CTCF,.,TF ChIP-seq,UBERON:0001621,coronary artery,tissue,adult,encode,single,False,0.9447802305221558,OutputType.CHIP_TF,,,CTCF
1552,UBERON:0001987 TF ChIP-seq CTCF,.,TF ChIP-seq,UBERON:0001987,placenta,tissue,embryonic,encode,single,False,0.7866734266281128,OutputType.CHIP_TF,,,CTCF
1553,UBERON:0002046 TF ChIP-seq CTCF,.,TF ChIP-seq,UBERON:0002046,thyroid gland,tissue,adult,encode,paired,False,0.6934561133384705,OutputType.CHIP_TF,,,CTCF
1554,UBERON:0002046 TF ChIP-seq POLR2A,.,TF ChIP-seq,UBERON:0002046,thyroid gland,tissue,adult,encode,paired,False,0.8287394046783447,OutputType.CHIP_TF,,,POLR2A
1555,UBERON:0002080 TF ChIP-seq CTCF,.,TF ChIP-seq,UBERON:0002080,heart right ventricle,tissue,adult,encode,single,False,0.7694967985153198,OutputType.CHIP_TF,,,CTCF
1556,UBERON:0002084 TF ChIP-seq CTCF,.,TF ChIP-seq,UBERON:0002084,heart left ventricle,tissue,adult,encode,single,False,0.7588516473770142,OutputType.CHIP_TF,,,CTCF
1557,UBERON:0002084 TF ChIP-seq POLR2A,.,TF ChIP-seq,UBERON:0002084,heart left ventricle,tissue,adult,encode,paired,False,1.0073192119598389,OutputType.CHIP_TF,,,POLR2A
1558,UBERON:0002106 TF ChIP-seq CTCF,.,TF ChIP-seq,UBERON:0002106,spleen,tissue,adult,encode,paired,False,0.7327548265457153,OutputType.CHIP_TF,,,CTCF
1559,UBERON:0002106 TF ChIP-seq POLR2A,.,TF ChIP-seq,UBERON:0002106,spleen,tissue,adult,encode,paired,False,0.8179008960723877,OutputType.CHIP_TF,,,POLR2A
1560,UBERON:0002106 TF ChIP-seq POLR2AphosphoS5,.,TF ChIP-seq,UBERON:0002106,spleen,tissue,adult,encode,paired,False,0.8303864002227783,OutputType.CHIP_TF,,,POLR2AphosphoS5
1561,UBERON:0002107 TF ChIP-seq ATF3,.,TF ChIP-seq,UBERON:0002107,liver,tissue,adult,encode,single,False,0.8291417360305786,OutputType.CHIP_TF,,,ATF3
1562,UBERON:0002107 TF ChIP-seq CTCF,.,TF ChIP-seq,UBERON:0002107,liver,tissue,"child,adult",encode,single,False,0.9286914467811584,OutputType.CHIP_TF,,,CTCF
1563,UBERON:0002107 TF ChIP-seq EGR1,.,TF ChIP-seq,UBERON:0002107,liver,tissue,adult,encode,single,False,0.9185616374015808,OutputType.CHIP_TF,,,EGR1
1564,UBERON:0002107 TF ChIP-seq FOXA1,.,TF ChIP-seq,UBERON:0002107,liver,tissue,adult,encode,single,False,0.9144059419631958,OutputType.CHIP_TF,,,FOXA1
1565,UBERON:0002107 TF ChIP-seq FOXA2,.,TF ChIP-seq,UBERON:0002107,liver,tissue,adult,encode,single,False,0.8166743516921997,OutputType.CHIP_TF,,,FOXA2
1566,UBERON:0002107 TF ChIP-seq GABPA,.,TF ChIP-seq,UBERON:0002107,liver,tissue,adult,encode,single,False,0.7945700287818909,OutputType.CHIP_TF,,,GABPA
1567,UBERON:0002107 TF ChIP-seq HNF4A,.,TF ChIP-seq,UBERON:0002107,liver,tissue,adult,encode,single,False,0.7481765151023865,OutputType.CHIP_TF,,,HNF4A
1568,UBERON:0002107 TF ChIP-seq HNF4G,.,TF ChIP-seq,UBERON:0002107,liver,tissue,child,encode,single,False,0.8060025572776794,OutputType.CHIP_TF,,,HNF4G
1569,UBERON:0002107 TF ChIP-seq JUND,.,TF ChIP-seq,UBERON:0002107,liver,tissue,adult,encode,single,False,0.8162035346031189,OutputType.CHIP_TF,,,JUND
1570,UBERON:0002107 TF ChIP-seq MAX,.,TF ChIP-seq,UBERON:0002107,liver,tissue,adult,encode,single,False,0.7345631718635559,OutputType.CHIP_TF,,,MAX
1571,UBERON:0002107 TF ChIP-seq NR2F2,.,TF ChIP-seq,UBERON:0002107,liver,tissue,adult,encode,single,False,0.843869686126709,OutputType.CHIP_TF,,,NR2F2
1572,UBERON:0002107 TF ChIP-seq RAD21,.,TF ChIP-seq,UBERON:0002107,liver,tissue,adult,encode,single,False,0.6999995112419128,OutputType.CHIP_TF,,,RAD21
1573,UBERON:0002107 TF ChIP-seq REST,.,TF ChIP-seq,UBERON:0002107,liver,tissue,adult,encode,single,False,0.8216601610183716,OutputType.CHIP_TF,,,REST
1574,UBERON:0002107 TF ChIP-seq RXRA,.,TF ChIP-seq,UBERON:0002107,liver,tissue,adult,encode,single,False,0.723956286907196,OutputType.CHIP_TF,,,RXRA
1575,UBERON:0002107 TF ChIP-seq SP1,.,TF ChIP-seq,UBERON:0002107,liver,tissue,adult,encode,single,False,0.7119137644767761,OutputType.CHIP_TF,,,SP1
1576,UBERON:0002107 TF ChIP-seq TAF1,.,TF ChIP-seq,UBERON:0002107,liver,tissue,child,encode,single,False,0.8605258464813232,OutputType.CHIP_TF,,,TAF1
1577,UBERON:0002107 TF ChIP-seq YY1,.,TF ChIP-seq,UBERON:0002107,liver,tissue,adult,encode,single,False,0.7411702275276184,OutputType.CHIP_TF,,,YY1
1578,UBERON:0002107 TF ChIP-seq ZBTB33,.,TF ChIP-seq,UBERON:0002107,liver,tissue,adult,encode,single,False,0.781875729560852,OutputType.CHIP_TF,,,ZBTB33
1579,UBERON:0002168 TF ChIP-seq CTCF,.,TF ChIP-seq,UBERON:0002168,left lung,tissue,adult,encode,single,False,0.8585008978843689,OutputType.CHIP_TF,,,CTCF
1580,UBERON:0002170 TF ChIP-seq CTCF,.,TF ChIP-seq,UBERON:0002170,upper lobe of right lung,tissue,adult,encode,single,False,0.872957706451416,OutputType.CHIP_TF,,,CTCF
1581,UBERON:0002171 TF ChIP-seq CTCF,.,TF ChIP-seq,UBERON:0002171,lower lobe of right lung,tissue,adult,encode,single,False,0.9048076272010803,OutputType.CHIP_TF,,,CTCF
1582,UBERON:0002367 TF ChIP-seq CTCF,.,TF ChIP-seq,UBERON:0002367,prostate gland,tissue,adult,encode,paired,False,0.7694512009620667,OutputType.CHIP_TF,,,CTCF
1583,UBERON:0002367 TF ChIP-seq POLR2A,.,TF ChIP-seq,UBERON:0002367,prostate gland,tissue,adult,encode,paired,False,0.8025744557380676,OutputType.CHIP_TF,,,POLR2A
1584,UBERON:0002367 TF ChIP-seq POLR2AphosphoS5,.,TF ChIP-seq,UBERON:0002367,prostate gland,tissue,adult,encode,paired,False,0.7898870706558228,OutputType.CHIP_TF,,,POLR2AphosphoS5
1585,UBERON:0002369 TF ChIP-seq CTCF,.,TF ChIP-seq,UBERON:0002369,adrenal gland,tissue,adult,encode,paired,False,0.6967421174049377,OutputType.CHIP_TF,,,CTCF
1586,UBERON:0002369 TF ChIP-seq POLR2A,.,TF ChIP-seq,UBERON:0002369,adrenal gland,tissue,adult,encode,paired,False,0.7263386249542236,OutputType.CHIP_TF,,,POLR2A
1587,UBERON:0004264 TF ChIP-seq CTCF,.,TF ChIP-seq,UBERON:0004264,lower leg skin,tissue,adult,encode,paired,False,0.7847298383712769,OutputType.CHIP_TF,,,CTCF
1588,UBERON:0004264 TF ChIP-seq POLR2A,.,TF ChIP-seq,UBERON:0004264,lower leg skin,tissue,adult,encode,paired,False,1.0131124258041382,OutputType.CHIP_TF,,,POLR2A
1589,UBERON:0004550 TF ChIP-seq CTCF,.,TF ChIP-seq,UBERON:0004550,gastroesophageal sphincter,tissue,adult,encode,paired,False,0.823535144329071,OutputType.CHIP_TF,,,CTCF
1590,UBERON:0004550 TF ChIP-seq EP300,.,TF ChIP-seq,UBERON:0004550,gastroesophageal sphincter,tissue,adult,encode,paired,False,1.166675090789795,OutputType.CHIP_TF,,,EP300
1591,UBERON:0004550 TF ChIP-seq POLR2A,.,TF ChIP-seq,UBERON:0004550,gastroesophageal sphincter,tissue,adult,encode,paired,False,0.7530485391616821,OutputType.CHIP_TF,,,POLR2A
1592,UBERON:0004550 TF ChIP-seq POLR2AphosphoS5,.,TF ChIP-seq,UBERON:0004550,gastroesophageal sphincter,tissue,adult,encode,paired,False,1.3049920797348022,OutputType.CHIP_TF,,,POLR2AphosphoS5
1593,UBERON:0004648 TF ChIP-seq CTCF,.,TF ChIP-seq,UBERON:0004648,esophagus muscularis mucosa,tissue,adult,encode,paired,False,0.7832911610603333,OutputType.CHIP_TF,,,CTCF
1594,UBERON:0004648 TF ChIP-seq POLR2A,.,TF ChIP-seq,UBERON:0004648,esophagus muscularis mucosa,tissue,adult,encode,paired,False,1.0356718301773071,OutputType.CHIP_TF,,,POLR2A
1595,UBERON:0004648 TF ChIP-seq POLR2AphosphoS5,.,TF ChIP-seq,UBERON:0004648,esophagus muscularis mucosa,tissue,adult,encode,paired,False,0.6784900426864624,OutputType.CHIP_TF,,,POLR2AphosphoS5
1596,UBERON:0004992 TF ChIP-seq CTCF,.,TF ChIP-seq,UBERON:0004992,mucosa of descending colon,tissue,adult,encode,single,False,0.9853171110153198,OutputType.CHIP_TF,,,CTCF
1597,UBERON:0006631 TF ChIP-seq CTCF,.,TF ChIP-seq,UBERON:0006631,right atrium auricular region,tissue,adult,encode,single,False,0.8300953507423401,OutputType.CHIP_TF,,,CTCF
1598,UBERON:0006920 TF ChIP-seq CTCF,.,TF ChIP-seq,UBERON:0006920,esophagus squamous epithelium,tissue,adult,encode,paired,False,0.7643803954124451,OutputType.CHIP_TF,,,CTCF
1599,UBERON:0006920 TF ChIP-seq POLR2A,.,TF ChIP-seq,UBERON:0006920,esophagus squamous epithelium,tissue,adult,encode,paired,False,0.7627233862876892,OutputType.CHIP_TF,,,POLR2A
1600,UBERON:0007610 TF ChIP-seq CTCF,.,TF ChIP-seq,UBERON:0007610,tibial artery,tissue,adult,encode,paired,False,1.0073471069335938,OutputType.CHIP_TF,,,CTCF
1601,UBERON:0008367 TF ChIP-seq CTCF,.,TF ChIP-seq,UBERON:0008367,breast epithelium,tissue,adult,encode,paired,False,0.788176953792572,OutputType.CHIP_TF,,,CTCF
1602,UBERON:0008367 TF ChIP-seq POLR2A,.,TF ChIP-seq,UBERON:0008367,breast epithelium,tissue,adult,encode,paired,False,0.8360593318939209,OutputType.CHIP_TF,,,POLR2A
1603,UBERON:0008367 TF ChIP-seq POLR2AphosphoS5,.,TF ChIP-seq,UBERON:0008367,breast epithelium,tissue,adult,encode,paired,False,0.8178426623344421,OutputType.CHIP_TF,,,POLR2AphosphoS5
1604,UBERON:0008450 TF ChIP-seq CTCF,.,TF ChIP-seq,UBERON:0008450,psoas muscle,tissue,adult,encode,single,False,1.0725865364074707,OutputType.CHIP_TF,,,CTCF
1605,UBERON:0008952 TF ChIP-seq CTCF,.,TF ChIP-seq,UBERON:0008952,upper lobe of left lung,tissue,adult,encode,paired,False,0.7110802531242371,OutputType.CHIP_TF,,,CTCF
1606,UBERON:0008952 TF ChIP-seq EP300,.,TF ChIP-seq,UBERON:0008952,upper lobe of left lung,tissue,adult,encode,paired,False,0.7667781710624695,OutputType.CHIP_TF,,,EP300
1607,UBERON:0008952 TF ChIP-seq POLR2A,.,TF ChIP-seq,UBERON:0008952,upper lobe of left lung,tissue,adult,encode,paired,False,0.7265744805335999,OutputType.CHIP_TF,,,POLR2A
1608,UBERON:0008952 TF ChIP-seq POLR2AphosphoS5,.,TF ChIP-seq,UBERON:0008952,upper lobe of left lung,tissue,adult,encode,paired,False,0.8310160636901855,OutputType.CHIP_TF,,,POLR2AphosphoS5
1609,UBERON:0008953 TF ChIP-seq CTCF,.,TF ChIP-seq,UBERON:0008953,lower lobe of left lung,tissue,adult,encode,single,False,0.8122490644454956,OutputType.CHIP_TF,,,CTCF
1610,UBERON:0009834 TF ChIP-seq CTCF,.,TF ChIP-seq,UBERON:0009834,dorsolateral prefrontal cortex,tissue,adult,encode,single,False,0.7808154821395874,OutputType.CHIP_TF,,,CTCF
1611,UBERON:0010414 TF ChIP-seq CTCF,.,TF ChIP-seq,UBERON:0010414,omental fat pad,tissue,adult,encode,paired,False,0.8262284398078918,OutputType.CHIP_TF,,,CTCF
1612,UBERON:0011907 TF ChIP-seq CTCF,.,TF ChIP-seq,UBERON:0011907,gastrocnemius medialis,tissue,adult,encode,paired,False,0.7411857843399048,OutputType.CHIP_TF,,,CTCF
1613,UBERON:0011907 TF ChIP-seq POLR2A,.,TF ChIP-seq,UBERON:0011907,gastrocnemius medialis,tissue,adult,encode,paired,False,0.6961440443992615,OutputType.CHIP_TF,,,POLR2A
1614,UBERON:0036149 TF ChIP-seq CTCF,.,TF ChIP-seq,UBERON:0036149,suprapubic skin,tissue,adult,encode,paired,False,0.7931932210922241,OutputType.CHIP_TF,,,CTCF
1615,UBERON:0036149 TF ChIP-seq POLR2A,.,TF ChIP-seq,UBERON:0036149,suprapubic skin,tissue,adult,encode,paired,False,0.898074746131897,OutputType.CHIP_TF,,,POLR2A
1616,UBERON:0036149 TF ChIP-seq POLR2AphosphoS5,.,TF ChIP-seq,UBERON:0036149,suprapubic skin,tissue,adult,encode,paired,False,0.8308342099189758,OutputType.CHIP_TF,,,POLR2AphosphoS5
0,donor,+,,,,,,,,,,OutputType.SPLICE_SITES,,,
1,acceptor,+,,,,,,,,,,OutputType.SPLICE_SITES,,,
2,donor,-,,,,,,,,,,OutputType.SPLICE_SITES,,,
3,acceptor,-,,,,,,,,,,OutputType.SPLICE_SITES,,,
0,usage_CL:0000047 polyA plus RNA-seq,+,polyA plus RNA-seq,CL:0000047,neuronal stem cell,in_vitro_differentiated_cells,embryonic,encode,,,,OutputType.SPLICE_SITE_USAGE,,,
1,usage_CL:0000062 total RNA-seq,+,total RNA-seq,CL:0000062,osteoblast,primary_cell,adult,encode,,,,OutputType.SPLICE_SITE_USAGE,,,
2,usage_CL:0000084 polyA plus RNA-seq,+,polyA plus RNA-seq,CL:0000084,T-cell,primary_cell,adult,encode,,,,OutputType.SPLICE_SITE_USAGE,,,
3,usage_CL:0000084 total RNA-seq,+,total RNA-seq,CL:0000084,T-cell,primary_cell,adult,encode,,,,OutputType.SPLICE_SITE_USAGE,,,
4,usage_CL:0000100 total RNA-seq,+,total RNA-seq,CL:0000100,motor neuron,in_vitro_differentiated_cells,adult,encode,,,,OutputType.SPLICE_SITE_USAGE,,,
5,usage_CL:0000115 total RNA-seq,+,total RNA-seq,CL:0000115,endothelial cell,in_vitro_differentiated_cells,adult,encode,,,,OutputType.SPLICE_SITE_USAGE,,,
6,usage_CL:0000121 polyA plus RNA-seq,+,polyA plus RNA-seq,CL:0000121,Purkinje cell,primary_cell,child,encode,,,,OutputType.SPLICE_SITE_USAGE,,,
7,usage_CL:0000127 total RNA-seq,+,total RNA-seq,CL:0000127,astrocyte,primary_cell,unknown,encode,,,,OutputType.SPLICE_SITE_USAGE,,,
8,usage_CL:0000134 polyA plus RNA-seq,+,polyA plus RNA-seq,CL:0000134,mesenchymal stem cell,in_vitro_differentiated_cells,embryonic,encode,,,,OutputType.SPLICE_SITE_USAGE,,,
9,usage_CL:0000137 total RNA-seq,+,total RNA-seq,CL:0000137,osteocyte,in_vitro_differentiated_cells,embryonic,encode,,,,OutputType.SPLICE_SITE_USAGE,,,
10,usage_CL:0000138 total RNA-seq,+,total RNA-seq,CL:0000138,chondrocyte,in_vitro_differentiated_cells,embryonic,encode,,,,OutputType.SPLICE_SITE_USAGE,,,
11,usage_CL:0000169 total RNA-seq,+,total RNA-seq,CL:0000169,type B pancreatic cell,in_vitro_differentiated_cells,embryonic,encode,,,,OutputType.SPLICE_SITE_USAGE,,,
12,usage_CL:0000182 polyA plus RNA-seq,+,polyA plus RNA-seq,CL:0000182,hepatocyte,in_vitro_differentiated_cells,embryonic,encode,,,,OutputType.SPLICE_SITE_USAGE,,,
13,usage_CL:0000182 total RNA-seq,+,total RNA-seq,CL:0000182,hepatocyte,in_vitro_differentiated_cells,embryonic,encode,,,,OutputType.SPLICE_SITE_USAGE,,,
14,usage_CL:0000187 polyA plus RNA-seq,+,polyA plus RNA-seq,CL:0000187,myocyte,in_vitro_differentiated_cells,adult,encode,,,,OutputType.SPLICE_SITE_USAGE,,,
15,usage_CL:0000187 total RNA-seq,+,total RNA-seq,CL:0000187,myocyte,in_vitro_differentiated_cells,adult,encode,,,,OutputType.SPLICE_SITE_USAGE,,,
16,usage_CL:0000192 polyA plus RNA-seq,+,polyA plus RNA-seq,CL:0000192,smooth muscle cell,in_vitro_differentiated_cells,embryonic,encode,,,,OutputType.SPLICE_SITE_USAGE,,,
17,usage_CL:0000192 total RNA-seq,+,total RNA-seq,CL:0000192,smooth muscle cell,in_vitro_differentiated_cells,embryonic,encode,,,,OutputType.SPLICE_SITE_USAGE,,,
18,usage_CL:0000221 polyA plus RNA-seq,+,polyA plus RNA-seq,CL:0000221,ectodermal cell,in_vitro_differentiated_cells,embryonic,encode,,,,OutputType.SPLICE_SITE_USAGE,,,
19,usage_CL:0000222 polyA plus RNA-seq,+,polyA plus RNA-seq,CL:0000222,mesodermal cell,in_vitro_differentiated_cells,embryonic,encode,,,,OutputType.SPLICE_SITE_USAGE,,,
20,usage_CL:0000223 polyA plus RNA-seq,+,polyA plus RNA-seq,CL:0000223,endodermal cell,in_vitro_differentiated_cells,embryonic,encode,,,,OutputType.SPLICE_SITE_USAGE,,,
21,usage_CL:0000223 total RNA-seq,+,total RNA-seq,CL:0000223,endodermal cell,in_vitro_differentiated_cells,embryonic,encode,,,,OutputType.SPLICE_SITE_USAGE,,,
22,usage_CL:0000236 polyA plus RNA-seq,+,polyA plus RNA-seq,CL:0000236,B cell,primary_cell,adult,encode,,,,OutputType.SPLICE_SITE_USAGE,,,
23,usage_CL:0000236 total RNA-seq,+,total RNA-seq,CL:0000236,B cell,primary_cell,adult,encode,,,,OutputType.SPLICE_SITE_USAGE,,,
24,usage_CL:0000307 total RNA-seq,+,total RNA-seq,CL:0000307,tracheal epithelial cell,primary_cell,adult,encode,,,,OutputType.SPLICE_SITE_USAGE,,,
25,usage_CL:0000312 polyA plus RNA-seq,+,polyA plus RNA-seq,CL:0000312,keratinocyte,primary_cell,unknown,encode,,,,OutputType.SPLICE_SITE_USAGE,,,
26,usage_CL:0000346 total RNA-seq,+,total RNA-seq,CL:0000346,hair follicle dermal papilla cell,primary_cell,adult,encode,,,,OutputType.SPLICE_SITE_USAGE,,,
27,usage_CL:0000351 polyA plus RNA-seq,+,polyA plus RNA-seq,CL:0000351,trophoblast cell,in_vitro_differentiated_cells,embryonic,encode,,,,OutputType.SPLICE_SITE_USAGE,,,
28,usage_CL:0000515 polyA plus RNA-seq,+,polyA plus RNA-seq,CL:0000515,skeletal muscle myoblast,primary_cell,unknown,encode,,,,OutputType.SPLICE_SITE_USAGE,,,
29,usage_CL:0000515 total RNA-seq,+,total RNA-seq,CL:0000515,skeletal muscle myoblast,primary_cell,unknown,encode,,,,OutputType.SPLICE_SITE_USAGE,,,
30,usage_CL:0000594 total RNA-seq,+,total RNA-seq,CL:0000594,skeletal muscle satellite cell,primary_cell,adult,encode,,,,OutputType.SPLICE_SITE_USAGE,,,
31,usage_CL:0000623 polyA plus RNA-seq,+,polyA plus RNA-seq,CL:0000623,natural killer cell,primary_cell,adult,encode,,,,OutputType.SPLICE_SITE_USAGE,,,
32,usage_CL:0000623 total RNA-seq,+,total RNA-seq,CL:0000623,natural killer cell,primary_cell,adult,encode,,,,OutputType.SPLICE_SITE_USAGE,,,
33,usage_CL:0000624 polyA plus RNA-seq,+,polyA plus RNA-seq,CL:0000624,"CD4-positive, alpha-beta T cell",primary_cell,adult,encode,,,,OutputType.SPLICE_SITE_USAGE,,,
34,usage_CL:0000624 total RNA-seq,+,total RNA-seq,CL:0000624,"CD4-positive, alpha-beta T cell",primary_cell,adult,encode,,,,OutputType.SPLICE_SITE_USAGE,,,
35,usage_CL:0000625 polyA plus RNA-seq,+,polyA plus RNA-seq,CL:0000625,"CD8-positive, alpha-beta T cell",primary_cell,adult,encode,,,,OutputType.SPLICE_SITE_USAGE,,,
36,usage_CL:0000625 total RNA-seq,+,total RNA-seq,CL:0000625,"CD8-positive, alpha-beta T cell",primary_cell,adult,encode,,,,OutputType.SPLICE_SITE_USAGE,,,
37,usage_CL:0000650 total RNA-seq,+,total RNA-seq,CL:0000650,mesangial cell,primary_cell,"unknown,embryonic",encode,,,,OutputType.SPLICE_SITE_USAGE,,,
38,usage_CL:0000679 total RNA-seq,+,total RNA-seq,CL:0000679,glutamatergic neuron,in_vitro_differentiated_cells,adult,encode,,,,OutputType.SPLICE_SITE_USAGE,,,
39,usage_CL:0000746 polyA plus RNA-seq,+,polyA plus RNA-seq,CL:0000746,cardiac muscle cell,in_vitro_differentiated_cells,embryonic,encode,,,,OutputType.SPLICE_SITE_USAGE,,,
40,usage_CL:0000746 total RNA-seq,+,total RNA-seq,CL:0000746,cardiac muscle cell,in_vitro_differentiated_cells,embryonic,encode,,,,OutputType.SPLICE_SITE_USAGE,,,
41,usage_CL:0000788 polyA plus RNA-seq,+,polyA plus RNA-seq,CL:0000788,naive B cell,primary_cell,unknown,encode,,,,OutputType.SPLICE_SITE_USAGE,,,
42,usage_CL:0000792 polyA plus RNA-seq,+,polyA plus RNA-seq,CL:0000792,"CD4-positive, CD25-positive, alpha-beta regulatory T cell",primary_cell,unknown,encode,,,,OutputType.SPLICE_SITE_USAGE,,,
43,usage_CL:0000823 polyA plus RNA-seq,+,polyA plus RNA-seq,CL:0000823,immature natural killer cell,primary_cell,unknown,encode,,,,OutputType.SPLICE_SITE_USAGE,,,
44,usage_CL:0000837 total RNA-seq,+,total RNA-seq,CL:0000837,hematopoietic multipotent progenitor cell,in_vitro_differentiated_cells,unknown,encode,,,,OutputType.SPLICE_SITE_USAGE,,,
45,usage_CL:0000842 total RNA-seq,+,total RNA-seq,CL:0000842,mononuclear cell,primary_cell,adult,encode,,,,OutputType.SPLICE_SITE_USAGE,,,
46,usage_CL:0000895 polyA plus RNA-seq,+,polyA plus RNA-seq,CL:0000895,"naive thymus-derived CD4-positive, alpha-beta T cell",primary_cell,unknown,encode,,,,OutputType.SPLICE_SITE_USAGE,,,
47,usage_CL:0000895 total RNA-seq,+,total RNA-seq,CL:0000895,"naive thymus-derived CD4-positive, alpha-beta T cell",primary_cell,adult,encode,,,,OutputType.SPLICE_SITE_USAGE,,,
48,usage_CL:0000897 polyA plus RNA-seq,+,polyA plus RNA-seq,CL:0000897,"CD4-positive, alpha-beta memory T cell",primary_cell,unknown,encode,,,,OutputType.SPLICE_SITE_USAGE,,,
49,usage_CL:0000897 total RNA-seq,+,total RNA-seq,CL:0000897,"CD4-positive, alpha-beta memory T cell",primary_cell,adult,encode,,,,OutputType.SPLICE_SITE_USAGE,,,
50,usage_CL:0000900 polyA plus RNA-seq,+,polyA plus RNA-seq,CL:0000900,"naive thymus-derived CD8-positive, alpha-beta T cell",primary_cell,unknown,encode,,,,OutputType.SPLICE_SITE_USAGE,,,
51,usage_CL:0000900 total RNA-seq,+,total RNA-seq,CL:0000900,"naive thymus-derived CD8-positive, alpha-beta T cell",primary_cell,adult,encode,,,,OutputType.SPLICE_SITE_USAGE,,,
52,usage_CL:0000909 polyA plus RNA-seq,+,polyA plus RNA-seq,CL:0000909,"CD8-positive, alpha-beta memory T cell",primary_cell,unknown,encode,,,,OutputType.SPLICE_SITE_USAGE,,,
53,usage_CL:0000909 total RNA-seq,+,total RNA-seq,CL:0000909,"CD8-positive, alpha-beta memory T cell",primary_cell,adult,encode,,,,OutputType.SPLICE_SITE_USAGE,,,
54,usage_CL:0001053 polyA plus RNA-seq,+,polyA plus RNA-seq,CL:0001053,IgD-negative memory B cell,primary_cell,unknown,encode,,,,OutputType.SPLICE_SITE_USAGE,,,
55,usage_CL:0001054 polyA plus RNA-seq,+,polyA plus RNA-seq,CL:0001054,CD14-positive monocyte,primary_cell,adult,encode,,,,OutputType.SPLICE_SITE_USAGE,,,
56,usage_CL:0001059 polyA plus RNA-seq,+,polyA plus RNA-seq,CL:0001059,"common myeloid progenitor, CD34-positive",primary_cell,adult,encode,,,,OutputType.SPLICE_SITE_USAGE,,,
57,usage_CL:0002098 total RNA-seq,+,total RNA-seq,CL:0002098,regular cardiac myocyte,primary_cell,adult,encode,,,,OutputType.SPLICE_SITE_USAGE,,,
58,usage_CL:0002188 total RNA-seq,+,total RNA-seq,CL:0002188,glomerular endothelial cell,primary_cell,embryonic,encode,,,,OutputType.SPLICE_SITE_USAGE,,,
59,usage_CL:0002306 total RNA-seq,+,total RNA-seq,CL:0002306,epithelial cell of proximal tubule,primary_cell,unknown,encode,,,,OutputType.SPLICE_SITE_USAGE,,,
60,usage_CL:0002319 polyA plus RNA-seq,+,polyA plus RNA-seq,CL:0002319,neural cell,in_vitro_differentiated_cells,embryonic,encode,,,,OutputType.SPLICE_SITE_USAGE,,,
61,usage_CL:0002324 polyA plus RNA-seq,+,polyA plus RNA-seq,CL:0002324,myoepithelial cell of mammary gland,primary_cell,adult,encode,,,,OutputType.SPLICE_SITE_USAGE,,,
62,usage_CL:0002326 polyA plus RNA-seq,+,polyA plus RNA-seq,CL:0002326,luminal epithelial cell of mammary gland,primary_cell,adult,encode,,,,OutputType.SPLICE_SITE_USAGE,,,
63,usage_CL:0002327 polyA plus RNA-seq,+,polyA plus RNA-seq,CL:0002327,mammary epithelial cell,primary_cell,adult,encode,,,,OutputType.SPLICE_SITE_USAGE,,,
64,usage_CL:0002327 total RNA-seq,+,total RNA-seq,CL:0002327,mammary epithelial cell,primary_cell,adult,encode,,,,OutputType.SPLICE_SITE_USAGE,,,
65,usage_CL:0002328 total RNA-seq,+,total RNA-seq,CL:0002328,bronchial epithelial cell,primary_cell,adult,encode,,,,OutputType.SPLICE_SITE_USAGE,,,
66,usage_CL:0002351 total RNA-seq,+,total RNA-seq,CL:0002351,progenitor cell of endocrine pancreas,in_vitro_differentiated_cells,embryonic,encode,,,,OutputType.SPLICE_SITE_USAGE,,,
67,usage_CL:0002366 total RNA-seq,+,total RNA-seq,CL:0002366,myometrial cell,primary_cell,adult,encode,,,,OutputType.SPLICE_SITE_USAGE,,,
68,usage_CL:0002368 total RNA-seq,+,total RNA-seq,CL:0002368,airway epithelial cell,primary_cell,unknown,encode,,,,OutputType.SPLICE_SITE_USAGE,,,
69,usage_CL:0002372 total RNA-seq,+,total RNA-seq,CL:0002372,myotube,in_vitro_differentiated_cells,unknown,encode,,,,OutputType.SPLICE_SITE_USAGE,,,
70,usage_CL:0002451 polyA plus RNA-seq,+,polyA plus RNA-seq,CL:0002451,mammary stem cell,primary_cell,adult,encode,,,,OutputType.SPLICE_SITE_USAGE,,,
71,usage_CL:0002518 total RNA-seq,+,total RNA-seq,CL:0002518,kidney epithelial cell,primary_cell,"embryonic,newborn",encode,,,,OutputType.SPLICE_SITE_USAGE,,,
72,usage_CL:0002539 total RNA-seq,+,total RNA-seq,CL:0002539,aortic smooth muscle cell,primary_cell,adult,encode,,,,OutputType.SPLICE_SITE_USAGE,,,
73,usage_CL:0002540 total RNA-seq,+,total RNA-seq,CL:0002540,mesenchymal stem cell of the bone marrow,primary_cell,adult,encode,,,,OutputType.SPLICE_SITE_USAGE,,,
74,usage_CL:0002543 total RNA-seq,+,total RNA-seq,CL:0002543,vein endothelial cell,primary_cell,adult,encode,,,,OutputType.SPLICE_SITE_USAGE,,,
75,usage_CL:0002545 total RNA-seq,+,total RNA-seq,CL:0002545,thoracic aorta endothelial cell,primary_cell,adult,encode,,,,OutputType.SPLICE_SITE_USAGE,,,
76,usage_CL:0002547 total RNA-seq,+,total RNA-seq,CL:0002547,fibroblast of the aortic adventitia,primary_cell,adult,encode,,,,OutputType.SPLICE_SITE_USAGE,,,
77,usage_CL:0002551 total RNA-seq,+,total RNA-seq,CL:0002551,fibroblast of dermis,primary_cell,adult,encode,,,,OutputType.SPLICE_SITE_USAGE,,,
78,usage_CL:0002553 polyA plus RNA-seq,+,polyA plus RNA-seq,CL:0002553,fibroblast of lung,primary_cell,adult,encode,,,,OutputType.SPLICE_SITE_USAGE,,,
79,usage_CL:0002553 total RNA-seq,+,total RNA-seq,CL:0002553,fibroblast of lung,primary_cell,adult,encode,,,,OutputType.SPLICE_SITE_USAGE,,,
80,usage_CL:0002558 total RNA-seq,+,total RNA-seq,CL:0002558,fibroblast of villous mesenchyme,primary_cell,newborn,encode,,,,OutputType.SPLICE_SITE_USAGE,,,
81,usage_CL:0002568 total RNA-seq,+,total RNA-seq,CL:0002568,mesenchymal stem cell of Wharton's jelly,primary_cell,newborn,encode,,,,OutputType.SPLICE_SITE_USAGE,,,
82,usage_CL:0002570 total RNA-seq,+,total RNA-seq,CL:0002570,mesenchymal stem cell of adipose,primary_cell,adult,encode,,,,OutputType.SPLICE_SITE_USAGE,,,
83,usage_CL:0002577 total RNA-seq,+,total RNA-seq,CL:0002577,placental epithelial cell,primary_cell,newborn,encode,,,,OutputType.SPLICE_SITE_USAGE,,,
84,usage_CL:0002583 total RNA-seq,+,total RNA-seq,CL:0002583,subcutaneous preadipocyte,primary_cell,adult,encode,,,,OutputType.SPLICE_SITE_USAGE,,,
85,usage_CL:0002584 total RNA-seq,+,total RNA-seq,CL:0002584,renal cortical epithelial cell,primary_cell,adult,encode,,,,OutputType.SPLICE_SITE_USAGE,,,
86,usage_CL:0002591 total RNA-seq,+,total RNA-seq,CL:0002591,smooth muscle cell of the pulmonary artery,primary_cell,adult,encode,,,,OutputType.SPLICE_SITE_USAGE,,,
87,usage_CL:0002592 total RNA-seq,+,total RNA-seq,CL:0002592,smooth muscle cell of the coronary artery,primary_cell,adult,encode,,,,OutputType.SPLICE_SITE_USAGE,,,
88,usage_CL:0002594 total RNA-seq,+,total RNA-seq,CL:0002594,smooth muscle cell of the umbilical artery,primary_cell,newborn,encode,,,,OutputType.SPLICE_SITE_USAGE,,,
89,usage_CL:0002597 total RNA-seq,+,total RNA-seq,CL:0002597,smooth muscle cell of bladder,primary_cell,adult,encode,,,,OutputType.SPLICE_SITE_USAGE,,,
90,usage_CL:0002598 total RNA-seq,+,total RNA-seq,CL:0002598,bronchial smooth muscle cell,primary_cell,adult,encode,,,,OutputType.SPLICE_SITE_USAGE,,,
91,usage_CL:0002600 total RNA-seq,+,total RNA-seq,CL:0002600,smooth muscle cell of trachea,primary_cell,adult,encode,,,,OutputType.SPLICE_SITE_USAGE,,,
92,usage_CL:0002601 total RNA-seq,+,total RNA-seq,CL:0002601,uterine smooth muscle cell,primary_cell,adult,encode,,,,OutputType.SPLICE_SITE_USAGE,,,
93,usage_CL:0002618 polyA plus RNA-seq,+,polyA plus RNA-seq,CL:0002618,endothelial cell of umbilical vein,primary_cell,newborn,encode,,,,OutputType.SPLICE_SITE_USAGE,,,
94,usage_CL:0002618 total RNA-seq,+,total RNA-seq,CL:0002618,endothelial cell of umbilical vein,primary_cell,newborn,encode,,,,OutputType.SPLICE_SITE_USAGE,,,
95,usage_CL:0010002 total RNA-seq,+,total RNA-seq,CL:0010002,epithelial cell of umbilical artery,primary_cell,newborn,encode,,,,OutputType.SPLICE_SITE_USAGE,,,
96,usage_CL:0010003 total RNA-seq,+,total RNA-seq,CL:0010003,epithelial cell of alveolus of lung,primary_cell,"unknown,embryonic",encode,,,,OutputType.SPLICE_SITE_USAGE,,,
97,usage_CL:0011012 total RNA-seq,+,total RNA-seq,CL:0011012,neural crest cell,in_vitro_differentiated_cells,embryonic,encode,,,,OutputType.SPLICE_SITE_USAGE,,,
98,usage_CL:0011019 total RNA-seq,+,total RNA-seq,CL:0011019,mesothelial cell of epicardium,in_vitro_differentiated_cells,embryonic,encode,,,,OutputType.SPLICE_SITE_USAGE,,,
99,usage_CL:0011020 total RNA-seq,+,total RNA-seq,CL:0011020,neural progenitor cell,in_vitro_differentiated_cells,embryonic,encode,,,,OutputType.SPLICE_SITE_USAGE,,,
100,usage_CL:0011022 polyA plus RNA-seq,+,polyA plus RNA-seq,CL:0011022,fibroblast of skin of back,primary_cell,embryonic,encode,,,,OutputType.SPLICE_SITE_USAGE,,,
101,usage_CL:1000458 total RNA-seq,+,total RNA-seq,CL:1000458,melanocyte of skin,primary_cell,adult,encode,,,,OutputType.SPLICE_SITE_USAGE,,,
102,usage_CL:1001568 total RNA-seq,+,total RNA-seq,CL:1001568,pulmonary artery endothelial cell,primary_cell,adult,encode,,,,OutputType.SPLICE_SITE_USAGE,,,
103,usage_CL:1001606 polyA plus RNA-seq,+,polyA plus RNA-seq,CL:1001606,foreskin keratinocyte,primary_cell,newborn,encode,,,,OutputType.SPLICE_SITE_USAGE,,,
104,usage_CL:1001606 total RNA-seq,+,total RNA-seq,CL:1001606,foreskin keratinocyte,primary_cell,newborn,encode,,,,OutputType.SPLICE_SITE_USAGE,,,
105,usage_CL:1001608 polyA plus RNA-seq,+,polyA plus RNA-seq,CL:1001608,foreskin fibroblast,primary_cell,newborn,encode,,,,OutputType.SPLICE_SITE_USAGE,,,
106,usage_CL:2000001 polyA plus RNA-seq,+,polyA plus RNA-seq,CL:2000001,peripheral blood mononuclear cell,primary_cell,adult,encode,,,,OutputType.SPLICE_SITE_USAGE,,,
107,usage_CL:2000007 total RNA-seq,+,total RNA-seq,CL:2000007,articular chondrocyte of knee joint,primary_cell,adult,encode,,,,OutputType.SPLICE_SITE_USAGE,,,
108,usage_CL:2000010 total RNA-seq,+,total RNA-seq,CL:2000010,dermis blood vessel endothelial cell,primary_cell,child,encode,,,,OutputType.SPLICE_SITE_USAGE,,,
109,usage_CL:2000011 total RNA-seq,+,total RNA-seq,CL:2000011,dermis lymphatic vessel endothelial cell,primary_cell,"child,adult",encode,,,,OutputType.SPLICE_SITE_USAGE,,,
110,usage_CL:2000013 polyA plus RNA-seq,+,polyA plus RNA-seq,CL:2000013,fibroblast of skin of abdomen,primary_cell,embryonic,encode,,,,OutputType.SPLICE_SITE_USAGE,,,
111,usage_CL:2000016 total RNA-seq,+,total RNA-seq,CL:2000016,lung microvascular endothelial cell,primary_cell,adult,encode,,,,OutputType.SPLICE_SITE_USAGE,,,
112,usage_CL:2000018 total RNA-seq,+,total RNA-seq,CL:2000018,endothelial cell of coronary artery,primary_cell,adult,encode,,,,OutputType.SPLICE_SITE_USAGE,,,
113,usage_CL:2000040 total RNA-seq,+,total RNA-seq,CL:2000040,bladder microvascular endothelial cell,primary_cell,adult,encode,,,,OutputType.SPLICE_SITE_USAGE,,,
114,usage_CL:2000041 total RNA-seq,+,total RNA-seq,CL:2000041,dermis microvascular lymphatic vessel endothelial cell,primary_cell,adult,encode,,,,OutputType.SPLICE_SITE_USAGE,,,
115,usage_CL:2000045 polyA plus RNA-seq,+,polyA plus RNA-seq,CL:2000045,foreskin melanocyte,primary_cell,newborn,encode,,,,OutputType.SPLICE_SITE_USAGE,,,
116,usage_CL:2000066 total RNA-seq,+,total RNA-seq,CL:2000066,cardiac ventricle fibroblast,primary_cell,"adult,unknown",encode,,,,OutputType.SPLICE_SITE_USAGE,,,
117,usage_CL:2000067 total RNA-seq,+,total RNA-seq,CL:2000067,cardiac atrium fibroblast,primary_cell,child,encode,,,,OutputType.SPLICE_SITE_USAGE,,,
118,usage_CL:2000068 total RNA-seq,+,total RNA-seq,CL:2000068,pericardium fibroblast,primary_cell,"embryonic,unknown",encode,,,,OutputType.SPLICE_SITE_USAGE,,,
119,usage_CL:2000071 total RNA-seq,+,total RNA-seq,CL:2000071,mammary microvascular endothelial cell,primary_cell,adult,encode,,,,OutputType.SPLICE_SITE_USAGE,,,
120,usage_CL:2000078 total RNA-seq,+,total RNA-seq,CL:2000078,placental pericyte,primary_cell,newborn,encode,,,,OutputType.SPLICE_SITE_USAGE,,,
121,usage_CL:2000092 total RNA-seq,+,total RNA-seq,CL:2000092,hair follicular keratinocyte,primary_cell,adult,encode,,,,OutputType.SPLICE_SITE_USAGE,,,
122,usage_CL:2000093 total RNA-seq,+,total RNA-seq,CL:2000093,bronchus fibroblast of lung,primary_cell,unknown,encode,,,,OutputType.SPLICE_SITE_USAGE,,,
123,usage_CL:2000094 total RNA-seq,+,total RNA-seq,CL:2000094,nasal cavity respiratory epithelium epithelial cell of viscerocranial mucosa,primary_cell,adult,encode,,,,OutputType.SPLICE_SITE_USAGE,,,
124,usage_CLO:0007045 polyA plus RNA-seq,+,polyA plus RNA-seq,CLO:0007045,"Jurkat, Clone E6-1",cell_line,child,encode,,,,OutputType.SPLICE_SITE_USAGE,,,
125,usage_EFO:0000572 gtex Cells_EBV-transformed_lymphocytes polyA plus RNA-seq,+,polyA plus RNA-seq,EFO:0000572,lymphoblast,tissue,adult,gtex,,,,OutputType.SPLICE_SITE_USAGE,Cells_EBV-transformed_lymphocytes,,
126,usage_EFO:0001086 polyA plus RNA-seq,+,polyA plus RNA-seq,EFO:0001086,A549,cell_line,adult,encode,,,,OutputType.SPLICE_SITE_USAGE,,,
127,usage_EFO:0001099 total RNA-seq,+,total RNA-seq,EFO:0001099,Caco-2,cell_line,adult,encode,,,,OutputType.SPLICE_SITE_USAGE,,,
128,usage_EFO:0001187 polyA plus RNA-seq,+,polyA plus RNA-seq,EFO:0001187,HepG2,cell_line,child,encode,,,,OutputType.SPLICE_SITE_USAGE,,,
129,usage_EFO:0001187 total RNA-seq,+,total RNA-seq,EFO:0001187,HepG2,cell_line,child,encode,,,,OutputType.SPLICE_SITE_USAGE,,,
130,usage_EFO:0001193 total RNA-seq,+,total RNA-seq,EFO:0001193,HT-29,cell_line,adult,encode,,,,OutputType.SPLICE_SITE_USAGE,,,
131,usage_EFO:0001196 polyA plus RNA-seq,+,polyA plus RNA-seq,EFO:0001196,IMR-90,cell_line,embryonic,encode,,,,OutputType.SPLICE_SITE_USAGE,,,
132,usage_EFO:0001196 total RNA-seq,+,total RNA-seq,EFO:0001196,IMR-90,cell_line,embryonic,encode,,,,OutputType.SPLICE_SITE_USAGE,,,
133,usage_EFO:0001200 total RNA-seq,+,total RNA-seq,EFO:0001200,MCF 10A,cell_line,adult,encode,,,,OutputType.SPLICE_SITE_USAGE,,,
134,usage_EFO:0001203 polyA plus RNA-seq,+,polyA plus RNA-seq,EFO:0001203,MCF-7,cell_line,adult,encode,,,,OutputType.SPLICE_SITE_USAGE,,,
135,usage_EFO:0001203 total RNA-seq,+,total RNA-seq,EFO:0001203,MCF-7,cell_line,adult,encode,,,,OutputType.SPLICE_SITE_USAGE,,,
136,usage_EFO:0002009 gtex Cells_Cultured_fibroblasts polyA plus RNA-seq,+,polyA plus RNA-seq,EFO:0002009,fibroblast derived cell line,tissue,adult,gtex,,,,OutputType.SPLICE_SITE_USAGE,Cells_Cultured_fibroblasts,,
137,usage_EFO:0002059 polyA plus RNA-seq,+,polyA plus RNA-seq,EFO:0002059,HT1080,cell_line,adult,encode,,,,OutputType.SPLICE_SITE_USAGE,,,
138,usage_EFO:0002059 total RNA-seq,+,total RNA-seq,EFO:0002059,HT1080,cell_line,adult,encode,,,,OutputType.SPLICE_SITE_USAGE,,,
139,usage_EFO:0002067 polyA plus RNA-seq,+,polyA plus RNA-seq,EFO:0002067,K562,cell_line,adult,encode,,,,OutputType.SPLICE_SITE_USAGE,,,
140,usage_EFO:0002067 total RNA-seq,+,total RNA-seq,EFO:0002067,K562,cell_line,adult,encode,,,,OutputType.SPLICE_SITE_USAGE,,,
141,usage_EFO:0002074 total RNA-seq,+,total RNA-seq,EFO:0002074,PC-3,cell_line,adult,encode,,,,OutputType.SPLICE_SITE_USAGE,,,
142,usage_EFO:0002101 total RNA-seq,+,total RNA-seq,EFO:0002101,A172,cell_line,adult,encode,,,,OutputType.SPLICE_SITE_USAGE,,,
143,usage_EFO:0002103 total RNA-seq,+,total RNA-seq,EFO:0002103,A375,cell_line,adult,encode,,,,OutputType.SPLICE_SITE_USAGE,,,
144,usage_EFO:0002106 total RNA-seq,+,total RNA-seq,EFO:0002106,A673,cell_line,child,encode,,,,OutputType.SPLICE_SITE_USAGE,,,
145,usage_EFO:0002150 total RNA-seq,+,total RNA-seq,EFO:0002150,Caki2,cell_line,adult,encode,,,,OutputType.SPLICE_SITE_USAGE,,,
146,usage_EFO:0002179 total RNA-seq,+,total RNA-seq,EFO:0002179,G401,cell_line,child,encode,,,,OutputType.SPLICE_SITE_USAGE,,,
147,usage_EFO:0002184 total RNA-seq,+,total RNA-seq,EFO:0002184,H4,cell_line,adult,encode,,,,OutputType.SPLICE_SITE_USAGE,,,
148,usage_EFO:0002234 total RNA-seq,+,total RNA-seq,EFO:0002234,MG63,cell_line,child,encode,,,,OutputType.SPLICE_SITE_USAGE,,,
149,usage_EFO:0002330 total RNA-seq,+,total RNA-seq,EFO:0002330,SJSA1,cell_line,adult,encode,,,,OutputType.SPLICE_SITE_USAGE,,,
150,usage_EFO:0002713 polyA plus RNA-seq,+,polyA plus RNA-seq,EFO:0002713,Panc1,cell_line,adult,encode,,,,OutputType.SPLICE_SITE_USAGE,,,
151,usage_EFO:0002713 total RNA-seq,+,total RNA-seq,EFO:0002713,Panc1,cell_line,adult,encode,,,,OutputType.SPLICE_SITE_USAGE,,,
152,usage_EFO:0002779 polyA plus RNA-seq,+,polyA plus RNA-seq,EFO:0002779,BJ,cell_line,newborn,encode,,,,OutputType.SPLICE_SITE_USAGE,,,
153,usage_EFO:0002784 polyA plus RNA-seq,+,polyA plus RNA-seq,EFO:0002784,GM12878,cell_line,adult,encode,,,,OutputType.SPLICE_SITE_USAGE,,,
154,usage_EFO:0002784 total RNA-seq,+,total RNA-seq,EFO:0002784,GM12878,cell_line,adult,encode,,,,OutputType.SPLICE_SITE_USAGE,,,
155,usage_EFO:0002785 polyA plus RNA-seq,+,polyA plus RNA-seq,EFO:0002785,GM12891,cell_line,unknown,encode,,,,OutputType.SPLICE_SITE_USAGE,,,
156,usage_EFO:0002786 polyA plus RNA-seq,+,polyA plus RNA-seq,EFO:0002786,GM12892,cell_line,unknown,encode,,,,OutputType.SPLICE_SITE_USAGE,,,
157,usage_EFO:0002791 polyA plus RNA-seq,+,polyA plus RNA-seq,EFO:0002791,HeLa-S3,cell_line,adult,encode,,,,OutputType.SPLICE_SITE_USAGE,,,
158,usage_EFO:0002819 total RNA-seq,+,total RNA-seq,EFO:0002819,Calu3,cell_line,adult,encode,,,,OutputType.SPLICE_SITE_USAGE,,,
159,usage_EFO:0002824 polyA plus RNA-seq,+,polyA plus RNA-seq,EFO:0002824,HCT116,cell_line,adult,encode,,,,OutputType.SPLICE_SITE_USAGE,,,
160,usage_EFO:0002824 total RNA-seq,+,total RNA-seq,EFO:0002824,HCT116,cell_line,adult,encode,,,,OutputType.SPLICE_SITE_USAGE,,,
161,usage_EFO:0002847 total RNA-seq,+,total RNA-seq,EFO:0002847,PC-9,cell_line,unknown,encode,,,,OutputType.SPLICE_SITE_USAGE,,,
162,usage_EFO:0003042 polyA plus RNA-seq,+,polyA plus RNA-seq,EFO:0003042,H1,cell_line,embryonic,encode,,,,OutputType.SPLICE_SITE_USAGE,,,
163,usage_EFO:0003042 total RNA-seq,+,total RNA-seq,EFO:0003042,H1,cell_line,embryonic,encode,,,,OutputType.SPLICE_SITE_USAGE,,,
164,usage_EFO:0003044 polyA plus RNA-seq,+,polyA plus RNA-seq,EFO:0003044,NCI-H460,cell_line,unknown,encode,,,,OutputType.SPLICE_SITE_USAGE,,,
165,usage_EFO:0003044 total RNA-seq,+,total RNA-seq,EFO:0003044,NCI-H460,cell_line,unknown,encode,,,,OutputType.SPLICE_SITE_USAGE,,,
166,usage_EFO:0003045 total RNA-seq,+,total RNA-seq,EFO:0003045,H9,cell_line,embryonic,encode,,,,OutputType.SPLICE_SITE_USAGE,,,
167,usage_EFO:0003072 polyA plus RNA-seq,+,polyA plus RNA-seq,EFO:0003072,SK-N-SH,cell_line,child,encode,,,,OutputType.SPLICE_SITE_USAGE,,,
168,usage_EFO:0005234 polyA plus RNA-seq,+,polyA plus RNA-seq,EFO:0005234,PFSK-1,cell_line,child,encode,,,,OutputType.SPLICE_SITE_USAGE,,,
169,usage_EFO:0005237 polyA plus RNA-seq,+,polyA plus RNA-seq,EFO:0005237,U-87 MG,cell_line,adult,encode,,,,OutputType.SPLICE_SITE_USAGE,,,
170,usage_EFO:0005697 total RNA-seq,+,total RNA-seq,EFO:0005697,M059J,cell_line,adult,encode,,,,OutputType.SPLICE_SITE_USAGE,,,
171,usage_EFO:0005698 total RNA-seq,+,total RNA-seq,EFO:0005698,Daoy,cell_line,child,encode,,,,OutputType.SPLICE_SITE_USAGE,,,
172,usage_EFO:0005712 total RNA-seq,+,total RNA-seq,EFO:0005712,RPMI7951,cell_line,adult,encode,,,,OutputType.SPLICE_SITE_USAGE,,,
173,usage_EFO:0005714 polyA plus RNA-seq,+,polyA plus RNA-seq,EFO:0005714,LHCN-M2,cell_line,adult,encode,,,,OutputType.SPLICE_SITE_USAGE,,,
174,usage_EFO:0005714 total RNA-seq,+,total RNA-seq,EFO:0005714,LHCN-M2,cell_line,adult,encode,,,,OutputType.SPLICE_SITE_USAGE,,,
175,usage_EFO:0005719 total RNA-seq,+,total RNA-seq,EFO:0005719,Karpas-422,cell_line,adult,encode,,,,OutputType.SPLICE_SITE_USAGE,,,
176,usage_EFO:0005720 polyA plus RNA-seq,+,polyA plus RNA-seq,EFO:0005720,SK-MEL-5,cell_line,adult,encode,,,,OutputType.SPLICE_SITE_USAGE,,,
177,usage_EFO:0005720 total RNA-seq,+,total RNA-seq,EFO:0005720,SK-MEL-5,cell_line,adult,encode,,,,OutputType.SPLICE_SITE_USAGE,,,
178,usage_EFO:0005721 polyA plus RNA-seq,+,polyA plus RNA-seq,EFO:0005721,SK-N-DZ,cell_line,child,encode,,,,OutputType.SPLICE_SITE_USAGE,,,
179,usage_EFO:0005722 total RNA-seq,+,total RNA-seq,EFO:0005722,SJCRH30,cell_line,child,encode,,,,OutputType.SPLICE_SITE_USAGE,,,
180,usage_EFO:0005723 polyA plus RNA-seq,+,polyA plus RNA-seq,EFO:0005723,GM23248,cell_line,adult,encode,,,,OutputType.SPLICE_SITE_USAGE,,,
181,usage_EFO:0005723 total RNA-seq,+,total RNA-seq,EFO:0005723,GM23248,cell_line,adult,encode,,,,OutputType.SPLICE_SITE_USAGE,,,
182,usage_EFO:0005725 polyA plus RNA-seq,+,polyA plus RNA-seq,EFO:0005725,BE2C,cell_line,child,encode,,,,OutputType.SPLICE_SITE_USAGE,,,
183,usage_EFO:0005904 total RNA-seq,+,total RNA-seq,EFO:0005904,H7,cell_line,embryonic,encode,,,,OutputType.SPLICE_SITE_USAGE,,,
184,usage_EFO:0006270 polyA plus RNA-seq,+,polyA plus RNA-seq,EFO:0006270,AG04450,cell_line,embryonic,encode,,,,OutputType.SPLICE_SITE_USAGE,,,
185,usage_EFO:0006711 total RNA-seq,+,total RNA-seq,EFO:0006711,OCI-LY7,cell_line,adult,encode,,,,OutputType.SPLICE_SITE_USAGE,,,
186,usage_EFO:0007089 polyA plus RNA-seq,+,polyA plus RNA-seq,EFO:0007089,HUES64,cell_line,embryonic,encode,,,,OutputType.SPLICE_SITE_USAGE,,,
187,usage_EFO:0007950 polyA plus RNA-seq,+,polyA plus RNA-seq,EFO:0007950,GM23338,cell_line,adult,encode,,,,OutputType.SPLICE_SITE_USAGE,,,
188,usage_EFO:0007950 total RNA-seq,+,total RNA-seq,EFO:0007950,GM23338,cell_line,adult,encode,,,,OutputType.SPLICE_SITE_USAGE,,,
189,usage_EFO:0009318 total RNA-seq,+,total RNA-seq,EFO:0009318,HFFc6,cell_line,newborn,encode,,,,OutputType.SPLICE_SITE_USAGE,,,
190,usage_EFO:0009747 total RNA-seq,+,total RNA-seq,EFO:0009747,WTC11,cell_line,adult,encode,,,,OutputType.SPLICE_SITE_USAGE,,,
191,usage_EFO:0030018 polyA plus RNA-seq,+,polyA plus RNA-seq,EFO:0030018,BLaER1,cell_line,unknown,encode,,,,OutputType.SPLICE_SITE_USAGE,,,
192,usage_NTR:0000427 polyA plus RNA-seq,+,polyA plus RNA-seq,NTR:0000427,neurosphere,primary_cell,embryonic,encode,,,,OutputType.SPLICE_SITE_USAGE,,,
193,usage_NTR:0000491 total RNA-seq,+,total RNA-seq,NTR:0000491,Right ventricle myocardium inferior,tissue,adult,encode,,,,OutputType.SPLICE_SITE_USAGE,,,
194,usage_NTR:0000492 total RNA-seq,+,total RNA-seq,NTR:0000492,Right ventricle myocardium superior,tissue,adult,encode,,,,OutputType.SPLICE_SITE_USAGE,,,
195,usage_NTR:0000493 total RNA-seq,+,total RNA-seq,NTR:0000493,left ventricle myocardium inferior,tissue,adult,encode,,,,OutputType.SPLICE_SITE_USAGE,,,
196,usage_NTR:0000494 total RNA-seq,+,total RNA-seq,NTR:0000494,left ventricle myocardium superior,tissue,adult,encode,,,,OutputType.SPLICE_SITE_USAGE,,,
197,usage_NTR:0000524 polyA plus RNA-seq,+,polyA plus RNA-seq,NTR:0000524,fibroblast of skin of scalp,primary_cell,embryonic,encode,,,,OutputType.SPLICE_SITE_USAGE,,,
198,usage_NTR:0000856 polyA plus RNA-seq,+,polyA plus RNA-seq,NTR:0000856,mesendoderm,in_vitro_differentiated_cells,embryonic,encode,,,,OutputType.SPLICE_SITE_USAGE,,,
199,usage_NTR:0003013 polyA plus RNA-seq,+,polyA plus RNA-seq,NTR:0003013,placental basal plate,tissue,embryonic,encode,,,,OutputType.SPLICE_SITE_USAGE,,,
200,usage_UBERON:0000007 gtex Pituitary polyA plus RNA-seq,+,polyA plus RNA-seq,UBERON:0000007,pituitary gland,tissue,adult,gtex,,,,OutputType.SPLICE_SITE_USAGE,Pituitary,,
201,usage_UBERON:0000016 polyA plus RNA-seq,+,polyA plus RNA-seq,UBERON:0000016,endocrine pancreas,tissue,adult,encode,,,,OutputType.SPLICE_SITE_USAGE,,,
202,usage_UBERON:0000019 total RNA-seq,+,total RNA-seq,UBERON:0000019,camera-type eye,tissue,embryonic,encode,,,,OutputType.SPLICE_SITE_USAGE,,,
203,usage_UBERON:0000056 total RNA-seq,+,total RNA-seq,UBERON:0000056,ureter,tissue,adult,encode,,,,OutputType.SPLICE_SITE_USAGE,,,
204,usage_UBERON:0000081 total RNA-seq,+,total RNA-seq,UBERON:0000081,metanephros,tissue,embryonic,encode,,,,OutputType.SPLICE_SITE_USAGE,,,
205,usage_UBERON:0000088 polyA plus RNA-seq,+,polyA plus RNA-seq,UBERON:0000088,trophoblast,tissue,embryonic,encode,,,,OutputType.SPLICE_SITE_USAGE,,,
206,usage_UBERON:0000305 polyA plus RNA-seq,+,polyA plus RNA-seq,UBERON:0000305,amnion,tissue,embryonic,encode,,,,OutputType.SPLICE_SITE_USAGE,,,
207,usage_UBERON:0000317 total RNA-seq,+,total RNA-seq,UBERON:0000317,colonic mucosa,tissue,adult,encode,,,,OutputType.SPLICE_SITE_USAGE,,,
208,usage_UBERON:0000458 gtex Cervix_Endocervix polyA plus RNA-seq,+,polyA plus RNA-seq,UBERON:0000458,endocervix,tissue,adult,gtex,,,,OutputType.SPLICE_SITE_USAGE,Cervix_Endocervix,,
209,usage_UBERON:0000473 gtex Testis polyA plus RNA-seq,+,polyA plus RNA-seq,UBERON:0000473,testis,tissue,adult,gtex,,,,OutputType.SPLICE_SITE_USAGE,Testis,,
210,usage_UBERON:0000473 polyA plus RNA-seq,+,polyA plus RNA-seq,UBERON:0000473,testis,tissue,adult,encode,,,,OutputType.SPLICE_SITE_USAGE,,,
211,usage_UBERON:0000473 total RNA-seq,+,total RNA-seq,UBERON:0000473,testis,tissue,adult,encode,,,,OutputType.SPLICE_SITE_USAGE,,,
212,usage_UBERON:0000945 gtex Stomach polyA plus RNA-seq,+,polyA plus RNA-seq,UBERON:0000945,stomach,tissue,adult,gtex,,,,OutputType.SPLICE_SITE_USAGE,Stomach,,
213,usage_UBERON:0000945 polyA plus RNA-seq,+,polyA plus RNA-seq,UBERON:0000945,stomach,tissue,adult,encode,,,,OutputType.SPLICE_SITE_USAGE,,,
214,usage_UBERON:0000945 total RNA-seq,+,total RNA-seq,UBERON:0000945,stomach,tissue,adult,encode,,,,OutputType.SPLICE_SITE_USAGE,,,
215,usage_UBERON:0000947 polyA plus RNA-seq,+,polyA plus RNA-seq,UBERON:0000947,aorta,tissue,adult,encode,,,,OutputType.SPLICE_SITE_USAGE,,,
216,usage_UBERON:0000947 total RNA-seq,+,total RNA-seq,UBERON:0000947,aorta,tissue,adult,encode,,,,OutputType.SPLICE_SITE_USAGE,,,
217,usage_UBERON:0000948 polyA plus RNA-seq,+,polyA plus RNA-seq,UBERON:0000948,heart,tissue,adult,encode,,,,OutputType.SPLICE_SITE_USAGE,,,
218,usage_UBERON:0000948 total RNA-seq,+,total RNA-seq,UBERON:0000948,heart,tissue,adult,encode,,,,OutputType.SPLICE_SITE_USAGE,,,
219,usage_UBERON:0000955 polyA plus RNA-seq,+,polyA plus RNA-seq,UBERON:0000955,brain,tissue,adult,encode,,,,OutputType.SPLICE_SITE_USAGE,,,
220,usage_UBERON:0000992 gtex Ovary polyA plus RNA-seq,+,polyA plus RNA-seq,UBERON:0000992,ovary,tissue,adult,gtex,,,,OutputType.SPLICE_SITE_USAGE,Ovary,,
221,usage_UBERON:0000992 polyA plus RNA-seq,+,polyA plus RNA-seq,UBERON:0000992,ovary,tissue,adult,encode,,,,OutputType.SPLICE_SITE_USAGE,,,
222,usage_UBERON:0000992 total RNA-seq,+,total RNA-seq,UBERON:0000992,ovary,tissue,adult,encode,,,,OutputType.SPLICE_SITE_USAGE,,,
223,usage_UBERON:0000995 gtex Uterus polyA plus RNA-seq,+,polyA plus RNA-seq,UBERON:0000995,uterus,tissue,adult,gtex,,,,OutputType.SPLICE_SITE_USAGE,Uterus,,
224,usage_UBERON:0000995 total RNA-seq,+,total RNA-seq,UBERON:0000995,uterus,tissue,adult,encode,,,,OutputType.SPLICE_SITE_USAGE,,,
225,usage_UBERON:0000996 gtex Vagina polyA plus RNA-seq,+,polyA plus RNA-seq,UBERON:0000996,vagina,tissue,adult,gtex,,,,OutputType.SPLICE_SITE_USAGE,Vagina,,
226,usage_UBERON:0000996 total RNA-seq,+,total RNA-seq,UBERON:0000996,vagina,tissue,adult,encode,,,,OutputType.SPLICE_SITE_USAGE,,,
227,usage_UBERON:0001013 polyA plus RNA-seq,+,polyA plus RNA-seq,UBERON:0001013,adipose tissue,tissue,adult,encode,,,,OutputType.SPLICE_SITE_USAGE,,,
228,usage_UBERON:0001043 polyA plus RNA-seq,+,polyA plus RNA-seq,UBERON:0001043,esophagus,tissue,adult,encode,,,,OutputType.SPLICE_SITE_USAGE,,,
229,usage_UBERON:0001072 total RNA-seq,+,total RNA-seq,UBERON:0001072,posterior vena cava,tissue,adult,encode,,,,OutputType.SPLICE_SITE_USAGE,,,
230,usage_UBERON:0001114 gtex Liver polyA plus RNA-seq,+,polyA plus RNA-seq,UBERON:0001114,right lobe of liver,tissue,adult,gtex,,,,OutputType.SPLICE_SITE_USAGE,Liver,,
231,usage_UBERON:0001114 total RNA-seq,+,total RNA-seq,UBERON:0001114,right lobe of liver,tissue,adult,encode,,,,OutputType.SPLICE_SITE_USAGE,,,
232,usage_UBERON:0001115 total RNA-seq,+,total RNA-seq,UBERON:0001115,left lobe of liver,tissue,adult,encode,,,,OutputType.SPLICE_SITE_USAGE,,,
233,usage_UBERON:0001134 total RNA-seq,+,total RNA-seq,UBERON:0001134,skeletal muscle tissue,tissue,embryonic,encode,,,,OutputType.SPLICE_SITE_USAGE,,,
234,usage_UBERON:0001150 gtex Pancreas polyA plus RNA-seq,+,polyA plus RNA-seq,UBERON:0001150,body of pancreas,tissue,adult,gtex,,,,OutputType.SPLICE_SITE_USAGE,Pancreas,,
235,usage_UBERON:0001150 total RNA-seq,+,total RNA-seq,UBERON:0001150,body of pancreas,tissue,adult,encode,,,,OutputType.SPLICE_SITE_USAGE,,,
236,usage_UBERON:0001157 gtex Colon_Transverse polyA plus RNA-seq,+,polyA plus RNA-seq,UBERON:0001157,transverse colon,tissue,adult,gtex,,,,OutputType.SPLICE_SITE_USAGE,Colon_Transverse,,
237,usage_UBERON:0001157 total RNA-seq,+,total RNA-seq,UBERON:0001157,transverse colon,tissue,adult,encode,,,,OutputType.SPLICE_SITE_USAGE,,,
238,usage_UBERON:0001159 gtex Colon_Sigmoid polyA plus RNA-seq,+,polyA plus RNA-seq,UBERON:0001159,sigmoid colon,tissue,adult,gtex,,,,OutputType.SPLICE_SITE_USAGE,Colon_Sigmoid,,
239,usage_UBERON:0001159 polyA plus RNA-seq,+,polyA plus RNA-seq,UBERON:0001159,sigmoid colon,tissue,adult,encode,,,,OutputType.SPLICE_SITE_USAGE,,,
240,usage_UBERON:0001159 total RNA-seq,+,total RNA-seq,UBERON:0001159,sigmoid colon,tissue,adult,encode,,,,OutputType.SPLICE_SITE_USAGE,,,
241,usage_UBERON:0001211 gtex Small_Intestine_Terminal_Ileum polyA plus RNA-seq,+,polyA plus RNA-seq,UBERON:0001211,Peyer's patch,tissue,adult,gtex,,,,OutputType.SPLICE_SITE_USAGE,Small_Intestine_Terminal_Ileum,,
242,usage_UBERON:0001211 total RNA-seq,+,total RNA-seq,UBERON:0001211,Peyer's patch,tissue,adult,encode,,,,OutputType.SPLICE_SITE_USAGE,,,
243,usage_UBERON:0001224 polyA plus RNA-seq,+,polyA plus RNA-seq,UBERON:0001224,renal pelvis,tissue,embryonic,encode,,,,OutputType.SPLICE_SITE_USAGE,,,
244,usage_UBERON:0001225 gtex Kidney_Cortex polyA plus RNA-seq,+,polyA plus RNA-seq,UBERON:0001225,cortex of kidney,tissue,adult,gtex,,,,OutputType.SPLICE_SITE_USAGE,Kidney_Cortex,,
245,usage_UBERON:0001255 gtex Bladder polyA plus RNA-seq,+,polyA plus RNA-seq,UBERON:0001255,urinary bladder,tissue,adult,gtex,,,,OutputType.SPLICE_SITE_USAGE,Bladder,,
246,usage_UBERON:0001255 polyA plus RNA-seq,+,polyA plus RNA-seq,UBERON:0001255,urinary bladder,tissue,child,encode,,,,OutputType.SPLICE_SITE_USAGE,,,
247,usage_UBERON:0001255 total RNA-seq,+,total RNA-seq,UBERON:0001255,urinary bladder,tissue,embryonic,encode,,,,OutputType.SPLICE_SITE_USAGE,,,
248,usage_UBERON:0001264 polyA plus RNA-seq,+,polyA plus RNA-seq,UBERON:0001264,pancreas,tissue,adult,encode,,,,OutputType.SPLICE_SITE_USAGE,,,
249,usage_UBERON:0001264 total RNA-seq,+,total RNA-seq,UBERON:0001264,pancreas,tissue,adult,encode,,,,OutputType.SPLICE_SITE_USAGE,,,
250,usage_UBERON:0001293 gtex Kidney_Medulla polyA plus RNA-seq,+,polyA plus RNA-seq,UBERON:0001293,outer medulla of kidney,tissue,adult,gtex,,,,OutputType.SPLICE_SITE_USAGE,Kidney_Medulla,,
251,usage_UBERON:0001322 total RNA-seq,+,total RNA-seq,UBERON:0001322,sciatic nerve,tissue,adult,encode,,,,OutputType.SPLICE_SITE_USAGE,,,
252,usage_UBERON:0001323 gtex Nerve_Tibial polyA plus RNA-seq,+,polyA plus RNA-seq,UBERON:0001323,tibial nerve,tissue,adult,gtex,,,,OutputType.SPLICE_SITE_USAGE,Nerve_Tibial,,
253,usage_UBERON:0001323 total RNA-seq,+,total RNA-seq,UBERON:0001323,tibial nerve,tissue,adult,encode,,,,OutputType.SPLICE_SITE_USAGE,,,
254,usage_UBERON:0001383 polyA plus RNA-seq,+,polyA plus RNA-seq,UBERON:0001383,muscle of leg,tissue,embryonic,encode,,,,OutputType.SPLICE_SITE_USAGE,,,
255,usage_UBERON:0001496 gtex Artery_Aorta polyA plus RNA-seq,+,polyA plus RNA-seq,UBERON:0001496,ascending aorta,tissue,adult,gtex,,,,OutputType.SPLICE_SITE_USAGE,Artery_Aorta,,
256,usage_UBERON:0001496 total RNA-seq,+,total RNA-seq,UBERON:0001496,ascending aorta,tissue,adult,encode,,,,OutputType.SPLICE_SITE_USAGE,,,
257,usage_UBERON:0001499 polyA plus RNA-seq,+,polyA plus RNA-seq,UBERON:0001499,muscle of arm,tissue,embryonic,encode,,,,OutputType.SPLICE_SITE_USAGE,,,
258,usage_UBERON:0001515 total RNA-seq,+,total RNA-seq,UBERON:0001515,thoracic aorta,tissue,adult,encode,,,,OutputType.SPLICE_SITE_USAGE,,,
259,usage_UBERON:0001621 gtex Artery_Coronary polyA plus RNA-seq,+,polyA plus RNA-seq,UBERON:0001621,coronary artery,tissue,adult,gtex,,,,OutputType.SPLICE_SITE_USAGE,Artery_Coronary,,
260,usage_UBERON:0001723 total RNA-seq,+,total RNA-seq,UBERON:0001723,tongue,tissue,embryonic,encode,,,,OutputType.SPLICE_SITE_USAGE,,,
261,usage_UBERON:0001774 polyA plus RNA-seq,+,polyA plus RNA-seq,UBERON:0001774,muscle of trunk,tissue,embryonic,encode,,,,OutputType.SPLICE_SITE_USAGE,,,
262,usage_UBERON:0001870 gtex Brain_Cortex polyA plus RNA-seq,+,polyA plus RNA-seq,UBERON:0001870,frontal cortex,tissue,adult,gtex,,,,OutputType.SPLICE_SITE_USAGE,Brain_Cortex,,
263,usage_UBERON:0001870 total RNA-seq,+,total RNA-seq,UBERON:0001870,frontal cortex,tissue,embryonic,encode,,,,OutputType.SPLICE_SITE_USAGE,,,
264,usage_UBERON:0001871 total RNA-seq,+,total RNA-seq,UBERON:0001871,temporal lobe,tissue,embryonic,encode,,,,OutputType.SPLICE_SITE_USAGE,,,
265,usage_UBERON:0001872 total RNA-seq,+,total RNA-seq,UBERON:0001872,parietal lobe,tissue,embryonic,encode,,,,OutputType.SPLICE_SITE_USAGE,,,
266,usage_UBERON:0001873 gtex Brain_Caudate_basal_ganglia polyA plus RNA-seq,+,polyA plus RNA-seq,UBERON:0001873,caudate nucleus,tissue,adult,gtex,,,,OutputType.SPLICE_SITE_USAGE,Brain_Caudate_basal_ganglia,,
267,usage_UBERON:0001874 gtex Brain_Putamen_basal_ganglia polyA plus RNA-seq,+,polyA plus RNA-seq,UBERON:0001874,putamen,tissue,adult,gtex,,,,OutputType.SPLICE_SITE_USAGE,Brain_Putamen_basal_ganglia,,
268,usage_UBERON:0001876 gtex Brain_Amygdala polyA plus RNA-seq,+,polyA plus RNA-seq,UBERON:0001876,amygdala,tissue,adult,gtex,,,,OutputType.SPLICE_SITE_USAGE,Brain_Amygdala,,
269,usage_UBERON:0001882 gtex Brain_Nucleus_accumbens_basal_ganglia polyA plus RNA-seq,+,polyA plus RNA-seq,UBERON:0001882,nucleus accumbens,tissue,adult,gtex,,,,OutputType.SPLICE_SITE_USAGE,Brain_Nucleus_accumbens_basal_ganglia,,
270,usage_UBERON:0001894 total RNA-seq,+,total RNA-seq,UBERON:0001894,diencephalon,tissue,embryonic,encode,,,,OutputType.SPLICE_SITE_USAGE,,,
271,usage_UBERON:0001898 gtex Brain_Hypothalamus polyA plus RNA-seq,+,polyA plus RNA-seq,UBERON:0001898,hypothalamus,tissue,adult,gtex,,,,OutputType.SPLICE_SITE_USAGE,Brain_Hypothalamus,,
272,usage_UBERON:0001954 gtex Brain_Hippocampus polyA plus RNA-seq,+,polyA plus RNA-seq,UBERON:0001954,Ammon's horn,tissue,adult,gtex,,,,OutputType.SPLICE_SITE_USAGE,Brain_Hippocampus,,
273,usage_UBERON:0001987 polyA plus RNA-seq,+,polyA plus RNA-seq,UBERON:0001987,placenta,tissue,embryonic,encode,,,,OutputType.SPLICE_SITE_USAGE,,,
274,usage_UBERON:0001987 total RNA-seq,+,total RNA-seq,UBERON:0001987,placenta,tissue,embryonic,encode,,,,OutputType.SPLICE_SITE_USAGE,,,
275,usage_UBERON:0002021 total RNA-seq,+,total RNA-seq,UBERON:0002021,occipital lobe,tissue,embryonic,encode,,,,OutputType.SPLICE_SITE_USAGE,,,
276,usage_UBERON:0002037 gtex Brain_Cerebellum polyA plus RNA-seq,+,polyA plus RNA-seq,UBERON:0002037,cerebellum,tissue,adult,gtex,,,,OutputType.SPLICE_SITE_USAGE,Brain_Cerebellum,,
277,usage_UBERON:0002037 polyA plus RNA-seq,+,polyA plus RNA-seq,UBERON:0002037,cerebellum,tissue,embryonic,encode,,,,OutputType.SPLICE_SITE_USAGE,,,
278,usage_UBERON:0002037 total RNA-seq,+,total RNA-seq,UBERON:0002037,cerebellum,tissue,embryonic,encode,,,,OutputType.SPLICE_SITE_USAGE,,,
279,usage_UBERON:0002038 gtex Brain_Substantia_nigra polyA plus RNA-seq,+,polyA plus RNA-seq,UBERON:0002038,substantia nigra,tissue,adult,gtex,,,,OutputType.SPLICE_SITE_USAGE,Brain_Substantia_nigra,,
280,usage_UBERON:0002046 gtex Thyroid polyA plus RNA-seq,+,polyA plus RNA-seq,UBERON:0002046,thyroid gland,tissue,adult,gtex,,,,OutputType.SPLICE_SITE_USAGE,Thyroid,,
281,usage_UBERON:0002046 total RNA-seq,+,total RNA-seq,UBERON:0002046,thyroid gland,tissue,adult,encode,,,,OutputType.SPLICE_SITE_USAGE,,,
282,usage_UBERON:0002048 polyA plus RNA-seq,+,polyA plus RNA-seq,UBERON:0002048,lung,tissue,adult,encode,,,,OutputType.SPLICE_SITE_USAGE,,,
283,usage_UBERON:0002048 total RNA-seq,+,total RNA-seq,UBERON:0002048,lung,tissue,embryonic,encode,,,,OutputType.SPLICE_SITE_USAGE,,,
284,usage_UBERON:0002078 polyA plus RNA-seq,+,polyA plus RNA-seq,UBERON:0002078,right cardiac atrium,tissue,adult,encode,,,,OutputType.SPLICE_SITE_USAGE,,,
285,usage_UBERON:0002078 total RNA-seq,+,total RNA-seq,UBERON:0002078,right cardiac atrium,tissue,adult,encode,,,,OutputType.SPLICE_SITE_USAGE,,,
286,usage_UBERON:0002079 total RNA-seq,+,total RNA-seq,UBERON:0002079,left cardiac atrium,tissue,adult,encode,,,,OutputType.SPLICE_SITE_USAGE,,,
287,usage_UBERON:0002080 polyA plus RNA-seq,+,polyA plus RNA-seq,UBERON:0002080,heart right ventricle,tissue,adult,encode,,,,OutputType.SPLICE_SITE_USAGE,,,
288,usage_UBERON:0002080 total RNA-seq,+,total RNA-seq,UBERON:0002080,heart right ventricle,tissue,adult,encode,,,,OutputType.SPLICE_SITE_USAGE,,,
289,usage_UBERON:0002084 polyA plus RNA-seq,+,polyA plus RNA-seq,UBERON:0002084,heart left ventricle,tissue,adult,encode,,,,OutputType.SPLICE_SITE_USAGE,,,
290,usage_UBERON:0002084 total RNA-seq,+,total RNA-seq,UBERON:0002084,heart left ventricle,tissue,adult,encode,,,,OutputType.SPLICE_SITE_USAGE,,,
291,usage_UBERON:0002097 total RNA-seq,+,total RNA-seq,UBERON:0002097,skin of body,tissue,embryonic,encode,,,,OutputType.SPLICE_SITE_USAGE,,,
292,usage_UBERON:0002099 total RNA-seq,+,total RNA-seq,UBERON:0002099,cardiac septum,tissue,adult,encode,,,,OutputType.SPLICE_SITE_USAGE,,,
293,usage_UBERON:0002106 gtex Spleen polyA plus RNA-seq,+,polyA plus RNA-seq,UBERON:0002106,spleen,tissue,adult,gtex,,,,OutputType.SPLICE_SITE_USAGE,Spleen,,
294,usage_UBERON:0002106 polyA plus RNA-seq,+,polyA plus RNA-seq,UBERON:0002106,spleen,tissue,adult,encode,,,,OutputType.SPLICE_SITE_USAGE,,,
295,usage_UBERON:0002106 total RNA-seq,+,total RNA-seq,UBERON:0002106,spleen,tissue,adult,encode,,,,OutputType.SPLICE_SITE_USAGE,,,
296,usage_UBERON:0002107 polyA plus RNA-seq,+,polyA plus RNA-seq,UBERON:0002107,liver,tissue,child,encode,,,,OutputType.SPLICE_SITE_USAGE,,,
297,usage_UBERON:0002107 total RNA-seq,+,total RNA-seq,UBERON:0002107,liver,tissue,embryonic,encode,,,,OutputType.SPLICE_SITE_USAGE,,,
298,usage_UBERON:0002108 polyA plus RNA-seq,+,polyA plus RNA-seq,UBERON:0002108,small intestine,tissue,adult,encode,,,,OutputType.SPLICE_SITE_USAGE,,,
299,usage_UBERON:0002113 polyA plus RNA-seq,+,polyA plus RNA-seq,UBERON:0002113,kidney,tissue,adult,encode,,,,OutputType.SPLICE_SITE_USAGE,,,
300,usage_UBERON:0002113 total RNA-seq,+,total RNA-seq,UBERON:0002113,kidney,tissue,adult,encode,,,,OutputType.SPLICE_SITE_USAGE,,,
301,usage_UBERON:0002167 polyA plus RNA-seq,+,polyA plus RNA-seq,UBERON:0002167,right lung,tissue,embryonic,encode,,,,OutputType.SPLICE_SITE_USAGE,,,
302,usage_UBERON:0002168 polyA plus RNA-seq,+,polyA plus RNA-seq,UBERON:0002168,left lung,tissue,embryonic,encode,,,,OutputType.SPLICE_SITE_USAGE,,,
303,usage_UBERON:0002168 total RNA-seq,+,total RNA-seq,UBERON:0002168,left lung,tissue,adult,encode,,,,OutputType.SPLICE_SITE_USAGE,,,
304,usage_UBERON:0002170 total RNA-seq,+,total RNA-seq,UBERON:0002170,upper lobe of right lung,tissue,adult,encode,,,,OutputType.SPLICE_SITE_USAGE,,,
305,usage_UBERON:0002171 total RNA-seq,+,total RNA-seq,UBERON:0002171,lower lobe of right lung,tissue,adult,encode,,,,OutputType.SPLICE_SITE_USAGE,,,
306,usage_UBERON:0002190 gtex Adipose_Subcutaneous polyA plus RNA-seq,+,polyA plus RNA-seq,UBERON:0002190,subcutaneous adipose tissue,tissue,adult,gtex,,,,OutputType.SPLICE_SITE_USAGE,Adipose_Subcutaneous,,
307,usage_UBERON:0002190 total RNA-seq,+,total RNA-seq,UBERON:0002190,subcutaneous adipose tissue,tissue,adult,encode,,,,OutputType.SPLICE_SITE_USAGE,,,
308,usage_UBERON:0002240 polyA plus RNA-seq,+,polyA plus RNA-seq,UBERON:0002240,spinal cord,tissue,embryonic,encode,,,,OutputType.SPLICE_SITE_USAGE,,,
309,usage_UBERON:0002240 total RNA-seq,+,total RNA-seq,UBERON:0002240,spinal cord,tissue,embryonic,encode,,,,OutputType.SPLICE_SITE_USAGE,,,
310,usage_UBERON:0002245 gtex Brain_Cerebellar_Hemisphere polyA plus RNA-seq,+,polyA plus RNA-seq,UBERON:0002245,cerebellar hemisphere,tissue,adult,gtex,,,,OutputType.SPLICE_SITE_USAGE,Brain_Cerebellar_Hemisphere,,
311,usage_UBERON:0002324 polyA plus RNA-seq,+,polyA plus RNA-seq,UBERON:0002324,muscle of back,tissue,embryonic,encode,,,,OutputType.SPLICE_SITE_USAGE,,,
312,usage_UBERON:0002331 total RNA-seq,+,total RNA-seq,UBERON:0002331,umbilical cord,tissue,embryonic,encode,,,,OutputType.SPLICE_SITE_USAGE,,,
313,usage_UBERON:0002367 gtex Prostate polyA plus RNA-seq,+,polyA plus RNA-seq,UBERON:0002367,prostate gland,tissue,adult,gtex,,,,OutputType.SPLICE_SITE_USAGE,Prostate,,
314,usage_UBERON:0002367 total RNA-seq,+,total RNA-seq,UBERON:0002367,prostate gland,tissue,adult,encode,,,,OutputType.SPLICE_SITE_USAGE,,,
315,usage_UBERON:0002369 gtex Adrenal_Gland polyA plus RNA-seq,+,polyA plus RNA-seq,UBERON:0002369,adrenal gland,tissue,adult,gtex,,,,OutputType.SPLICE_SITE_USAGE,Adrenal_Gland,,
316,usage_UBERON:0002369 polyA plus RNA-seq,+,polyA plus RNA-seq,UBERON:0002369,adrenal gland,tissue,adult,encode,,,,OutputType.SPLICE_SITE_USAGE,,,
317,usage_UBERON:0002369 total RNA-seq,+,total RNA-seq,UBERON:0002369,adrenal gland,tissue,adult,encode,,,,OutputType.SPLICE_SITE_USAGE,,,
318,usage_UBERON:0002370 polyA plus RNA-seq,+,polyA plus RNA-seq,UBERON:0002370,thymus,tissue,embryonic,encode,,,,OutputType.SPLICE_SITE_USAGE,,,
319,usage_UBERON:0002469 total RNA-seq,+,total RNA-seq,UBERON:0002469,esophagus mucosa,tissue,adult,encode,,,,OutputType.SPLICE_SITE_USAGE,,,
320,usage_UBERON:0003124 polyA plus RNA-seq,+,polyA plus RNA-seq,UBERON:0003124,chorion,tissue,embryonic,encode,,,,OutputType.SPLICE_SITE_USAGE,,,
321,usage_UBERON:0003662 polyA plus RNA-seq,+,polyA plus RNA-seq,UBERON:0003662,forelimb muscle,tissue,embryonic,encode,,,,OutputType.SPLICE_SITE_USAGE,,,
322,usage_UBERON:0003663 polyA plus RNA-seq,+,polyA plus RNA-seq,UBERON:0003663,hindlimb muscle,tissue,embryonic,encode,,,,OutputType.SPLICE_SITE_USAGE,,,
323,usage_UBERON:0003889 gtex Fallopian_Tube polyA plus RNA-seq,+,polyA plus RNA-seq,UBERON:0003889,fallopian tube,tissue,adult,gtex,,,,OutputType.SPLICE_SITE_USAGE,Fallopian_Tube,,
324,usage_UBERON:0004264 gtex Skin_Sun_Exposed_Lower_leg polyA plus RNA-seq,+,polyA plus RNA-seq,UBERON:0004264,lower leg skin,tissue,adult,gtex,,,,OutputType.SPLICE_SITE_USAGE,Skin_Sun_Exposed_Lower_leg,,
325,usage_UBERON:0004264 total RNA-seq,+,total RNA-seq,UBERON:0004264,lower leg skin,tissue,adult,encode,,,,OutputType.SPLICE_SITE_USAGE,,,
326,usage_UBERON:0004538 polyA plus RNA-seq,+,polyA plus RNA-seq,UBERON:0004538,left kidney,tissue,embryonic,encode,,,,OutputType.SPLICE_SITE_USAGE,,,
327,usage_UBERON:0004550 gtex Esophagus_Gastroesophageal_Junction polyA plus RNA-seq,+,polyA plus RNA-seq,UBERON:0004550,gastroesophageal sphincter,tissue,adult,gtex,,,,OutputType.SPLICE_SITE_USAGE,Esophagus_Gastroesophageal_Junction,,
328,usage_UBERON:0004550 total RNA-seq,+,total RNA-seq,UBERON:0004550,gastroesophageal sphincter,tissue,adult,encode,,,,OutputType.SPLICE_SITE_USAGE,,,
329,usage_UBERON:0004648 gtex Esophagus_Muscularis polyA plus RNA-seq,+,polyA plus RNA-seq,UBERON:0004648,esophagus muscularis mucosa,tissue,adult,gtex,,,,OutputType.SPLICE_SITE_USAGE,Esophagus_Muscularis,,
330,usage_UBERON:0004648 total RNA-seq,+,total RNA-seq,UBERON:0004648,esophagus muscularis mucosa,tissue,adult,encode,,,,OutputType.SPLICE_SITE_USAGE,,,
331,usage_UBERON:0004992 total RNA-seq,+,total RNA-seq,UBERON:0004992,mucosa of descending colon,tissue,adult,encode,,,,OutputType.SPLICE_SITE_USAGE,,,
332,usage_UBERON:0005033 total RNA-seq,+,total RNA-seq,UBERON:0005033,mucosa of gallbladder,tissue,child,encode,,,,OutputType.SPLICE_SITE_USAGE,,,
333,usage_UBERON:0005270 polyA plus RNA-seq,+,polyA plus RNA-seq,UBERON:0005270,renal cortex interstitium,tissue,embryonic,encode,,,,OutputType.SPLICE_SITE_USAGE,,,
334,usage_UBERON:0006330 gtex Minor_Salivary_Gland polyA plus RNA-seq,+,polyA plus RNA-seq,UBERON:0006330,anterior lingual gland,tissue,adult,gtex,,,,OutputType.SPLICE_SITE_USAGE,Minor_Salivary_Gland,,
335,usage_UBERON:0006469 gtex Brain_Spinal_cord_cervical_c-1 polyA plus RNA-seq,+,polyA plus RNA-seq,UBERON:0006469,C1 segment of cervical spinal cord,tissue,adult,gtex,,,,OutputType.SPLICE_SITE_USAGE,Brain_Spinal_cord_cervical_c-1,,
336,usage_UBERON:0006566 gtex Heart_Left_Ventricle polyA plus RNA-seq,+,polyA plus RNA-seq,UBERON:0006566,left ventricle myocardium,tissue,adult,gtex,,,,OutputType.SPLICE_SITE_USAGE,Heart_Left_Ventricle,,
337,usage_UBERON:0006631 gtex Heart_Atrial_Appendage polyA plus RNA-seq,+,polyA plus RNA-seq,UBERON:0006631,right atrium auricular region,tissue,adult,gtex,,,,OutputType.SPLICE_SITE_USAGE,Heart_Atrial_Appendage,,
338,usage_UBERON:0006631 total RNA-seq,+,total RNA-seq,UBERON:0006631,right atrium auricular region,tissue,adult,encode,,,,OutputType.SPLICE_SITE_USAGE,,,
339,usage_UBERON:0006920 gtex Esophagus_Mucosa polyA plus RNA-seq,+,polyA plus RNA-seq,UBERON:0006920,esophagus squamous epithelium,tissue,adult,gtex,,,,OutputType.SPLICE_SITE_USAGE,Esophagus_Mucosa,,
340,usage_UBERON:0006920 total RNA-seq,+,total RNA-seq,UBERON:0006920,esophagus squamous epithelium,tissue,adult,encode,,,,OutputType.SPLICE_SITE_USAGE,,,
341,usage_UBERON:0007106 polyA plus RNA-seq,+,polyA plus RNA-seq,UBERON:0007106,chorionic villus,tissue,embryonic,encode,,,,OutputType.SPLICE_SITE_USAGE,,,
342,usage_UBERON:0007610 gtex Artery_Tibial polyA plus RNA-seq,+,polyA plus RNA-seq,UBERON:0007610,tibial artery,tissue,adult,gtex,,,,OutputType.SPLICE_SITE_USAGE,Artery_Tibial,,
343,usage_UBERON:0008367 gtex Breast_Mammary_Tissue polyA plus RNA-seq,+,polyA plus RNA-seq,UBERON:0008367,breast epithelium,tissue,adult,gtex,,,,OutputType.SPLICE_SITE_USAGE,Breast_Mammary_Tissue,,
344,usage_UBERON:0008367 total RNA-seq,+,total RNA-seq,UBERON:0008367,breast epithelium,tissue,adult,encode,,,,OutputType.SPLICE_SITE_USAGE,,,
345,usage_UBERON:0008450 polyA plus RNA-seq,+,polyA plus RNA-seq,UBERON:0008450,psoas muscle,tissue,adult,encode,,,,OutputType.SPLICE_SITE_USAGE,,,
346,usage_UBERON:0008450 total RNA-seq,+,total RNA-seq,UBERON:0008450,psoas muscle,tissue,adult,encode,,,,OutputType.SPLICE_SITE_USAGE,,,
347,usage_UBERON:0008952 gtex Lung polyA plus RNA-seq,+,polyA plus RNA-seq,UBERON:0008952,upper lobe of left lung,tissue,adult,gtex,,,,OutputType.SPLICE_SITE_USAGE,Lung,,
348,usage_UBERON:0008952 total RNA-seq,+,total RNA-seq,UBERON:0008952,upper lobe of left lung,tissue,adult,encode,,,,OutputType.SPLICE_SITE_USAGE,,,
349,usage_UBERON:0008953 total RNA-seq,+,total RNA-seq,UBERON:0008953,lower lobe of left lung,tissue,adult,encode,,,,OutputType.SPLICE_SITE_USAGE,,,
350,usage_UBERON:0008971 total RNA-seq,+,total RNA-seq,UBERON:0008971,left colon,tissue,adult,encode,,,,OutputType.SPLICE_SITE_USAGE,,,
351,usage_UBERON:0009834 gtex Brain_Frontal_Cortex_BA9 polyA plus RNA-seq,+,polyA plus RNA-seq,UBERON:0009834,dorsolateral prefrontal cortex,tissue,adult,gtex,,,,OutputType.SPLICE_SITE_USAGE,Brain_Frontal_Cortex_BA9,,
352,usage_UBERON:0009834 total RNA-seq,+,total RNA-seq,UBERON:0009834,dorsolateral prefrontal cortex,tissue,adult,encode,,,,OutputType.SPLICE_SITE_USAGE,,,
353,usage_UBERON:0009835 gtex Brain_Anterior_cingulate_cortex_BA24 polyA plus RNA-seq,+,polyA plus RNA-seq,UBERON:0009835,anterior cingulate cortex,tissue,adult,gtex,,,,OutputType.SPLICE_SITE_USAGE,Brain_Anterior_cingulate_cortex_BA24,,
354,usage_UBERON:0010414 gtex Adipose_Visceral_Omentum polyA plus RNA-seq,+,polyA plus RNA-seq,UBERON:0010414,omental fat pad,tissue,adult,gtex,,,,OutputType.SPLICE_SITE_USAGE,Adipose_Visceral_Omentum,,
355,usage_UBERON:0010414 total RNA-seq,+,total RNA-seq,UBERON:0010414,omental fat pad,tissue,adult,encode,,,,OutputType.SPLICE_SITE_USAGE,,,
356,usage_UBERON:0011907 gtex Muscle_Skeletal polyA plus RNA-seq,+,polyA plus RNA-seq,UBERON:0011907,gastrocnemius medialis,tissue,adult,gtex,,,,OutputType.SPLICE_SITE_USAGE,Muscle_Skeletal,,
357,usage_UBERON:0011907 total RNA-seq,+,total RNA-seq,UBERON:0011907,gastrocnemius medialis,tissue,adult,encode,,,,OutputType.SPLICE_SITE_USAGE,,,
358,usage_UBERON:0012249 gtex Cervix_Ectocervix polyA plus RNA-seq,+,polyA plus RNA-seq,UBERON:0012249,ectocervix,tissue,adult,gtex,,,,OutputType.SPLICE_SITE_USAGE,Cervix_Ectocervix,,
359,usage_UBERON:0013756 gtex Whole_Blood polyA plus RNA-seq,+,polyA plus RNA-seq,UBERON:0013756,venous blood,tissue,adult,gtex,,,,OutputType.SPLICE_SITE_USAGE,Whole_Blood,,
360,usage_UBERON:0015143 total RNA-seq,+,total RNA-seq,UBERON:0015143,mesenteric fat pad,tissue,adult,encode,,,,OutputType.SPLICE_SITE_USAGE,,,
361,usage_UBERON:0018115 polyA plus RNA-seq,+,polyA plus RNA-seq,UBERON:0018115,left renal pelvis,tissue,embryonic,encode,,,,OutputType.SPLICE_SITE_USAGE,,,
362,usage_UBERON:0018116 polyA plus RNA-seq,+,polyA plus RNA-seq,UBERON:0018116,right renal pelvis,tissue,embryonic,encode,,,,OutputType.SPLICE_SITE_USAGE,,,
363,usage_UBERON:0018117 polyA plus RNA-seq,+,polyA plus RNA-seq,UBERON:0018117,left renal cortex interstitium,tissue,embryonic,encode,,,,OutputType.SPLICE_SITE_USAGE,,,
364,usage_UBERON:0018118 polyA plus RNA-seq,+,polyA plus RNA-seq,UBERON:0018118,right renal cortex interstitium,tissue,embryonic,encode,,,,OutputType.SPLICE_SITE_USAGE,,,
365,usage_UBERON:0036149 gtex Skin_Not_Sun_Exposed_Suprapubic polyA plus RNA-seq,+,polyA plus RNA-seq,UBERON:0036149,suprapubic skin,tissue,adult,gtex,,,,OutputType.SPLICE_SITE_USAGE,Skin_Not_Sun_Exposed_Suprapubic,,
366,usage_UBERON:0036149 total RNA-seq,+,total RNA-seq,UBERON:0036149,suprapubic skin,tissue,adult,encode,,,,OutputType.SPLICE_SITE_USAGE,,,
367,usage_CL:0000047 polyA plus RNA-seq,-,polyA plus RNA-seq,CL:0000047,neuronal stem cell,in_vitro_differentiated_cells,embryonic,encode,,,,OutputType.SPLICE_SITE_USAGE,,,
368,usage_CL:0000062 total RNA-seq,-,total RNA-seq,CL:0000062,osteoblast,primary_cell,adult,encode,,,,OutputType.SPLICE_SITE_USAGE,,,
369,usage_CL:0000084 polyA plus RNA-seq,-,polyA plus RNA-seq,CL:0000084,T-cell,primary_cell,adult,encode,,,,OutputType.SPLICE_SITE_USAGE,,,
370,usage_CL:0000084 total RNA-seq,-,total RNA-seq,CL:0000084,T-cell,primary_cell,adult,encode,,,,OutputType.SPLICE_SITE_USAGE,,,
371,usage_CL:0000100 total RNA-seq,-,total RNA-seq,CL:0000100,motor neuron,in_vitro_differentiated_cells,adult,encode,,,,OutputType.SPLICE_SITE_USAGE,,,
372,usage_CL:0000115 total RNA-seq,-,total RNA-seq,CL:0000115,endothelial cell,in_vitro_differentiated_cells,adult,encode,,,,OutputType.SPLICE_SITE_USAGE,,,
373,usage_CL:0000121 polyA plus RNA-seq,-,polyA plus RNA-seq,CL:0000121,Purkinje cell,primary_cell,child,encode,,,,OutputType.SPLICE_SITE_USAGE,,,
374,usage_CL:0000127 total RNA-seq,-,total RNA-seq,CL:0000127,astrocyte,primary_cell,unknown,encode,,,,OutputType.SPLICE_SITE_USAGE,,,
375,usage_CL:0000134 polyA plus RNA-seq,-,polyA plus RNA-seq,CL:0000134,mesenchymal stem cell,in_vitro_differentiated_cells,embryonic,encode,,,,OutputType.SPLICE_SITE_USAGE,,,
376,usage_CL:0000137 total RNA-seq,-,total RNA-seq,CL:0000137,osteocyte,in_vitro_differentiated_cells,embryonic,encode,,,,OutputType.SPLICE_SITE_USAGE,,,
377,usage_CL:0000138 total RNA-seq,-,total RNA-seq,CL:0000138,chondrocyte,in_vitro_differentiated_cells,embryonic,encode,,,,OutputType.SPLICE_SITE_USAGE,,,
378,usage_CL:0000169 total RNA-seq,-,total RNA-seq,CL:0000169,type B pancreatic cell,in_vitro_differentiated_cells,embryonic,encode,,,,OutputType.SPLICE_SITE_USAGE,,,
379,usage_CL:0000182 polyA plus RNA-seq,-,polyA plus RNA-seq,CL:0000182,hepatocyte,in_vitro_differentiated_cells,embryonic,encode,,,,OutputType.SPLICE_SITE_USAGE,,,
380,usage_CL:0000182 total RNA-seq,-,total RNA-seq,CL:0000182,hepatocyte,in_vitro_differentiated_cells,embryonic,encode,,,,OutputType.SPLICE_SITE_USAGE,,,
381,usage_CL:0000187 polyA plus RNA-seq,-,polyA plus RNA-seq,CL:0000187,myocyte,in_vitro_differentiated_cells,adult,encode,,,,OutputType.SPLICE_SITE_USAGE,,,
382,usage_CL:0000187 total RNA-seq,-,total RNA-seq,CL:0000187,myocyte,in_vitro_differentiated_cells,adult,encode,,,,OutputType.SPLICE_SITE_USAGE,,,
383,usage_CL:0000192 polyA plus RNA-seq,-,polyA plus RNA-seq,CL:0000192,smooth muscle cell,in_vitro_differentiated_cells,embryonic,encode,,,,OutputType.SPLICE_SITE_USAGE,,,
384,usage_CL:0000192 total RNA-seq,-,total RNA-seq,CL:0000192,smooth muscle cell,in_vitro_differentiated_cells,embryonic,encode,,,,OutputType.SPLICE_SITE_USAGE,,,
385,usage_CL:0000221 polyA plus RNA-seq,-,polyA plus RNA-seq,CL:0000221,ectodermal cell,in_vitro_differentiated_cells,embryonic,encode,,,,OutputType.SPLICE_SITE_USAGE,,,
386,usage_CL:0000222 polyA plus RNA-seq,-,polyA plus RNA-seq,CL:0000222,mesodermal cell,in_vitro_differentiated_cells,embryonic,encode,,,,OutputType.SPLICE_SITE_USAGE,,,
387,usage_CL:0000223 polyA plus RNA-seq,-,polyA plus RNA-seq,CL:0000223,endodermal cell,in_vitro_differentiated_cells,embryonic,encode,,,,OutputType.SPLICE_SITE_USAGE,,,
388,usage_CL:0000223 total RNA-seq,-,total RNA-seq,CL:0000223,endodermal cell,in_vitro_differentiated_cells,embryonic,encode,,,,OutputType.SPLICE_SITE_USAGE,,,
389,usage_CL:0000236 polyA plus RNA-seq,-,polyA plus RNA-seq,CL:0000236,B cell,primary_cell,adult,encode,,,,OutputType.SPLICE_SITE_USAGE,,,
390,usage_CL:0000236 total RNA-seq,-,total RNA-seq,CL:0000236,B cell,primary_cell,adult,encode,,,,OutputType.SPLICE_SITE_USAGE,,,
391,usage_CL:0000307 total RNA-seq,-,total RNA-seq,CL:0000307,tracheal epithelial cell,primary_cell,adult,encode,,,,OutputType.SPLICE_SITE_USAGE,,,
392,usage_CL:0000312 polyA plus RNA-seq,-,polyA plus RNA-seq,CL:0000312,keratinocyte,primary_cell,unknown,encode,,,,OutputType.SPLICE_SITE_USAGE,,,
393,usage_CL:0000346 total RNA-seq,-,total RNA-seq,CL:0000346,hair follicle dermal papilla cell,primary_cell,adult,encode,,,,OutputType.SPLICE_SITE_USAGE,,,
394,usage_CL:0000351 polyA plus RNA-seq,-,polyA plus RNA-seq,CL:0000351,trophoblast cell,in_vitro_differentiated_cells,embryonic,encode,,,,OutputType.SPLICE_SITE_USAGE,,,
395,usage_CL:0000515 polyA plus RNA-seq,-,polyA plus RNA-seq,CL:0000515,skeletal muscle myoblast,primary_cell,unknown,encode,,,,OutputType.SPLICE_SITE_USAGE,,,
396,usage_CL:0000515 total RNA-seq,-,total RNA-seq,CL:0000515,skeletal muscle myoblast,primary_cell,unknown,encode,,,,OutputType.SPLICE_SITE_USAGE,,,
397,usage_CL:0000594 total RNA-seq,-,total RNA-seq,CL:0000594,skeletal muscle satellite cell,primary_cell,adult,encode,,,,OutputType.SPLICE_SITE_USAGE,,,
398,usage_CL:0000623 polyA plus RNA-seq,-,polyA plus RNA-seq,CL:0000623,natural killer cell,primary_cell,adult,encode,,,,OutputType.SPLICE_SITE_USAGE,,,
399,usage_CL:0000623 total RNA-seq,-,total RNA-seq,CL:0000623,natural killer cell,primary_cell,adult,encode,,,,OutputType.SPLICE_SITE_USAGE,,,
400,usage_CL:0000624 polyA plus RNA-seq,-,polyA plus RNA-seq,CL:0000624,"CD4-positive, alpha-beta T cell",primary_cell,adult,encode,,,,OutputType.SPLICE_SITE_USAGE,,,
401,usage_CL:0000624 total RNA-seq,-,total RNA-seq,CL:0000624,"CD4-positive, alpha-beta T cell",primary_cell,adult,encode,,,,OutputType.SPLICE_SITE_USAGE,,,
402,usage_CL:0000625 polyA plus RNA-seq,-,polyA plus RNA-seq,CL:0000625,"CD8-positive, alpha-beta T cell",primary_cell,adult,encode,,,,OutputType.SPLICE_SITE_USAGE,,,
403,usage_CL:0000625 total RNA-seq,-,total RNA-seq,CL:0000625,"CD8-positive, alpha-beta T cell",primary_cell,adult,encode,,,,OutputType.SPLICE_SITE_USAGE,,,
404,usage_CL:0000650 total RNA-seq,-,total RNA-seq,CL:0000650,mesangial cell,primary_cell,"unknown,embryonic",encode,,,,OutputType.SPLICE_SITE_USAGE,,,
405,usage_CL:0000679 total RNA-seq,-,total RNA-seq,CL:0000679,glutamatergic neuron,in_vitro_differentiated_cells,adult,encode,,,,OutputType.SPLICE_SITE_USAGE,,,
406,usage_CL:0000746 polyA plus RNA-seq,-,polyA plus RNA-seq,CL:0000746,cardiac muscle cell,in_vitro_differentiated_cells,embryonic,encode,,,,OutputType.SPLICE_SITE_USAGE,,,
407,usage_CL:0000746 total RNA-seq,-,total RNA-seq,CL:0000746,cardiac muscle cell,in_vitro_differentiated_cells,embryonic,encode,,,,OutputType.SPLICE_SITE_USAGE,,,
408,usage_CL:0000788 polyA plus RNA-seq,-,polyA plus RNA-seq,CL:0000788,naive B cell,primary_cell,unknown,encode,,,,OutputType.SPLICE_SITE_USAGE,,,
409,usage_CL:0000792 polyA plus RNA-seq,-,polyA plus RNA-seq,CL:0000792,"CD4-positive, CD25-positive, alpha-beta regulatory T cell",primary_cell,unknown,encode,,,,OutputType.SPLICE_SITE_USAGE,,,
410,usage_CL:0000823 polyA plus RNA-seq,-,polyA plus RNA-seq,CL:0000823,immature natural killer cell,primary_cell,unknown,encode,,,,OutputType.SPLICE_SITE_USAGE,,,
411,usage_CL:0000837 total RNA-seq,-,total RNA-seq,CL:0000837,hematopoietic multipotent progenitor cell,in_vitro_differentiated_cells,unknown,encode,,,,OutputType.SPLICE_SITE_USAGE,,,
412,usage_CL:0000842 total RNA-seq,-,total RNA-seq,CL:0000842,mononuclear cell,primary_cell,adult,encode,,,,OutputType.SPLICE_SITE_USAGE,,,
413,usage_CL:0000895 polyA plus RNA-seq,-,polyA plus RNA-seq,CL:0000895,"naive thymus-derived CD4-positive, alpha-beta T cell",primary_cell,unknown,encode,,,,OutputType.SPLICE_SITE_USAGE,,,
414,usage_CL:0000895 total RNA-seq,-,total RNA-seq,CL:0000895,"naive thymus-derived CD4-positive, alpha-beta T cell",primary_cell,adult,encode,,,,OutputType.SPLICE_SITE_USAGE,,,
415,usage_CL:0000897 polyA plus RNA-seq,-,polyA plus RNA-seq,CL:0000897,"CD4-positive, alpha-beta memory T cell",primary_cell,unknown,encode,,,,OutputType.SPLICE_SITE_USAGE,,,
416,usage_CL:0000897 total RNA-seq,-,total RNA-seq,CL:0000897,"CD4-positive, alpha-beta memory T cell",primary_cell,adult,encode,,,,OutputType.SPLICE_SITE_USAGE,,,
417,usage_CL:0000900 polyA plus RNA-seq,-,polyA plus RNA-seq,CL:0000900,"naive thymus-derived CD8-positive, alpha-beta T cell",primary_cell,unknown,encode,,,,OutputType.SPLICE_SITE_USAGE,,,
418,usage_CL:0000900 total RNA-seq,-,total RNA-seq,CL:0000900,"naive thymus-derived CD8-positive, alpha-beta T cell",primary_cell,adult,encode,,,,OutputType.SPLICE_SITE_USAGE,,,
419,usage_CL:0000909 polyA plus RNA-seq,-,polyA plus RNA-seq,CL:0000909,"CD8-positive, alpha-beta memory T cell",primary_cell,unknown,encode,,,,OutputType.SPLICE_SITE_USAGE,,,
420,usage_CL:0000909 total RNA-seq,-,total RNA-seq,CL:0000909,"CD8-positive, alpha-beta memory T cell",primary_cell,adult,encode,,,,OutputType.SPLICE_SITE_USAGE,,,
421,usage_CL:0001053 polyA plus RNA-seq,-,polyA plus RNA-seq,CL:0001053,IgD-negative memory B cell,primary_cell,unknown,encode,,,,OutputType.SPLICE_SITE_USAGE,,,
422,usage_CL:0001054 polyA plus RNA-seq,-,polyA plus RNA-seq,CL:0001054,CD14-positive monocyte,primary_cell,adult,encode,,,,OutputType.SPLICE_SITE_USAGE,,,
423,usage_CL:0001059 polyA plus RNA-seq,-,polyA plus RNA-seq,CL:0001059,"common myeloid progenitor, CD34-positive",primary_cell,adult,encode,,,,OutputType.SPLICE_SITE_USAGE,,,
424,usage_CL:0002098 total RNA-seq,-,total RNA-seq,CL:0002098,regular cardiac myocyte,primary_cell,adult,encode,,,,OutputType.SPLICE_SITE_USAGE,,,
425,usage_CL:0002188 total RNA-seq,-,total RNA-seq,CL:0002188,glomerular endothelial cell,primary_cell,embryonic,encode,,,,OutputType.SPLICE_SITE_USAGE,,,
426,usage_CL:0002306 total RNA-seq,-,total RNA-seq,CL:0002306,epithelial cell of proximal tubule,primary_cell,unknown,encode,,,,OutputType.SPLICE_SITE_USAGE,,,
427,usage_CL:0002319 polyA plus RNA-seq,-,polyA plus RNA-seq,CL:0002319,neural cell,in_vitro_differentiated_cells,embryonic,encode,,,,OutputType.SPLICE_SITE_USAGE,,,
428,usage_CL:0002324 polyA plus RNA-seq,-,polyA plus RNA-seq,CL:0002324,myoepithelial cell of mammary gland,primary_cell,adult,encode,,,,OutputType.SPLICE_SITE_USAGE,,,
429,usage_CL:0002326 polyA plus RNA-seq,-,polyA plus RNA-seq,CL:0002326,luminal epithelial cell of mammary gland,primary_cell,adult,encode,,,,OutputType.SPLICE_SITE_USAGE,,,
430,usage_CL:0002327 polyA plus RNA-seq,-,polyA plus RNA-seq,CL:0002327,mammary epithelial cell,primary_cell,adult,encode,,,,OutputType.SPLICE_SITE_USAGE,,,
431,usage_CL:0002327 total RNA-seq,-,total RNA-seq,CL:0002327,mammary epithelial cell,primary_cell,adult,encode,,,,OutputType.SPLICE_SITE_USAGE,,,
432,usage_CL:0002328 total RNA-seq,-,total RNA-seq,CL:0002328,bronchial epithelial cell,primary_cell,adult,encode,,,,OutputType.SPLICE_SITE_USAGE,,,
433,usage_CL:0002351 total RNA-seq,-,total RNA-seq,CL:0002351,progenitor cell of endocrine pancreas,in_vitro_differentiated_cells,embryonic,encode,,,,OutputType.SPLICE_SITE_USAGE,,,
434,usage_CL:0002366 total RNA-seq,-,total RNA-seq,CL:0002366,myometrial cell,primary_cell,adult,encode,,,,OutputType.SPLICE_SITE_USAGE,,,
435,usage_CL:0002368 total RNA-seq,-,total RNA-seq,CL:0002368,airway epithelial cell,primary_cell,unknown,encode,,,,OutputType.SPLICE_SITE_USAGE,,,
436,usage_CL:0002372 total RNA-seq,-,total RNA-seq,CL:0002372,myotube,in_vitro_differentiated_cells,unknown,encode,,,,OutputType.SPLICE_SITE_USAGE,,,
437,usage_CL:0002451 polyA plus RNA-seq,-,polyA plus RNA-seq,CL:0002451,mammary stem cell,primary_cell,adult,encode,,,,OutputType.SPLICE_SITE_USAGE,,,
438,usage_CL:0002518 total RNA-seq,-,total RNA-seq,CL:0002518,kidney epithelial cell,primary_cell,"embryonic,newborn",encode,,,,OutputType.SPLICE_SITE_USAGE,,,
439,usage_CL:0002539 total RNA-seq,-,total RNA-seq,CL:0002539,aortic smooth muscle cell,primary_cell,adult,encode,,,,OutputType.SPLICE_SITE_USAGE,,,
440,usage_CL:0002540 total RNA-seq,-,total RNA-seq,CL:0002540,mesenchymal stem cell of the bone marrow,primary_cell,adult,encode,,,,OutputType.SPLICE_SITE_USAGE,,,
441,usage_CL:0002543 total RNA-seq,-,total RNA-seq,CL:0002543,vein endothelial cell,primary_cell,adult,encode,,,,OutputType.SPLICE_SITE_USAGE,,,
442,usage_CL:0002545 total RNA-seq,-,total RNA-seq,CL:0002545,thoracic aorta endothelial cell,primary_cell,adult,encode,,,,OutputType.SPLICE_SITE_USAGE,,,
443,usage_CL:0002547 total RNA-seq,-,total RNA-seq,CL:0002547,fibroblast of the aortic adventitia,primary_cell,adult,encode,,,,OutputType.SPLICE_SITE_USAGE,,,
444,usage_CL:0002551 total RNA-seq,-,total RNA-seq,CL:0002551,fibroblast of dermis,primary_cell,adult,encode,,,,OutputType.SPLICE_SITE_USAGE,,,
445,usage_CL:0002553 polyA plus RNA-seq,-,polyA plus RNA-seq,CL:0002553,fibroblast of lung,primary_cell,adult,encode,,,,OutputType.SPLICE_SITE_USAGE,,,
446,usage_CL:0002553 total RNA-seq,-,total RNA-seq,CL:0002553,fibroblast of lung,primary_cell,adult,encode,,,,OutputType.SPLICE_SITE_USAGE,,,
447,usage_CL:0002558 total RNA-seq,-,total RNA-seq,CL:0002558,fibroblast of villous mesenchyme,primary_cell,newborn,encode,,,,OutputType.SPLICE_SITE_USAGE,,,
448,usage_CL:0002568 total RNA-seq,-,total RNA-seq,CL:0002568,mesenchymal stem cell of Wharton's jelly,primary_cell,newborn,encode,,,,OutputType.SPLICE_SITE_USAGE,,,
449,usage_CL:0002570 total RNA-seq,-,total RNA-seq,CL:0002570,mesenchymal stem cell of adipose,primary_cell,adult,encode,,,,OutputType.SPLICE_SITE_USAGE,,,
450,usage_CL:0002577 total RNA-seq,-,total RNA-seq,CL:0002577,placental epithelial cell,primary_cell,newborn,encode,,,,OutputType.SPLICE_SITE_USAGE,,,
451,usage_CL:0002583 total RNA-seq,-,total RNA-seq,CL:0002583,subcutaneous preadipocyte,primary_cell,adult,encode,,,,OutputType.SPLICE_SITE_USAGE,,,
452,usage_CL:0002584 total RNA-seq,-,total RNA-seq,CL:0002584,renal cortical epithelial cell,primary_cell,adult,encode,,,,OutputType.SPLICE_SITE_USAGE,,,
453,usage_CL:0002591 total RNA-seq,-,total RNA-seq,CL:0002591,smooth muscle cell of the pulmonary artery,primary_cell,adult,encode,,,,OutputType.SPLICE_SITE_USAGE,,,
454,usage_CL:0002592 total RNA-seq,-,total RNA-seq,CL:0002592,smooth muscle cell of the coronary artery,primary_cell,adult,encode,,,,OutputType.SPLICE_SITE_USAGE,,,
455,usage_CL:0002594 total RNA-seq,-,total RNA-seq,CL:0002594,smooth muscle cell of the umbilical artery,primary_cell,newborn,encode,,,,OutputType.SPLICE_SITE_USAGE,,,
456,usage_CL:0002597 total RNA-seq,-,total RNA-seq,CL:0002597,smooth muscle cell of bladder,primary_cell,adult,encode,,,,OutputType.SPLICE_SITE_USAGE,,,
457,usage_CL:0002598 total RNA-seq,-,total RNA-seq,CL:0002598,bronchial smooth muscle cell,primary_cell,adult,encode,,,,OutputType.SPLICE_SITE_USAGE,,,
458,usage_CL:0002600 total RNA-seq,-,total RNA-seq,CL:0002600,smooth muscle cell of trachea,primary_cell,adult,encode,,,,OutputType.SPLICE_SITE_USAGE,,,
459,usage_CL:0002601 total RNA-seq,-,total RNA-seq,CL:0002601,uterine smooth muscle cell,primary_cell,adult,encode,,,,OutputType.SPLICE_SITE_USAGE,,,
460,usage_CL:0002618 polyA plus RNA-seq,-,polyA plus RNA-seq,CL:0002618,endothelial cell of umbilical vein,primary_cell,newborn,encode,,,,OutputType.SPLICE_SITE_USAGE,,,
461,usage_CL:0002618 total RNA-seq,-,total RNA-seq,CL:0002618,endothelial cell of umbilical vein,primary_cell,newborn,encode,,,,OutputType.SPLICE_SITE_USAGE,,,
462,usage_CL:0010002 total RNA-seq,-,total RNA-seq,CL:0010002,epithelial cell of umbilical artery,primary_cell,newborn,encode,,,,OutputType.SPLICE_SITE_USAGE,,,
463,usage_CL:0010003 total RNA-seq,-,total RNA-seq,CL:0010003,epithelial cell of alveolus of lung,primary_cell,"unknown,embryonic",encode,,,,OutputType.SPLICE_SITE_USAGE,,,
464,usage_CL:0011012 total RNA-seq,-,total RNA-seq,CL:0011012,neural crest cell,in_vitro_differentiated_cells,embryonic,encode,,,,OutputType.SPLICE_SITE_USAGE,,,
465,usage_CL:0011019 total RNA-seq,-,total RNA-seq,CL:0011019,mesothelial cell of epicardium,in_vitro_differentiated_cells,embryonic,encode,,,,OutputType.SPLICE_SITE_USAGE,,,
466,usage_CL:0011020 total RNA-seq,-,total RNA-seq,CL:0011020,neural progenitor cell,in_vitro_differentiated_cells,embryonic,encode,,,,OutputType.SPLICE_SITE_USAGE,,,
467,usage_CL:0011022 polyA plus RNA-seq,-,polyA plus RNA-seq,CL:0011022,fibroblast of skin of back,primary_cell,embryonic,encode,,,,OutputType.SPLICE_SITE_USAGE,,,
468,usage_CL:1000458 total RNA-seq,-,total RNA-seq,CL:1000458,melanocyte of skin,primary_cell,adult,encode,,,,OutputType.SPLICE_SITE_USAGE,,,
469,usage_CL:1001568 total RNA-seq,-,total RNA-seq,CL:1001568,pulmonary artery endothelial cell,primary_cell,adult,encode,,,,OutputType.SPLICE_SITE_USAGE,,,
470,usage_CL:1001606 polyA plus RNA-seq,-,polyA plus RNA-seq,CL:1001606,foreskin keratinocyte,primary_cell,newborn,encode,,,,OutputType.SPLICE_SITE_USAGE,,,
471,usage_CL:1001606 total RNA-seq,-,total RNA-seq,CL:1001606,foreskin keratinocyte,primary_cell,newborn,encode,,,,OutputType.SPLICE_SITE_USAGE,,,
472,usage_CL:1001608 polyA plus RNA-seq,-,polyA plus RNA-seq,CL:1001608,foreskin fibroblast,primary_cell,newborn,encode,,,,OutputType.SPLICE_SITE_USAGE,,,
473,usage_CL:2000001 polyA plus RNA-seq,-,polyA plus RNA-seq,CL:2000001,peripheral blood mononuclear cell,primary_cell,adult,encode,,,,OutputType.SPLICE_SITE_USAGE,,,
474,usage_CL:2000007 total RNA-seq,-,total RNA-seq,CL:2000007,articular chondrocyte of knee joint,primary_cell,adult,encode,,,,OutputType.SPLICE_SITE_USAGE,,,
475,usage_CL:2000010 total RNA-seq,-,total RNA-seq,CL:2000010,dermis blood vessel endothelial cell,primary_cell,child,encode,,,,OutputType.SPLICE_SITE_USAGE,,,
476,usage_CL:2000011 total RNA-seq,-,total RNA-seq,CL:2000011,dermis lymphatic vessel endothelial cell,primary_cell,"child,adult",encode,,,,OutputType.SPLICE_SITE_USAGE,,,
477,usage_CL:2000013 polyA plus RNA-seq,-,polyA plus RNA-seq,CL:2000013,fibroblast of skin of abdomen,primary_cell,embryonic,encode,,,,OutputType.SPLICE_SITE_USAGE,,,
478,usage_CL:2000016 total RNA-seq,-,total RNA-seq,CL:2000016,lung microvascular endothelial cell,primary_cell,adult,encode,,,,OutputType.SPLICE_SITE_USAGE,,,
479,usage_CL:2000018 total RNA-seq,-,total RNA-seq,CL:2000018,endothelial cell of coronary artery,primary_cell,adult,encode,,,,OutputType.SPLICE_SITE_USAGE,,,
480,usage_CL:2000040 total RNA-seq,-,total RNA-seq,CL:2000040,bladder microvascular endothelial cell,primary_cell,adult,encode,,,,OutputType.SPLICE_SITE_USAGE,,,
481,usage_CL:2000041 total RNA-seq,-,total RNA-seq,CL:2000041,dermis microvascular lymphatic vessel endothelial cell,primary_cell,adult,encode,,,,OutputType.SPLICE_SITE_USAGE,,,
482,usage_CL:2000045 polyA plus RNA-seq,-,polyA plus RNA-seq,CL:2000045,foreskin melanocyte,primary_cell,newborn,encode,,,,OutputType.SPLICE_SITE_USAGE,,,
483,usage_CL:2000066 total RNA-seq,-,total RNA-seq,CL:2000066,cardiac ventricle fibroblast,primary_cell,"adult,unknown",encode,,,,OutputType.SPLICE_SITE_USAGE,,,
484,usage_CL:2000067 total RNA-seq,-,total RNA-seq,CL:2000067,cardiac atrium fibroblast,primary_cell,child,encode,,,,OutputType.SPLICE_SITE_USAGE,,,
485,usage_CL:2000068 total RNA-seq,-,total RNA-seq,CL:2000068,pericardium fibroblast,primary_cell,"embryonic,unknown",encode,,,,OutputType.SPLICE_SITE_USAGE,,,
486,usage_CL:2000071 total RNA-seq,-,total RNA-seq,CL:2000071,mammary microvascular endothelial cell,primary_cell,adult,encode,,,,OutputType.SPLICE_SITE_USAGE,,,
487,usage_CL:2000078 total RNA-seq,-,total RNA-seq,CL:2000078,placental pericyte,primary_cell,newborn,encode,,,,OutputType.SPLICE_SITE_USAGE,,,
488,usage_CL:2000092 total RNA-seq,-,total RNA-seq,CL:2000092,hair follicular keratinocyte,primary_cell,adult,encode,,,,OutputType.SPLICE_SITE_USAGE,,,
489,usage_CL:2000093 total RNA-seq,-,total RNA-seq,CL:2000093,bronchus fibroblast of lung,primary_cell,unknown,encode,,,,OutputType.SPLICE_SITE_USAGE,,,
490,usage_CL:2000094 total RNA-seq,-,total RNA-seq,CL:2000094,nasal cavity respiratory epithelium epithelial cell of viscerocranial mucosa,primary_cell,adult,encode,,,,OutputType.SPLICE_SITE_USAGE,,,
491,usage_CLO:0007045 polyA plus RNA-seq,-,polyA plus RNA-seq,CLO:0007045,"Jurkat, Clone E6-1",cell_line,child,encode,,,,OutputType.SPLICE_SITE_USAGE,,,
492,usage_EFO:0000572 gtex Cells_EBV-transformed_lymphocytes polyA plus RNA-seq,-,polyA plus RNA-seq,EFO:0000572,lymphoblast,tissue,adult,gtex,,,,OutputType.SPLICE_SITE_USAGE,Cells_EBV-transformed_lymphocytes,,
493,usage_EFO:0001086 polyA plus RNA-seq,-,polyA plus RNA-seq,EFO:0001086,A549,cell_line,adult,encode,,,,OutputType.SPLICE_SITE_USAGE,,,
494,usage_EFO:0001099 total RNA-seq,-,total RNA-seq,EFO:0001099,Caco-2,cell_line,adult,encode,,,,OutputType.SPLICE_SITE_USAGE,,,
495,usage_EFO:0001187 polyA plus RNA-seq,-,polyA plus RNA-seq,EFO:0001187,HepG2,cell_line,child,encode,,,,OutputType.SPLICE_SITE_USAGE,,,
496,usage_EFO:0001187 total RNA-seq,-,total RNA-seq,EFO:0001187,HepG2,cell_line,child,encode,,,,OutputType.SPLICE_SITE_USAGE,,,
497,usage_EFO:0001193 total RNA-seq,-,total RNA-seq,EFO:0001193,HT-29,cell_line,adult,encode,,,,OutputType.SPLICE_SITE_USAGE,,,
498,usage_EFO:0001196 polyA plus RNA-seq,-,polyA plus RNA-seq,EFO:0001196,IMR-90,cell_line,embryonic,encode,,,,OutputType.SPLICE_SITE_USAGE,,,
499,usage_EFO:0001196 total RNA-seq,-,total RNA-seq,EFO:0001196,IMR-90,cell_line,embryonic,encode,,,,OutputType.SPLICE_SITE_USAGE,,,
500,usage_EFO:0001200 total RNA-seq,-,total RNA-seq,EFO:0001200,MCF 10A,cell_line,adult,encode,,,,OutputType.SPLICE_SITE_USAGE,,,
501,usage_EFO:0001203 polyA plus RNA-seq,-,polyA plus RNA-seq,EFO:0001203,MCF-7,cell_line,adult,encode,,,,OutputType.SPLICE_SITE_USAGE,,,
502,usage_EFO:0001203 total RNA-seq,-,total RNA-seq,EFO:0001203,MCF-7,cell_line,adult,encode,,,,OutputType.SPLICE_SITE_USAGE,,,
503,usage_EFO:0002009 gtex Cells_Cultured_fibroblasts polyA plus RNA-seq,-,polyA plus RNA-seq,EFO:0002009,fibroblast derived cell line,tissue,adult,gtex,,,,OutputType.SPLICE_SITE_USAGE,Cells_Cultured_fibroblasts,,
504,usage_EFO:0002059 polyA plus RNA-seq,-,polyA plus RNA-seq,EFO:0002059,HT1080,cell_line,adult,encode,,,,OutputType.SPLICE_SITE_USAGE,,,
505,usage_EFO:0002059 total RNA-seq,-,total RNA-seq,EFO:0002059,HT1080,cell_line,adult,encode,,,,OutputType.SPLICE_SITE_USAGE,,,
506,usage_EFO:0002067 polyA plus RNA-seq,-,polyA plus RNA-seq,EFO:0002067,K562,cell_line,adult,encode,,,,OutputType.SPLICE_SITE_USAGE,,,
507,usage_EFO:0002067 total RNA-seq,-,total RNA-seq,EFO:0002067,K562,cell_line,adult,encode,,,,OutputType.SPLICE_SITE_USAGE,,,
508,usage_EFO:0002074 total RNA-seq,-,total RNA-seq,EFO:0002074,PC-3,cell_line,adult,encode,,,,OutputType.SPLICE_SITE_USAGE,,,
509,usage_EFO:0002101 total RNA-seq,-,total RNA-seq,EFO:0002101,A172,cell_line,adult,encode,,,,OutputType.SPLICE_SITE_USAGE,,,
510,usage_EFO:0002103 total RNA-seq,-,total RNA-seq,EFO:0002103,A375,cell_line,adult,encode,,,,OutputType.SPLICE_SITE_USAGE,,,
511,usage_EFO:0002106 total RNA-seq,-,total RNA-seq,EFO:0002106,A673,cell_line,child,encode,,,,OutputType.SPLICE_SITE_USAGE,,,
512,usage_EFO:0002150 total RNA-seq,-,total RNA-seq,EFO:0002150,Caki2,cell_line,adult,encode,,,,OutputType.SPLICE_SITE_USAGE,,,
513,usage_EFO:0002179 total RNA-seq,-,total RNA-seq,EFO:0002179,G401,cell_line,child,encode,,,,OutputType.SPLICE_SITE_USAGE,,,
514,usage_EFO:0002184 total RNA-seq,-,total RNA-seq,EFO:0002184,H4,cell_line,adult,encode,,,,OutputType.SPLICE_SITE_USAGE,,,
515,usage_EFO:0002234 total RNA-seq,-,total RNA-seq,EFO:0002234,MG63,cell_line,child,encode,,,,OutputType.SPLICE_SITE_USAGE,,,
516,usage_EFO:0002330 total RNA-seq,-,total RNA-seq,EFO:0002330,SJSA1,cell_line,adult,encode,,,,OutputType.SPLICE_SITE_USAGE,,,
517,usage_EFO:0002713 polyA plus RNA-seq,-,polyA plus RNA-seq,EFO:0002713,Panc1,cell_line,adult,encode,,,,OutputType.SPLICE_SITE_USAGE,,,
518,usage_EFO:0002713 total RNA-seq,-,total RNA-seq,EFO:0002713,Panc1,cell_line,adult,encode,,,,OutputType.SPLICE_SITE_USAGE,,,
519,usage_EFO:0002779 polyA plus RNA-seq,-,polyA plus RNA-seq,EFO:0002779,BJ,cell_line,newborn,encode,,,,OutputType.SPLICE_SITE_USAGE,,,
520,usage_EFO:0002784 polyA plus RNA-seq,-,polyA plus RNA-seq,EFO:0002784,GM12878,cell_line,adult,encode,,,,OutputType.SPLICE_SITE_USAGE,,,
521,usage_EFO:0002784 total RNA-seq,-,total RNA-seq,EFO:0002784,GM12878,cell_line,adult,encode,,,,OutputType.SPLICE_SITE_USAGE,,,
522,usage_EFO:0002785 polyA plus RNA-seq,-,polyA plus RNA-seq,EFO:0002785,GM12891,cell_line,unknown,encode,,,,OutputType.SPLICE_SITE_USAGE,,,
523,usage_EFO:0002786 polyA plus RNA-seq,-,polyA plus RNA-seq,EFO:0002786,GM12892,cell_line,unknown,encode,,,,OutputType.SPLICE_SITE_USAGE,,,
524,usage_EFO:0002791 polyA plus RNA-seq,-,polyA plus RNA-seq,EFO:0002791,HeLa-S3,cell_line,adult,encode,,,,OutputType.SPLICE_SITE_USAGE,,,
525,usage_EFO:0002819 total RNA-seq,-,total RNA-seq,EFO:0002819,Calu3,cell_line,adult,encode,,,,OutputType.SPLICE_SITE_USAGE,,,
526,usage_EFO:0002824 polyA plus RNA-seq,-,polyA plus RNA-seq,EFO:0002824,HCT116,cell_line,adult,encode,,,,OutputType.SPLICE_SITE_USAGE,,,
527,usage_EFO:0002824 total RNA-seq,-,total RNA-seq,EFO:0002824,HCT116,cell_line,adult,encode,,,,OutputType.SPLICE_SITE_USAGE,,,
528,usage_EFO:0002847 total RNA-seq,-,total RNA-seq,EFO:0002847,PC-9,cell_line,unknown,encode,,,,OutputType.SPLICE_SITE_USAGE,,,
529,usage_EFO:0003042 polyA plus RNA-seq,-,polyA plus RNA-seq,EFO:0003042,H1,cell_line,embryonic,encode,,,,OutputType.SPLICE_SITE_USAGE,,,
530,usage_EFO:0003042 total RNA-seq,-,total RNA-seq,EFO:0003042,H1,cell_line,embryonic,encode,,,,OutputType.SPLICE_SITE_USAGE,,,
531,usage_EFO:0003044 polyA plus RNA-seq,-,polyA plus RNA-seq,EFO:0003044,NCI-H460,cell_line,unknown,encode,,,,OutputType.SPLICE_SITE_USAGE,,,
532,usage_EFO:0003044 total RNA-seq,-,total RNA-seq,EFO:0003044,NCI-H460,cell_line,unknown,encode,,,,OutputType.SPLICE_SITE_USAGE,,,
533,usage_EFO:0003045 total RNA-seq,-,total RNA-seq,EFO:0003045,H9,cell_line,embryonic,encode,,,,OutputType.SPLICE_SITE_USAGE,,,
534,usage_EFO:0003072 polyA plus RNA-seq,-,polyA plus RNA-seq,EFO:0003072,SK-N-SH,cell_line,child,encode,,,,OutputType.SPLICE_SITE_USAGE,,,
535,usage_EFO:0005234 polyA plus RNA-seq,-,polyA plus RNA-seq,EFO:0005234,PFSK-1,cell_line,child,encode,,,,OutputType.SPLICE_SITE_USAGE,,,
536,usage_EFO:0005237 polyA plus RNA-seq,-,polyA plus RNA-seq,EFO:0005237,U-87 MG,cell_line,adult,encode,,,,OutputType.SPLICE_SITE_USAGE,,,
537,usage_EFO:0005697 total RNA-seq,-,total RNA-seq,EFO:0005697,M059J,cell_line,adult,encode,,,,OutputType.SPLICE_SITE_USAGE,,,
538,usage_EFO:0005698 total RNA-seq,-,total RNA-seq,EFO:0005698,Daoy,cell_line,child,encode,,,,OutputType.SPLICE_SITE_USAGE,,,
539,usage_EFO:0005712 total RNA-seq,-,total RNA-seq,EFO:0005712,RPMI7951,cell_line,adult,encode,,,,OutputType.SPLICE_SITE_USAGE,,,
540,usage_EFO:0005714 polyA plus RNA-seq,-,polyA plus RNA-seq,EFO:0005714,LHCN-M2,cell_line,adult,encode,,,,OutputType.SPLICE_SITE_USAGE,,,
541,usage_EFO:0005714 total RNA-seq,-,total RNA-seq,EFO:0005714,LHCN-M2,cell_line,adult,encode,,,,OutputType.SPLICE_SITE_USAGE,,,
542,usage_EFO:0005719 total RNA-seq,-,total RNA-seq,EFO:0005719,Karpas-422,cell_line,adult,encode,,,,OutputType.SPLICE_SITE_USAGE,,,
543,usage_EFO:0005720 polyA plus RNA-seq,-,polyA plus RNA-seq,EFO:0005720,SK-MEL-5,cell_line,adult,encode,,,,OutputType.SPLICE_SITE_USAGE,,,
544,usage_EFO:0005720 total RNA-seq,-,total RNA-seq,EFO:0005720,SK-MEL-5,cell_line,adult,encode,,,,OutputType.SPLICE_SITE_USAGE,,,
545,usage_EFO:0005721 polyA plus RNA-seq,-,polyA plus RNA-seq,EFO:0005721,SK-N-DZ,cell_line,child,encode,,,,OutputType.SPLICE_SITE_USAGE,,,
546,usage_EFO:0005722 total RNA-seq,-,total RNA-seq,EFO:0005722,SJCRH30,cell_line,child,encode,,,,OutputType.SPLICE_SITE_USAGE,,,
547,usage_EFO:0005723 polyA plus RNA-seq,-,polyA plus RNA-seq,EFO:0005723,GM23248,cell_line,adult,encode,,,,OutputType.SPLICE_SITE_USAGE,,,
548,usage_EFO:0005723 total RNA-seq,-,total RNA-seq,EFO:0005723,GM23248,cell_line,adult,encode,,,,OutputType.SPLICE_SITE_USAGE,,,
549,usage_EFO:0005725 polyA plus RNA-seq,-,polyA plus RNA-seq,EFO:0005725,BE2C,cell_line,child,encode,,,,OutputType.SPLICE_SITE_USAGE,,,
550,usage_EFO:0005904 total RNA-seq,-,total RNA-seq,EFO:0005904,H7,cell_line,embryonic,encode,,,,OutputType.SPLICE_SITE_USAGE,,,
551,usage_EFO:0006270 polyA plus RNA-seq,-,polyA plus RNA-seq,EFO:0006270,AG04450,cell_line,embryonic,encode,,,,OutputType.SPLICE_SITE_USAGE,,,
552,usage_EFO:0006711 total RNA-seq,-,total RNA-seq,EFO:0006711,OCI-LY7,cell_line,adult,encode,,,,OutputType.SPLICE_SITE_USAGE,,,
553,usage_EFO:0007089 polyA plus RNA-seq,-,polyA plus RNA-seq,EFO:0007089,HUES64,cell_line,embryonic,encode,,,,OutputType.SPLICE_SITE_USAGE,,,
554,usage_EFO:0007950 polyA plus RNA-seq,-,polyA plus RNA-seq,EFO:0007950,GM23338,cell_line,adult,encode,,,,OutputType.SPLICE_SITE_USAGE,,,
555,usage_EFO:0007950 total RNA-seq,-,total RNA-seq,EFO:0007950,GM23338,cell_line,adult,encode,,,,OutputType.SPLICE_SITE_USAGE,,,
556,usage_EFO:0009318 total RNA-seq,-,total RNA-seq,EFO:0009318,HFFc6,cell_line,newborn,encode,,,,OutputType.SPLICE_SITE_USAGE,,,
557,usage_EFO:0009747 total RNA-seq,-,total RNA-seq,EFO:0009747,WTC11,cell_line,adult,encode,,,,OutputType.SPLICE_SITE_USAGE,,,
558,usage_EFO:0030018 polyA plus RNA-seq,-,polyA plus RNA-seq,EFO:0030018,BLaER1,cell_line,unknown,encode,,,,OutputType.SPLICE_SITE_USAGE,,,
559,usage_NTR:0000427 polyA plus RNA-seq,-,polyA plus RNA-seq,NTR:0000427,neurosphere,primary_cell,embryonic,encode,,,,OutputType.SPLICE_SITE_USAGE,,,
560,usage_NTR:0000491 total RNA-seq,-,total RNA-seq,NTR:0000491,Right ventricle myocardium inferior,tissue,adult,encode,,,,OutputType.SPLICE_SITE_USAGE,,,
561,usage_NTR:0000492 total RNA-seq,-,total RNA-seq,NTR:0000492,Right ventricle myocardium superior,tissue,adult,encode,,,,OutputType.SPLICE_SITE_USAGE,,,
562,usage_NTR:0000493 total RNA-seq,-,total RNA-seq,NTR:0000493,left ventricle myocardium inferior,tissue,adult,encode,,,,OutputType.SPLICE_SITE_USAGE,,,
563,usage_NTR:0000494 total RNA-seq,-,total RNA-seq,NTR:0000494,left ventricle myocardium superior,tissue,adult,encode,,,,OutputType.SPLICE_SITE_USAGE,,,
564,usage_NTR:0000524 polyA plus RNA-seq,-,polyA plus RNA-seq,NTR:0000524,fibroblast of skin of scalp,primary_cell,embryonic,encode,,,,OutputType.SPLICE_SITE_USAGE,,,
565,usage_NTR:0000856 polyA plus RNA-seq,-,polyA plus RNA-seq,NTR:0000856,mesendoderm,in_vitro_differentiated_cells,embryonic,encode,,,,OutputType.SPLICE_SITE_USAGE,,,
566,usage_NTR:0003013 polyA plus RNA-seq,-,polyA plus RNA-seq,NTR:0003013,placental basal plate,tissue,embryonic,encode,,,,OutputType.SPLICE_SITE_USAGE,,,
567,usage_UBERON:0000007 gtex Pituitary polyA plus RNA-seq,-,polyA plus RNA-seq,UBERON:0000007,pituitary gland,tissue,adult,gtex,,,,OutputType.SPLICE_SITE_USAGE,Pituitary,,
568,usage_UBERON:0000016 polyA plus RNA-seq,-,polyA plus RNA-seq,UBERON:0000016,endocrine pancreas,tissue,adult,encode,,,,OutputType.SPLICE_SITE_USAGE,,,
569,usage_UBERON:0000019 total RNA-seq,-,total RNA-seq,UBERON:0000019,camera-type eye,tissue,embryonic,encode,,,,OutputType.SPLICE_SITE_USAGE,,,
570,usage_UBERON:0000056 total RNA-seq,-,total RNA-seq,UBERON:0000056,ureter,tissue,adult,encode,,,,OutputType.SPLICE_SITE_USAGE,,,
571,usage_UBERON:0000081 total RNA-seq,-,total RNA-seq,UBERON:0000081,metanephros,tissue,embryonic,encode,,,,OutputType.SPLICE_SITE_USAGE,,,
572,usage_UBERON:0000088 polyA plus RNA-seq,-,polyA plus RNA-seq,UBERON:0000088,trophoblast,tissue,embryonic,encode,,,,OutputType.SPLICE_SITE_USAGE,,,
573,usage_UBERON:0000305 polyA plus RNA-seq,-,polyA plus RNA-seq,UBERON:0000305,amnion,tissue,embryonic,encode,,,,OutputType.SPLICE_SITE_USAGE,,,
574,usage_UBERON:0000317 total RNA-seq,-,total RNA-seq,UBERON:0000317,colonic mucosa,tissue,adult,encode,,,,OutputType.SPLICE_SITE_USAGE,,,
575,usage_UBERON:0000458 gtex Cervix_Endocervix polyA plus RNA-seq,-,polyA plus RNA-seq,UBERON:0000458,endocervix,tissue,adult,gtex,,,,OutputType.SPLICE_SITE_USAGE,Cervix_Endocervix,,
576,usage_UBERON:0000473 gtex Testis polyA plus RNA-seq,-,polyA plus RNA-seq,UBERON:0000473,testis,tissue,adult,gtex,,,,OutputType.SPLICE_SITE_USAGE,Testis,,
577,usage_UBERON:0000473 polyA plus RNA-seq,-,polyA plus RNA-seq,UBERON:0000473,testis,tissue,adult,encode,,,,OutputType.SPLICE_SITE_USAGE,,,
578,usage_UBERON:0000473 total RNA-seq,-,total RNA-seq,UBERON:0000473,testis,tissue,adult,encode,,,,OutputType.SPLICE_SITE_USAGE,,,
579,usage_UBERON:0000945 gtex Stomach polyA plus RNA-seq,-,polyA plus RNA-seq,UBERON:0000945,stomach,tissue,adult,gtex,,,,OutputType.SPLICE_SITE_USAGE,Stomach,,
580,usage_UBERON:0000945 polyA plus RNA-seq,-,polyA plus RNA-seq,UBERON:0000945,stomach,tissue,adult,encode,,,,OutputType.SPLICE_SITE_USAGE,,,
581,usage_UBERON:0000945 total RNA-seq,-,total RNA-seq,UBERON:0000945,stomach,tissue,adult,encode,,,,OutputType.SPLICE_SITE_USAGE,,,
582,usage_UBERON:0000947 polyA plus RNA-seq,-,polyA plus RNA-seq,UBERON:0000947,aorta,tissue,adult,encode,,,,OutputType.SPLICE_SITE_USAGE,,,
583,usage_UBERON:0000947 total RNA-seq,-,total RNA-seq,UBERON:0000947,aorta,tissue,adult,encode,,,,OutputType.SPLICE_SITE_USAGE,,,
584,usage_UBERON:0000948 polyA plus RNA-seq,-,polyA plus RNA-seq,UBERON:0000948,heart,tissue,adult,encode,,,,OutputType.SPLICE_SITE_USAGE,,,
585,usage_UBERON:0000948 total RNA-seq,-,total RNA-seq,UBERON:0000948,heart,tissue,adult,encode,,,,OutputType.SPLICE_SITE_USAGE,,,
586,usage_UBERON:0000955 polyA plus RNA-seq,-,polyA plus RNA-seq,UBERON:0000955,brain,tissue,adult,encode,,,,OutputType.SPLICE_SITE_USAGE,,,
587,usage_UBERON:0000992 gtex Ovary polyA plus RNA-seq,-,polyA plus RNA-seq,UBERON:0000992,ovary,tissue,adult,gtex,,,,OutputType.SPLICE_SITE_USAGE,Ovary,,
588,usage_UBERON:0000992 polyA plus RNA-seq,-,polyA plus RNA-seq,UBERON:0000992,ovary,tissue,adult,encode,,,,OutputType.SPLICE_SITE_USAGE,,,
589,usage_UBERON:0000992 total RNA-seq,-,total RNA-seq,UBERON:0000992,ovary,tissue,adult,encode,,,,OutputType.SPLICE_SITE_USAGE,,,
590,usage_UBERON:0000995 gtex Uterus polyA plus RNA-seq,-,polyA plus RNA-seq,UBERON:0000995,uterus,tissue,adult,gtex,,,,OutputType.SPLICE_SITE_USAGE,Uterus,,
591,usage_UBERON:0000995 total RNA-seq,-,total RNA-seq,UBERON:0000995,uterus,tissue,adult,encode,,,,OutputType.SPLICE_SITE_USAGE,,,
592,usage_UBERON:0000996 gtex Vagina polyA plus RNA-seq,-,polyA plus RNA-seq,UBERON:0000996,vagina,tissue,adult,gtex,,,,OutputType.SPLICE_SITE_USAGE,Vagina,,
593,usage_UBERON:0000996 total RNA-seq,-,total RNA-seq,UBERON:0000996,vagina,tissue,adult,encode,,,,OutputType.SPLICE_SITE_USAGE,,,
594,usage_UBERON:0001013 polyA plus RNA-seq,-,polyA plus RNA-seq,UBERON:0001013,adipose tissue,tissue,adult,encode,,,,OutputType.SPLICE_SITE_USAGE,,,
595,usage_UBERON:0001043 polyA plus RNA-seq,-,polyA plus RNA-seq,UBERON:0001043,esophagus,tissue,adult,encode,,,,OutputType.SPLICE_SITE_USAGE,,,
596,usage_UBERON:0001072 total RNA-seq,-,total RNA-seq,UBERON:0001072,posterior vena cava,tissue,adult,encode,,,,OutputType.SPLICE_SITE_USAGE,,,
597,usage_UBERON:0001114 gtex Liver polyA plus RNA-seq,-,polyA plus RNA-seq,UBERON:0001114,right lobe of liver,tissue,adult,gtex,,,,OutputType.SPLICE_SITE_USAGE,Liver,,
598,usage_UBERON:0001114 total RNA-seq,-,total RNA-seq,UBERON:0001114,right lobe of liver,tissue,adult,encode,,,,OutputType.SPLICE_SITE_USAGE,,,
599,usage_UBERON:0001115 total RNA-seq,-,total RNA-seq,UBERON:0001115,left lobe of liver,tissue,adult,encode,,,,OutputType.SPLICE_SITE_USAGE,,,
600,usage_UBERON:0001134 total RNA-seq,-,total RNA-seq,UBERON:0001134,skeletal muscle tissue,tissue,embryonic,encode,,,,OutputType.SPLICE_SITE_USAGE,,,
601,usage_UBERON:0001150 gtex Pancreas polyA plus RNA-seq,-,polyA plus RNA-seq,UBERON:0001150,body of pancreas,tissue,adult,gtex,,,,OutputType.SPLICE_SITE_USAGE,Pancreas,,
602,usage_UBERON:0001150 total RNA-seq,-,total RNA-seq,UBERON:0001150,body of pancreas,tissue,adult,encode,,,,OutputType.SPLICE_SITE_USAGE,,,
603,usage_UBERON:0001157 gtex Colon_Transverse polyA plus RNA-seq,-,polyA plus RNA-seq,UBERON:0001157,transverse colon,tissue,adult,gtex,,,,OutputType.SPLICE_SITE_USAGE,Colon_Transverse,,
604,usage_UBERON:0001157 total RNA-seq,-,total RNA-seq,UBERON:0001157,transverse colon,tissue,adult,encode,,,,OutputType.SPLICE_SITE_USAGE,,,
605,usage_UBERON:0001159 gtex Colon_Sigmoid polyA plus RNA-seq,-,polyA plus RNA-seq,UBERON:0001159,sigmoid colon,tissue,adult,gtex,,,,OutputType.SPLICE_SITE_USAGE,Colon_Sigmoid,,
606,usage_UBERON:0001159 polyA plus RNA-seq,-,polyA plus RNA-seq,UBERON:0001159,sigmoid colon,tissue,adult,encode,,,,OutputType.SPLICE_SITE_USAGE,,,
607,usage_UBERON:0001159 total RNA-seq,-,total RNA-seq,UBERON:0001159,sigmoid colon,tissue,adult,encode,,,,OutputType.SPLICE_SITE_USAGE,,,
608,usage_UBERON:0001211 gtex Small_Intestine_Terminal_Ileum polyA plus RNA-seq,-,polyA plus RNA-seq,UBERON:0001211,Peyer's patch,tissue,adult,gtex,,,,OutputType.SPLICE_SITE_USAGE,Small_Intestine_Terminal_Ileum,,
609,usage_UBERON:0001211 total RNA-seq,-,total RNA-seq,UBERON:0001211,Peyer's patch,tissue,adult,encode,,,,OutputType.SPLICE_SITE_USAGE,,,
610,usage_UBERON:0001224 polyA plus RNA-seq,-,polyA plus RNA-seq,UBERON:0001224,renal pelvis,tissue,embryonic,encode,,,,OutputType.SPLICE_SITE_USAGE,,,
611,usage_UBERON:0001225 gtex Kidney_Cortex polyA plus RNA-seq,-,polyA plus RNA-seq,UBERON:0001225,cortex of kidney,tissue,adult,gtex,,,,OutputType.SPLICE_SITE_USAGE,Kidney_Cortex,,
612,usage_UBERON:0001255 gtex Bladder polyA plus RNA-seq,-,polyA plus RNA-seq,UBERON:0001255,urinary bladder,tissue,adult,gtex,,,,OutputType.SPLICE_SITE_USAGE,Bladder,,
613,usage_UBERON:0001255 polyA plus RNA-seq,-,polyA plus RNA-seq,UBERON:0001255,urinary bladder,tissue,child,encode,,,,OutputType.SPLICE_SITE_USAGE,,,
614,usage_UBERON:0001255 total RNA-seq,-,total RNA-seq,UBERON:0001255,urinary bladder,tissue,embryonic,encode,,,,OutputType.SPLICE_SITE_USAGE,,,
615,usage_UBERON:0001264 polyA plus RNA-seq,-,polyA plus RNA-seq,UBERON:0001264,pancreas,tissue,adult,encode,,,,OutputType.SPLICE_SITE_USAGE,,,
616,usage_UBERON:0001264 total RNA-seq,-,total RNA-seq,UBERON:0001264,pancreas,tissue,adult,encode,,,,OutputType.SPLICE_SITE_USAGE,,,
617,usage_UBERON:0001293 gtex Kidney_Medulla polyA plus RNA-seq,-,polyA plus RNA-seq,UBERON:0001293,outer medulla of kidney,tissue,adult,gtex,,,,OutputType.SPLICE_SITE_USAGE,Kidney_Medulla,,
618,usage_UBERON:0001322 total RNA-seq,-,total RNA-seq,UBERON:0001322,sciatic nerve,tissue,adult,encode,,,,OutputType.SPLICE_SITE_USAGE,,,
619,usage_UBERON:0001323 gtex Nerve_Tibial polyA plus RNA-seq,-,polyA plus RNA-seq,UBERON:0001323,tibial nerve,tissue,adult,gtex,,,,OutputType.SPLICE_SITE_USAGE,Nerve_Tibial,,
620,usage_UBERON:0001323 total RNA-seq,-,total RNA-seq,UBERON:0001323,tibial nerve,tissue,adult,encode,,,,OutputType.SPLICE_SITE_USAGE,,,
621,usage_UBERON:0001383 polyA plus RNA-seq,-,polyA plus RNA-seq,UBERON:0001383,muscle of leg,tissue,embryonic,encode,,,,OutputType.SPLICE_SITE_USAGE,,,
622,usage_UBERON:0001496 gtex Artery_Aorta polyA plus RNA-seq,-,polyA plus RNA-seq,UBERON:0001496,ascending aorta,tissue,adult,gtex,,,,OutputType.SPLICE_SITE_USAGE,Artery_Aorta,,
623,usage_UBERON:0001496 total RNA-seq,-,total RNA-seq,UBERON:0001496,ascending aorta,tissue,adult,encode,,,,OutputType.SPLICE_SITE_USAGE,,,
624,usage_UBERON:0001499 polyA plus RNA-seq,-,polyA plus RNA-seq,UBERON:0001499,muscle of arm,tissue,embryonic,encode,,,,OutputType.SPLICE_SITE_USAGE,,,
625,usage_UBERON:0001515 total RNA-seq,-,total RNA-seq,UBERON:0001515,thoracic aorta,tissue,adult,encode,,,,OutputType.SPLICE_SITE_USAGE,,,
626,usage_UBERON:0001621 gtex Artery_Coronary polyA plus RNA-seq,-,polyA plus RNA-seq,UBERON:0001621,coronary artery,tissue,adult,gtex,,,,OutputType.SPLICE_SITE_USAGE,Artery_Coronary,,
627,usage_UBERON:0001723 total RNA-seq,-,total RNA-seq,UBERON:0001723,tongue,tissue,embryonic,encode,,,,OutputType.SPLICE_SITE_USAGE,,,
628,usage_UBERON:0001774 polyA plus RNA-seq,-,polyA plus RNA-seq,UBERON:0001774,muscle of trunk,tissue,embryonic,encode,,,,OutputType.SPLICE_SITE_USAGE,,,
629,usage_UBERON:0001870 gtex Brain_Cortex polyA plus RNA-seq,-,polyA plus RNA-seq,UBERON:0001870,frontal cortex,tissue,adult,gtex,,,,OutputType.SPLICE_SITE_USAGE,Brain_Cortex,,
630,usage_UBERON:0001870 total RNA-seq,-,total RNA-seq,UBERON:0001870,frontal cortex,tissue,embryonic,encode,,,,OutputType.SPLICE_SITE_USAGE,,,
631,usage_UBERON:0001871 total RNA-seq,-,total RNA-seq,UBERON:0001871,temporal lobe,tissue,embryonic,encode,,,,OutputType.SPLICE_SITE_USAGE,,,
632,usage_UBERON:0001872 total RNA-seq,-,total RNA-seq,UBERON:0001872,parietal lobe,tissue,embryonic,encode,,,,OutputType.SPLICE_SITE_USAGE,,,
633,usage_UBERON:0001873 gtex Brain_Caudate_basal_ganglia polyA plus RNA-seq,-,polyA plus RNA-seq,UBERON:0001873,caudate nucleus,tissue,adult,gtex,,,,OutputType.SPLICE_SITE_USAGE,Brain_Caudate_basal_ganglia,,
634,usage_UBERON:0001874 gtex Brain_Putamen_basal_ganglia polyA plus RNA-seq,-,polyA plus RNA-seq,UBERON:0001874,putamen,tissue,adult,gtex,,,,OutputType.SPLICE_SITE_USAGE,Brain_Putamen_basal_ganglia,,
635,usage_UBERON:0001876 gtex Brain_Amygdala polyA plus RNA-seq,-,polyA plus RNA-seq,UBERON:0001876,amygdala,tissue,adult,gtex,,,,OutputType.SPLICE_SITE_USAGE,Brain_Amygdala,,
636,usage_UBERON:0001882 gtex Brain_Nucleus_accumbens_basal_ganglia polyA plus RNA-seq,-,polyA plus RNA-seq,UBERON:0001882,nucleus accumbens,tissue,adult,gtex,,,,OutputType.SPLICE_SITE_USAGE,Brain_Nucleus_accumbens_basal_ganglia,,
637,usage_UBERON:0001894 total RNA-seq,-,total RNA-seq,UBERON:0001894,diencephalon,tissue,embryonic,encode,,,,OutputType.SPLICE_SITE_USAGE,,,
638,usage_UBERON:0001898 gtex Brain_Hypothalamus polyA plus RNA-seq,-,polyA plus RNA-seq,UBERON:0001898,hypothalamus,tissue,adult,gtex,,,,OutputType.SPLICE_SITE_USAGE,Brain_Hypothalamus,,
639,usage_UBERON:0001954 gtex Brain_Hippocampus polyA plus RNA-seq,-,polyA plus RNA-seq,UBERON:0001954,Ammon's horn,tissue,adult,gtex,,,,OutputType.SPLICE_SITE_USAGE,Brain_Hippocampus,,
640,usage_UBERON:0001987 polyA plus RNA-seq,-,polyA plus RNA-seq,UBERON:0001987,placenta,tissue,embryonic,encode,,,,OutputType.SPLICE_SITE_USAGE,,,
641,usage_UBERON:0001987 total RNA-seq,-,total RNA-seq,UBERON:0001987,placenta,tissue,embryonic,encode,,,,OutputType.SPLICE_SITE_USAGE,,,
642,usage_UBERON:0002021 total RNA-seq,-,total RNA-seq,UBERON:0002021,occipital lobe,tissue,embryonic,encode,,,,OutputType.SPLICE_SITE_USAGE,,,
643,usage_UBERON:0002037 gtex Brain_Cerebellum polyA plus RNA-seq,-,polyA plus RNA-seq,UBERON:0002037,cerebellum,tissue,adult,gtex,,,,OutputType.SPLICE_SITE_USAGE,Brain_Cerebellum,,
644,usage_UBERON:0002037 polyA plus RNA-seq,-,polyA plus RNA-seq,UBERON:0002037,cerebellum,tissue,embryonic,encode,,,,OutputType.SPLICE_SITE_USAGE,,,
645,usage_UBERON:0002037 total RNA-seq,-,total RNA-seq,UBERON:0002037,cerebellum,tissue,embryonic,encode,,,,OutputType.SPLICE_SITE_USAGE,,,
646,usage_UBERON:0002038 gtex Brain_Substantia_nigra polyA plus RNA-seq,-,polyA plus RNA-seq,UBERON:0002038,substantia nigra,tissue,adult,gtex,,,,OutputType.SPLICE_SITE_USAGE,Brain_Substantia_nigra,,
647,usage_UBERON:0002046 gtex Thyroid polyA plus RNA-seq,-,polyA plus RNA-seq,UBERON:0002046,thyroid gland,tissue,adult,gtex,,,,OutputType.SPLICE_SITE_USAGE,Thyroid,,
648,usage_UBERON:0002046 total RNA-seq,-,total RNA-seq,UBERON:0002046,thyroid gland,tissue,adult,encode,,,,OutputType.SPLICE_SITE_USAGE,,,
649,usage_UBERON:0002048 polyA plus RNA-seq,-,polyA plus RNA-seq,UBERON:0002048,lung,tissue,adult,encode,,,,OutputType.SPLICE_SITE_USAGE,,,
650,usage_UBERON:0002048 total RNA-seq,-,total RNA-seq,UBERON:0002048,lung,tissue,embryonic,encode,,,,OutputType.SPLICE_SITE_USAGE,,,
651,usage_UBERON:0002078 polyA plus RNA-seq,-,polyA plus RNA-seq,UBERON:0002078,right cardiac atrium,tissue,adult,encode,,,,OutputType.SPLICE_SITE_USAGE,,,
652,usage_UBERON:0002078 total RNA-seq,-,total RNA-seq,UBERON:0002078,right cardiac atrium,tissue,adult,encode,,,,OutputType.SPLICE_SITE_USAGE,,,
653,usage_UBERON:0002079 total RNA-seq,-,total RNA-seq,UBERON:0002079,left cardiac atrium,tissue,adult,encode,,,,OutputType.SPLICE_SITE_USAGE,,,
654,usage_UBERON:0002080 polyA plus RNA-seq,-,polyA plus RNA-seq,UBERON:0002080,heart right ventricle,tissue,adult,encode,,,,OutputType.SPLICE_SITE_USAGE,,,
655,usage_UBERON:0002080 total RNA-seq,-,total RNA-seq,UBERON:0002080,heart right ventricle,tissue,adult,encode,,,,OutputType.SPLICE_SITE_USAGE,,,
656,usage_UBERON:0002084 polyA plus RNA-seq,-,polyA plus RNA-seq,UBERON:0002084,heart left ventricle,tissue,adult,encode,,,,OutputType.SPLICE_SITE_USAGE,,,
657,usage_UBERON:0002084 total RNA-seq,-,total RNA-seq,UBERON:0002084,heart left ventricle,tissue,adult,encode,,,,OutputType.SPLICE_SITE_USAGE,,,
658,usage_UBERON:0002097 total RNA-seq,-,total RNA-seq,UBERON:0002097,skin of body,tissue,embryonic,encode,,,,OutputType.SPLICE_SITE_USAGE,,,
659,usage_UBERON:0002099 total RNA-seq,-,total RNA-seq,UBERON:0002099,cardiac septum,tissue,adult,encode,,,,OutputType.SPLICE_SITE_USAGE,,,
660,usage_UBERON:0002106 gtex Spleen polyA plus RNA-seq,-,polyA plus RNA-seq,UBERON:0002106,spleen,tissue,adult,gtex,,,,OutputType.SPLICE_SITE_USAGE,Spleen,,
661,usage_UBERON:0002106 polyA plus RNA-seq,-,polyA plus RNA-seq,UBERON:0002106,spleen,tissue,adult,encode,,,,OutputType.SPLICE_SITE_USAGE,,,
662,usage_UBERON:0002106 total RNA-seq,-,total RNA-seq,UBERON:0002106,spleen,tissue,adult,encode,,,,OutputType.SPLICE_SITE_USAGE,,,
663,usage_UBERON:0002107 polyA plus RNA-seq,-,polyA plus RNA-seq,UBERON:0002107,liver,tissue,child,encode,,,,OutputType.SPLICE_SITE_USAGE,,,
664,usage_UBERON:0002107 total RNA-seq,-,total RNA-seq,UBERON:0002107,liver,tissue,embryonic,encode,,,,OutputType.SPLICE_SITE_USAGE,,,
665,usage_UBERON:0002108 polyA plus RNA-seq,-,polyA plus RNA-seq,UBERON:0002108,small intestine,tissue,adult,encode,,,,OutputType.SPLICE_SITE_USAGE,,,
666,usage_UBERON:0002113 polyA plus RNA-seq,-,polyA plus RNA-seq,UBERON:0002113,kidney,tissue,adult,encode,,,,OutputType.SPLICE_SITE_USAGE,,,
667,usage_UBERON:0002113 total RNA-seq,-,total RNA-seq,UBERON:0002113,kidney,tissue,adult,encode,,,,OutputType.SPLICE_SITE_USAGE,,,
668,usage_UBERON:0002167 polyA plus RNA-seq,-,polyA plus RNA-seq,UBERON:0002167,right lung,tissue,embryonic,encode,,,,OutputType.SPLICE_SITE_USAGE,,,
669,usage_UBERON:0002168 polyA plus RNA-seq,-,polyA plus RNA-seq,UBERON:0002168,left lung,tissue,embryonic,encode,,,,OutputType.SPLICE_SITE_USAGE,,,
670,usage_UBERON:0002168 total RNA-seq,-,total RNA-seq,UBERON:0002168,left lung,tissue,adult,encode,,,,OutputType.SPLICE_SITE_USAGE,,,
671,usage_UBERON:0002170 total RNA-seq,-,total RNA-seq,UBERON:0002170,upper lobe of right lung,tissue,adult,encode,,,,OutputType.SPLICE_SITE_USAGE,,,
672,usage_UBERON:0002171 total RNA-seq,-,total RNA-seq,UBERON:0002171,lower lobe of right lung,tissue,adult,encode,,,,OutputType.SPLICE_SITE_USAGE,,,
673,usage_UBERON:0002190 gtex Adipose_Subcutaneous polyA plus RNA-seq,-,polyA plus RNA-seq,UBERON:0002190,subcutaneous adipose tissue,tissue,adult,gtex,,,,OutputType.SPLICE_SITE_USAGE,Adipose_Subcutaneous,,
674,usage_UBERON:0002190 total RNA-seq,-,total RNA-seq,UBERON:0002190,subcutaneous adipose tissue,tissue,adult,encode,,,,OutputType.SPLICE_SITE_USAGE,,,
675,usage_UBERON:0002240 polyA plus RNA-seq,-,polyA plus RNA-seq,UBERON:0002240,spinal cord,tissue,embryonic,encode,,,,OutputType.SPLICE_SITE_USAGE,,,
676,usage_UBERON:0002240 total RNA-seq,-,total RNA-seq,UBERON:0002240,spinal cord,tissue,embryonic,encode,,,,OutputType.SPLICE_SITE_USAGE,,,
677,usage_UBERON:0002245 gtex Brain_Cerebellar_Hemisphere polyA plus RNA-seq,-,polyA plus RNA-seq,UBERON:0002245,cerebellar hemisphere,tissue,adult,gtex,,,,OutputType.SPLICE_SITE_USAGE,Brain_Cerebellar_Hemisphere,,
678,usage_UBERON:0002324 polyA plus RNA-seq,-,polyA plus RNA-seq,UBERON:0002324,muscle of back,tissue,embryonic,encode,,,,OutputType.SPLICE_SITE_USAGE,,,
679,usage_UBERON:0002331 total RNA-seq,-,total RNA-seq,UBERON:0002331,umbilical cord,tissue,embryonic,encode,,,,OutputType.SPLICE_SITE_USAGE,,,
680,usage_UBERON:0002367 gtex Prostate polyA plus RNA-seq,-,polyA plus RNA-seq,UBERON:0002367,prostate gland,tissue,adult,gtex,,,,OutputType.SPLICE_SITE_USAGE,Prostate,,
681,usage_UBERON:0002367 total RNA-seq,-,total RNA-seq,UBERON:0002367,prostate gland,tissue,adult,encode,,,,OutputType.SPLICE_SITE_USAGE,,,
682,usage_UBERON:0002369 gtex Adrenal_Gland polyA plus RNA-seq,-,polyA plus RNA-seq,UBERON:0002369,adrenal gland,tissue,adult,gtex,,,,OutputType.SPLICE_SITE_USAGE,Adrenal_Gland,,
683,usage_UBERON:0002369 polyA plus RNA-seq,-,polyA plus RNA-seq,UBERON:0002369,adrenal gland,tissue,adult,encode,,,,OutputType.SPLICE_SITE_USAGE,,,
684,usage_UBERON:0002369 total RNA-seq,-,total RNA-seq,UBERON:0002369,adrenal gland,tissue,adult,encode,,,,OutputType.SPLICE_SITE_USAGE,,,
685,usage_UBERON:0002370 polyA plus RNA-seq,-,polyA plus RNA-seq,UBERON:0002370,thymus,tissue,embryonic,encode,,,,OutputType.SPLICE_SITE_USAGE,,,
686,usage_UBERON:0002469 total RNA-seq,-,total RNA-seq,UBERON:0002469,esophagus mucosa,tissue,adult,encode,,,,OutputType.SPLICE_SITE_USAGE,,,
687,usage_UBERON:0003124 polyA plus RNA-seq,-,polyA plus RNA-seq,UBERON:0003124,chorion,tissue,embryonic,encode,,,,OutputType.SPLICE_SITE_USAGE,,,
688,usage_UBERON:0003662 polyA plus RNA-seq,-,polyA plus RNA-seq,UBERON:0003662,forelimb muscle,tissue,embryonic,encode,,,,OutputType.SPLICE_SITE_USAGE,,,
689,usage_UBERON:0003663 polyA plus RNA-seq,-,polyA plus RNA-seq,UBERON:0003663,hindlimb muscle,tissue,embryonic,encode,,,,OutputType.SPLICE_SITE_USAGE,,,
690,usage_UBERON:0003889 gtex Fallopian_Tube polyA plus RNA-seq,-,polyA plus RNA-seq,UBERON:0003889,fallopian tube,tissue,adult,gtex,,,,OutputType.SPLICE_SITE_USAGE,Fallopian_Tube,,
691,usage_UBERON:0004264 gtex Skin_Sun_Exposed_Lower_leg polyA plus RNA-seq,-,polyA plus RNA-seq,UBERON:0004264,lower leg skin,tissue,adult,gtex,,,,OutputType.SPLICE_SITE_USAGE,Skin_Sun_Exposed_Lower_leg,,
692,usage_UBERON:0004264 total RNA-seq,-,total RNA-seq,UBERON:0004264,lower leg skin,tissue,adult,encode,,,,OutputType.SPLICE_SITE_USAGE,,,
693,usage_UBERON:0004538 polyA plus RNA-seq,-,polyA plus RNA-seq,UBERON:0004538,left kidney,tissue,embryonic,encode,,,,OutputType.SPLICE_SITE_USAGE,,,
694,usage_UBERON:0004550 gtex Esophagus_Gastroesophageal_Junction polyA plus RNA-seq,-,polyA plus RNA-seq,UBERON:0004550,gastroesophageal sphincter,tissue,adult,gtex,,,,OutputType.SPLICE_SITE_USAGE,Esophagus_Gastroesophageal_Junction,,
695,usage_UBERON:0004550 total RNA-seq,-,total RNA-seq,UBERON:0004550,gastroesophageal sphincter,tissue,adult,encode,,,,OutputType.SPLICE_SITE_USAGE,,,
696,usage_UBERON:0004648 gtex Esophagus_Muscularis polyA plus RNA-seq,-,polyA plus RNA-seq,UBERON:0004648,esophagus muscularis mucosa,tissue,adult,gtex,,,,OutputType.SPLICE_SITE_USAGE,Esophagus_Muscularis,,
697,usage_UBERON:0004648 total RNA-seq,-,total RNA-seq,UBERON:0004648,esophagus muscularis mucosa,tissue,adult,encode,,,,OutputType.SPLICE_SITE_USAGE,,,
698,usage_UBERON:0004992 total RNA-seq,-,total RNA-seq,UBERON:0004992,mucosa of descending colon,tissue,adult,encode,,,,OutputType.SPLICE_SITE_USAGE,,,
699,usage_UBERON:0005033 total RNA-seq,-,total RNA-seq,UBERON:0005033,mucosa of gallbladder,tissue,child,encode,,,,OutputType.SPLICE_SITE_USAGE,,,
700,usage_UBERON:0005270 polyA plus RNA-seq,-,polyA plus RNA-seq,UBERON:0005270,renal cortex interstitium,tissue,embryonic,encode,,,,OutputType.SPLICE_SITE_USAGE,,,
701,usage_UBERON:0006330 gtex Minor_Salivary_Gland polyA plus RNA-seq,-,polyA plus RNA-seq,UBERON:0006330,anterior lingual gland,tissue,adult,gtex,,,,OutputType.SPLICE_SITE_USAGE,Minor_Salivary_Gland,,
702,usage_UBERON:0006469 gtex Brain_Spinal_cord_cervical_c-1 polyA plus RNA-seq,-,polyA plus RNA-seq,UBERON:0006469,C1 segment of cervical spinal cord,tissue,adult,gtex,,,,OutputType.SPLICE_SITE_USAGE,Brain_Spinal_cord_cervical_c-1,,
703,usage_UBERON:0006566 gtex Heart_Left_Ventricle polyA plus RNA-seq,-,polyA plus RNA-seq,UBERON:0006566,left ventricle myocardium,tissue,adult,gtex,,,,OutputType.SPLICE_SITE_USAGE,Heart_Left_Ventricle,,
704,usage_UBERON:0006631 gtex Heart_Atrial_Appendage polyA plus RNA-seq,-,polyA plus RNA-seq,UBERON:0006631,right atrium auricular region,tissue,adult,gtex,,,,OutputType.SPLICE_SITE_USAGE,Heart_Atrial_Appendage,,
705,usage_UBERON:0006631 total RNA-seq,-,total RNA-seq,UBERON:0006631,right atrium auricular region,tissue,adult,encode,,,,OutputType.SPLICE_SITE_USAGE,,,
706,usage_UBERON:0006920 gtex Esophagus_Mucosa polyA plus RNA-seq,-,polyA plus RNA-seq,UBERON:0006920,esophagus squamous epithelium,tissue,adult,gtex,,,,OutputType.SPLICE_SITE_USAGE,Esophagus_Mucosa,,
707,usage_UBERON:0006920 total RNA-seq,-,total RNA-seq,UBERON:0006920,esophagus squamous epithelium,tissue,adult,encode,,,,OutputType.SPLICE_SITE_USAGE,,,
708,usage_UBERON:0007106 polyA plus RNA-seq,-,polyA plus RNA-seq,UBERON:0007106,chorionic villus,tissue,embryonic,encode,,,,OutputType.SPLICE_SITE_USAGE,,,
709,usage_UBERON:0007610 gtex Artery_Tibial polyA plus RNA-seq,-,polyA plus RNA-seq,UBERON:0007610,tibial artery,tissue,adult,gtex,,,,OutputType.SPLICE_SITE_USAGE,Artery_Tibial,,
710,usage_UBERON:0008367 gtex Breast_Mammary_Tissue polyA plus RNA-seq,-,polyA plus RNA-seq,UBERON:0008367,breast epithelium,tissue,adult,gtex,,,,OutputType.SPLICE_SITE_USAGE,Breast_Mammary_Tissue,,
711,usage_UBERON:0008367 total RNA-seq,-,total RNA-seq,UBERON:0008367,breast epithelium,tissue,adult,encode,,,,OutputType.SPLICE_SITE_USAGE,,,
712,usage_UBERON:0008450 polyA plus RNA-seq,-,polyA plus RNA-seq,UBERON:0008450,psoas muscle,tissue,adult,encode,,,,OutputType.SPLICE_SITE_USAGE,,,
713,usage_UBERON:0008450 total RNA-seq,-,total RNA-seq,UBERON:0008450,psoas muscle,tissue,adult,encode,,,,OutputType.SPLICE_SITE_USAGE,,,
714,usage_UBERON:0008952 gtex Lung polyA plus RNA-seq,-,polyA plus RNA-seq,UBERON:0008952,upper lobe of left lung,tissue,adult,gtex,,,,OutputType.SPLICE_SITE_USAGE,Lung,,
715,usage_UBERON:0008952 total RNA-seq,-,total RNA-seq,UBERON:0008952,upper lobe of left lung,tissue,adult,encode,,,,OutputType.SPLICE_SITE_USAGE,,,
716,usage_UBERON:0008953 total RNA-seq,-,total RNA-seq,UBERON:0008953,lower lobe of left lung,tissue,adult,encode,,,,OutputType.SPLICE_SITE_USAGE,,,
717,usage_UBERON:0008971 total RNA-seq,-,total RNA-seq,UBERON:0008971,left colon,tissue,adult,encode,,,,OutputType.SPLICE_SITE_USAGE,,,
718,usage_UBERON:0009834 gtex Brain_Frontal_Cortex_BA9 polyA plus RNA-seq,-,polyA plus RNA-seq,UBERON:0009834,dorsolateral prefrontal cortex,tissue,adult,gtex,,,,OutputType.SPLICE_SITE_USAGE,Brain_Frontal_Cortex_BA9,,
719,usage_UBERON:0009834 total RNA-seq,-,total RNA-seq,UBERON:0009834,dorsolateral prefrontal cortex,tissue,adult,encode,,,,OutputType.SPLICE_SITE_USAGE,,,
720,usage_UBERON:0009835 gtex Brain_Anterior_cingulate_cortex_BA24 polyA plus RNA-seq,-,polyA plus RNA-seq,UBERON:0009835,anterior cingulate cortex,tissue,adult,gtex,,,,OutputType.SPLICE_SITE_USAGE,Brain_Anterior_cingulate_cortex_BA24,,
721,usage_UBERON:0010414 gtex Adipose_Visceral_Omentum polyA plus RNA-seq,-,polyA plus RNA-seq,UBERON:0010414,omental fat pad,tissue,adult,gtex,,,,OutputType.SPLICE_SITE_USAGE,Adipose_Visceral_Omentum,,
722,usage_UBERON:0010414 total RNA-seq,-,total RNA-seq,UBERON:0010414,omental fat pad,tissue,adult,encode,,,,OutputType.SPLICE_SITE_USAGE,,,
723,usage_UBERON:0011907 gtex Muscle_Skeletal polyA plus RNA-seq,-,polyA plus RNA-seq,UBERON:0011907,gastrocnemius medialis,tissue,adult,gtex,,,,OutputType.SPLICE_SITE_USAGE,Muscle_Skeletal,,
724,usage_UBERON:0011907 total RNA-seq,-,total RNA-seq,UBERON:0011907,gastrocnemius medialis,tissue,adult,encode,,,,OutputType.SPLICE_SITE_USAGE,,,
725,usage_UBERON:0012249 gtex Cervix_Ectocervix polyA plus RNA-seq,-,polyA plus RNA-seq,UBERON:0012249,ectocervix,tissue,adult,gtex,,,,OutputType.SPLICE_SITE_USAGE,Cervix_Ectocervix,,
726,usage_UBERON:0013756 gtex Whole_Blood polyA plus RNA-seq,-,polyA plus RNA-seq,UBERON:0013756,venous blood,tissue,adult,gtex,,,,OutputType.SPLICE_SITE_USAGE,Whole_Blood,,
727,usage_UBERON:0015143 total RNA-seq,-,total RNA-seq,UBERON:0015143,mesenteric fat pad,tissue,adult,encode,,,,OutputType.SPLICE_SITE_USAGE,,,
728,usage_UBERON:0018115 polyA plus RNA-seq,-,polyA plus RNA-seq,UBERON:0018115,left renal pelvis,tissue,embryonic,encode,,,,OutputType.SPLICE_SITE_USAGE,,,
729,usage_UBERON:0018116 polyA plus RNA-seq,-,polyA plus RNA-seq,UBERON:0018116,right renal pelvis,tissue,embryonic,encode,,,,OutputType.SPLICE_SITE_USAGE,,,
730,usage_UBERON:0018117 polyA plus RNA-seq,-,polyA plus RNA-seq,UBERON:0018117,left renal cortex interstitium,tissue,embryonic,encode,,,,OutputType.SPLICE_SITE_USAGE,,,
731,usage_UBERON:0018118 polyA plus RNA-seq,-,polyA plus RNA-seq,UBERON:0018118,right renal cortex interstitium,tissue,embryonic,encode,,,,OutputType.SPLICE_SITE_USAGE,,,
732,usage_UBERON:0036149 gtex Skin_Not_Sun_Exposed_Suprapubic polyA plus RNA-seq,-,polyA plus RNA-seq,UBERON:0036149,suprapubic skin,tissue,adult,gtex,,,,OutputType.SPLICE_SITE_USAGE,Skin_Not_Sun_Exposed_Suprapubic,,
733,usage_UBERON:0036149 total RNA-seq,-,total RNA-seq,UBERON:0036149,suprapubic skin,tissue,adult,encode,,,,OutputType.SPLICE_SITE_USAGE,,,
0,junction_CL:0000047 polyA plus RNA-seq,,,CL:0000047,neuronal stem cell,in_vitro_differentiated_cells,,,,,,OutputType.SPLICE_JUNCTIONS,,,
1,junction_CL:0000062 total RNA-seq,,,CL:0000062,osteoblast,primary_cell,,,,,,OutputType.SPLICE_JUNCTIONS,,,
2,junction_CL:0000084 polyA plus RNA-seq,,,CL:0000084,T-cell,primary_cell,,,,,,OutputType.SPLICE_JUNCTIONS,,,
3,junction_CL:0000084 total RNA-seq,,,CL:0000084,T-cell,primary_cell,,,,,,OutputType.SPLICE_JUNCTIONS,,,
4,junction_CL:0000100 total RNA-seq,,,CL:0000100,motor neuron,in_vitro_differentiated_cells,,,,,,OutputType.SPLICE_JUNCTIONS,,,
5,junction_CL:0000115 total RNA-seq,,,CL:0000115,endothelial cell,in_vitro_differentiated_cells,,,,,,OutputType.SPLICE_JUNCTIONS,,,
6,junction_CL:0000121 polyA plus RNA-seq,,,CL:0000121,Purkinje cell,primary_cell,,,,,,OutputType.SPLICE_JUNCTIONS,,,
7,junction_CL:0000127 total RNA-seq,,,CL:0000127,astrocyte,primary_cell,,,,,,OutputType.SPLICE_JUNCTIONS,,,
8,junction_CL:0000134 polyA plus RNA-seq,,,CL:0000134,mesenchymal stem cell,in_vitro_differentiated_cells,,,,,,OutputType.SPLICE_JUNCTIONS,,,
9,junction_CL:0000137 total RNA-seq,,,CL:0000137,osteocyte,in_vitro_differentiated_cells,,,,,,OutputType.SPLICE_JUNCTIONS,,,
10,junction_CL:0000138 total RNA-seq,,,CL:0000138,chondrocyte,in_vitro_differentiated_cells,,,,,,OutputType.SPLICE_JUNCTIONS,,,
11,junction_CL:0000169 total RNA-seq,,,CL:0000169,type B pancreatic cell,in_vitro_differentiated_cells,,,,,,OutputType.SPLICE_JUNCTIONS,,,
12,junction_CL:0000182 polyA plus RNA-seq,,,CL:0000182,hepatocyte,in_vitro_differentiated_cells,,,,,,OutputType.SPLICE_JUNCTIONS,,,
13,junction_CL:0000182 total RNA-seq,,,CL:0000182,hepatocyte,in_vitro_differentiated_cells,,,,,,OutputType.SPLICE_JUNCTIONS,,,
14,junction_CL:0000187 polyA plus RNA-seq,,,CL:0000187,myocyte,in_vitro_differentiated_cells,,,,,,OutputType.SPLICE_JUNCTIONS,,,
15,junction_CL:0000187 total RNA-seq,,,CL:0000187,myocyte,in_vitro_differentiated_cells,,,,,,OutputType.SPLICE_JUNCTIONS,,,
16,junction_CL:0000192 polyA plus RNA-seq,,,CL:0000192,smooth muscle cell,in_vitro_differentiated_cells,,,,,,OutputType.SPLICE_JUNCTIONS,,,
17,junction_CL:0000192 total RNA-seq,,,CL:0000192,smooth muscle cell,in_vitro_differentiated_cells,,,,,,OutputType.SPLICE_JUNCTIONS,,,
18,junction_CL:0000221 polyA plus RNA-seq,,,CL:0000221,ectodermal cell,in_vitro_differentiated_cells,,,,,,OutputType.SPLICE_JUNCTIONS,,,
19,junction_CL:0000222 polyA plus RNA-seq,,,CL:0000222,mesodermal cell,in_vitro_differentiated_cells,,,,,,OutputType.SPLICE_JUNCTIONS,,,
20,junction_CL:0000223 polyA plus RNA-seq,,,CL:0000223,endodermal cell,in_vitro_differentiated_cells,,,,,,OutputType.SPLICE_JUNCTIONS,,,
21,junction_CL:0000223 total RNA-seq,,,CL:0000223,endodermal cell,in_vitro_differentiated_cells,,,,,,OutputType.SPLICE_JUNCTIONS,,,
22,junction_CL:0000236 polyA plus RNA-seq,,,CL:0000236,B cell,primary_cell,,,,,,OutputType.SPLICE_JUNCTIONS,,,
23,junction_CL:0000236 total RNA-seq,,,CL:0000236,B cell,primary_cell,,,,,,OutputType.SPLICE_JUNCTIONS,,,
24,junction_CL:0000307 total RNA-seq,,,CL:0000307,tracheal epithelial cell,primary_cell,,,,,,OutputType.SPLICE_JUNCTIONS,,,
25,junction_CL:0000312 polyA plus RNA-seq,,,CL:0000312,keratinocyte,primary_cell,,,,,,OutputType.SPLICE_JUNCTIONS,,,
26,junction_CL:0000346 total RNA-seq,,,CL:0000346,hair follicle dermal papilla cell,primary_cell,,,,,,OutputType.SPLICE_JUNCTIONS,,,
27,junction_CL:0000351 polyA plus RNA-seq,,,CL:0000351,trophoblast cell,in_vitro_differentiated_cells,,,,,,OutputType.SPLICE_JUNCTIONS,,,
28,junction_CL:0000515 polyA plus RNA-seq,,,CL:0000515,skeletal muscle myoblast,primary_cell,,,,,,OutputType.SPLICE_JUNCTIONS,,,
29,junction_CL:0000515 total RNA-seq,,,CL:0000515,skeletal muscle myoblast,primary_cell,,,,,,OutputType.SPLICE_JUNCTIONS,,,
30,junction_CL:0000594 total RNA-seq,,,CL:0000594,skeletal muscle satellite cell,primary_cell,,,,,,OutputType.SPLICE_JUNCTIONS,,,
31,junction_CL:0000623 polyA plus RNA-seq,,,CL:0000623,natural killer cell,primary_cell,,,,,,OutputType.SPLICE_JUNCTIONS,,,
32,junction_CL:0000623 total RNA-seq,,,CL:0000623,natural killer cell,primary_cell,,,,,,OutputType.SPLICE_JUNCTIONS,,,
33,junction_CL:0000624 polyA plus RNA-seq,,,CL:0000624,"CD4-positive, alpha-beta T cell",primary_cell,,,,,,OutputType.SPLICE_JUNCTIONS,,,
34,junction_CL:0000624 total RNA-seq,,,CL:0000624,"CD4-positive, alpha-beta T cell",primary_cell,,,,,,OutputType.SPLICE_JUNCTIONS,,,
35,junction_CL:0000625 polyA plus RNA-seq,,,CL:0000625,"CD8-positive, alpha-beta T cell",primary_cell,,,,,,OutputType.SPLICE_JUNCTIONS,,,
36,junction_CL:0000625 total RNA-seq,,,CL:0000625,"CD8-positive, alpha-beta T cell",primary_cell,,,,,,OutputType.SPLICE_JUNCTIONS,,,
37,junction_CL:0000650 total RNA-seq,,,CL:0000650,mesangial cell,primary_cell,,,,,,OutputType.SPLICE_JUNCTIONS,,,
38,junction_CL:0000679 total RNA-seq,,,CL:0000679,glutamatergic neuron,in_vitro_differentiated_cells,,,,,,OutputType.SPLICE_JUNCTIONS,,,
39,junction_CL:0000746 polyA plus RNA-seq,,,CL:0000746,cardiac muscle cell,in_vitro_differentiated_cells,,,,,,OutputType.SPLICE_JUNCTIONS,,,
40,junction_CL:0000746 total RNA-seq,,,CL:0000746,cardiac muscle cell,in_vitro_differentiated_cells,,,,,,OutputType.SPLICE_JUNCTIONS,,,
41,junction_CL:0000788 polyA plus RNA-seq,,,CL:0000788,naive B cell,primary_cell,,,,,,OutputType.SPLICE_JUNCTIONS,,,
42,junction_CL:0000792 polyA plus RNA-seq,,,CL:0000792,"CD4-positive, CD25-positive, alpha-beta regulatory T cell",primary_cell,,,,,,OutputType.SPLICE_JUNCTIONS,,,
43,junction_CL:0000823 polyA plus RNA-seq,,,CL:0000823,immature natural killer cell,primary_cell,,,,,,OutputType.SPLICE_JUNCTIONS,,,
44,junction_CL:0000837 total RNA-seq,,,CL:0000837,hematopoietic multipotent progenitor cell,in_vitro_differentiated_cells,,,,,,OutputType.SPLICE_JUNCTIONS,,,
45,junction_CL:0000842 total RNA-seq,,,CL:0000842,mononuclear cell,primary_cell,,,,,,OutputType.SPLICE_JUNCTIONS,,,
46,junction_CL:0000895 polyA plus RNA-seq,,,CL:0000895,"naive thymus-derived CD4-positive, alpha-beta T cell",primary_cell,,,,,,OutputType.SPLICE_JUNCTIONS,,,
47,junction_CL:0000895 total RNA-seq,,,CL:0000895,"naive thymus-derived CD4-positive, alpha-beta T cell",primary_cell,,,,,,OutputType.SPLICE_JUNCTIONS,,,
48,junction_CL:0000897 polyA plus RNA-seq,,,CL:0000897,"CD4-positive, alpha-beta memory T cell",primary_cell,,,,,,OutputType.SPLICE_JUNCTIONS,,,
49,junction_CL:0000897 total RNA-seq,,,CL:0000897,"CD4-positive, alpha-beta memory T cell",primary_cell,,,,,,OutputType.SPLICE_JUNCTIONS,,,
50,junction_CL:0000900 polyA plus RNA-seq,,,CL:0000900,"naive thymus-derived CD8-positive, alpha-beta T cell",primary_cell,,,,,,OutputType.SPLICE_JUNCTIONS,,,
51,junction_CL:0000900 total RNA-seq,,,CL:0000900,"naive thymus-derived CD8-positive, alpha-beta T cell",primary_cell,,,,,,OutputType.SPLICE_JUNCTIONS,,,
52,junction_CL:0000909 polyA plus RNA-seq,,,CL:0000909,"CD8-positive, alpha-beta memory T cell",primary_cell,,,,,,OutputType.SPLICE_JUNCTIONS,,,
53,junction_CL:0000909 total RNA-seq,,,CL:0000909,"CD8-positive, alpha-beta memory T cell",primary_cell,,,,,,OutputType.SPLICE_JUNCTIONS,,,
54,junction_CL:0001053 polyA plus RNA-seq,,,CL:0001053,IgD-negative memory B cell,primary_cell,,,,,,OutputType.SPLICE_JUNCTIONS,,,
55,junction_CL:0001054 polyA plus RNA-seq,,,CL:0001054,CD14-positive monocyte,primary_cell,,,,,,OutputType.SPLICE_JUNCTIONS,,,
56,junction_CL:0001059 polyA plus RNA-seq,,,CL:0001059,"common myeloid progenitor, CD34-positive",primary_cell,,,,,,OutputType.SPLICE_JUNCTIONS,,,
57,junction_CL:0002098 total RNA-seq,,,CL:0002098,regular cardiac myocyte,primary_cell,,,,,,OutputType.SPLICE_JUNCTIONS,,,
58,junction_CL:0002188 total RNA-seq,,,CL:0002188,glomerular endothelial cell,primary_cell,,,,,,OutputType.SPLICE_JUNCTIONS,,,
59,junction_CL:0002306 total RNA-seq,,,CL:0002306,epithelial cell of proximal tubule,primary_cell,,,,,,OutputType.SPLICE_JUNCTIONS,,,
60,junction_CL:0002319 polyA plus RNA-seq,,,CL:0002319,neural cell,in_vitro_differentiated_cells,,,,,,OutputType.SPLICE_JUNCTIONS,,,
61,junction_CL:0002324 polyA plus RNA-seq,,,CL:0002324,myoepithelial cell of mammary gland,primary_cell,,,,,,OutputType.SPLICE_JUNCTIONS,,,
62,junction_CL:0002326 polyA plus RNA-seq,,,CL:0002326,luminal epithelial cell of mammary gland,primary_cell,,,,,,OutputType.SPLICE_JUNCTIONS,,,
63,junction_CL:0002327 polyA plus RNA-seq,,,CL:0002327,mammary epithelial cell,primary_cell,,,,,,OutputType.SPLICE_JUNCTIONS,,,
64,junction_CL:0002327 total RNA-seq,,,CL:0002327,mammary epithelial cell,primary_cell,,,,,,OutputType.SPLICE_JUNCTIONS,,,
65,junction_CL:0002328 total RNA-seq,,,CL:0002328,bronchial epithelial cell,primary_cell,,,,,,OutputType.SPLICE_JUNCTIONS,,,
66,junction_CL:0002351 total RNA-seq,,,CL:0002351,progenitor cell of endocrine pancreas,in_vitro_differentiated_cells,,,,,,OutputType.SPLICE_JUNCTIONS,,,
67,junction_CL:0002366 total RNA-seq,,,CL:0002366,myometrial cell,primary_cell,,,,,,OutputType.SPLICE_JUNCTIONS,,,
68,junction_CL:0002368 total RNA-seq,,,CL:0002368,airway epithelial cell,primary_cell,,,,,,OutputType.SPLICE_JUNCTIONS,,,
69,junction_CL:0002372 total RNA-seq,,,CL:0002372,myotube,in_vitro_differentiated_cells,,,,,,OutputType.SPLICE_JUNCTIONS,,,
70,junction_CL:0002451 polyA plus RNA-seq,,,CL:0002451,mammary stem cell,primary_cell,,,,,,OutputType.SPLICE_JUNCTIONS,,,
71,junction_CL:0002518 total RNA-seq,,,CL:0002518,kidney epithelial cell,primary_cell,,,,,,OutputType.SPLICE_JUNCTIONS,,,
72,junction_CL:0002539 total RNA-seq,,,CL:0002539,aortic smooth muscle cell,primary_cell,,,,,,OutputType.SPLICE_JUNCTIONS,,,
73,junction_CL:0002540 total RNA-seq,,,CL:0002540,mesenchymal stem cell of the bone marrow,primary_cell,,,,,,OutputType.SPLICE_JUNCTIONS,,,
74,junction_CL:0002543 total RNA-seq,,,CL:0002543,vein endothelial cell,primary_cell,,,,,,OutputType.SPLICE_JUNCTIONS,,,
75,junction_CL:0002545 total RNA-seq,,,CL:0002545,thoracic aorta endothelial cell,primary_cell,,,,,,OutputType.SPLICE_JUNCTIONS,,,
76,junction_CL:0002547 total RNA-seq,,,CL:0002547,fibroblast of the aortic adventitia,primary_cell,,,,,,OutputType.SPLICE_JUNCTIONS,,,
77,junction_CL:0002551 total RNA-seq,,,CL:0002551,fibroblast of dermis,primary_cell,,,,,,OutputType.SPLICE_JUNCTIONS,,,
78,junction_CL:0002553 polyA plus RNA-seq,,,CL:0002553,fibroblast of lung,primary_cell,,,,,,OutputType.SPLICE_JUNCTIONS,,,
79,junction_CL:0002553 total RNA-seq,,,CL:0002553,fibroblast of lung,primary_cell,,,,,,OutputType.SPLICE_JUNCTIONS,,,
80,junction_CL:0002558 total RNA-seq,,,CL:0002558,fibroblast of villous mesenchyme,primary_cell,,,,,,OutputType.SPLICE_JUNCTIONS,,,
81,junction_CL:0002568 total RNA-seq,,,CL:0002568,mesenchymal stem cell of Wharton's jelly,primary_cell,,,,,,OutputType.SPLICE_JUNCTIONS,,,
82,junction_CL:0002570 total RNA-seq,,,CL:0002570,mesenchymal stem cell of adipose,primary_cell,,,,,,OutputType.SPLICE_JUNCTIONS,,,
83,junction_CL:0002577 total RNA-seq,,,CL:0002577,placental epithelial cell,primary_cell,,,,,,OutputType.SPLICE_JUNCTIONS,,,
84,junction_CL:0002583 total RNA-seq,,,CL:0002583,subcutaneous preadipocyte,primary_cell,,,,,,OutputType.SPLICE_JUNCTIONS,,,
85,junction_CL:0002584 total RNA-seq,,,CL:0002584,renal cortical epithelial cell,primary_cell,,,,,,OutputType.SPLICE_JUNCTIONS,,,
86,junction_CL:0002591 total RNA-seq,,,CL:0002591,smooth muscle cell of the pulmonary artery,primary_cell,,,,,,OutputType.SPLICE_JUNCTIONS,,,
87,junction_CL:0002592 total RNA-seq,,,CL:0002592,smooth muscle cell of the coronary artery,primary_cell,,,,,,OutputType.SPLICE_JUNCTIONS,,,
88,junction_CL:0002594 total RNA-seq,,,CL:0002594,smooth muscle cell of the umbilical artery,primary_cell,,,,,,OutputType.SPLICE_JUNCTIONS,,,
89,junction_CL:0002597 total RNA-seq,,,CL:0002597,smooth muscle cell of bladder,primary_cell,,,,,,OutputType.SPLICE_JUNCTIONS,,,
90,junction_CL:0002598 total RNA-seq,,,CL:0002598,bronchial smooth muscle cell,primary_cell,,,,,,OutputType.SPLICE_JUNCTIONS,,,
91,junction_CL:0002600 total RNA-seq,,,CL:0002600,smooth muscle cell of trachea,primary_cell,,,,,,OutputType.SPLICE_JUNCTIONS,,,
92,junction_CL:0002601 total RNA-seq,,,CL:0002601,uterine smooth muscle cell,primary_cell,,,,,,OutputType.SPLICE_JUNCTIONS,,,
93,junction_CL:0002618 polyA plus RNA-seq,,,CL:0002618,endothelial cell of umbilical vein,primary_cell,,,,,,OutputType.SPLICE_JUNCTIONS,,,
94,junction_CL:0002618 total RNA-seq,,,CL:0002618,endothelial cell of umbilical vein,primary_cell,,,,,,OutputType.SPLICE_JUNCTIONS,,,
95,junction_CL:0010002 total RNA-seq,,,CL:0010002,epithelial cell of umbilical artery,primary_cell,,,,,,OutputType.SPLICE_JUNCTIONS,,,
96,junction_CL:0010003 total RNA-seq,,,CL:0010003,epithelial cell of alveolus of lung,primary_cell,,,,,,OutputType.SPLICE_JUNCTIONS,,,
97,junction_CL:0011012 total RNA-seq,,,CL:0011012,neural crest cell,in_vitro_differentiated_cells,,,,,,OutputType.SPLICE_JUNCTIONS,,,
98,junction_CL:0011019 total RNA-seq,,,CL:0011019,mesothelial cell of epicardium,in_vitro_differentiated_cells,,,,,,OutputType.SPLICE_JUNCTIONS,,,
99,junction_CL:0011020 total RNA-seq,,,CL:0011020,neural progenitor cell,in_vitro_differentiated_cells,,,,,,OutputType.SPLICE_JUNCTIONS,,,
100,junction_CL:0011022 polyA plus RNA-seq,,,CL:0011022,fibroblast of skin of back,primary_cell,,,,,,OutputType.SPLICE_JUNCTIONS,,,
101,junction_CL:1000458 total RNA-seq,,,CL:1000458,melanocyte of skin,primary_cell,,,,,,OutputType.SPLICE_JUNCTIONS,,,
102,junction_CL:1001568 total RNA-seq,,,CL:1001568,pulmonary artery endothelial cell,primary_cell,,,,,,OutputType.SPLICE_JUNCTIONS,,,
103,junction_CL:1001606 polyA plus RNA-seq,,,CL:1001606,foreskin keratinocyte,primary_cell,,,,,,OutputType.SPLICE_JUNCTIONS,,,
104,junction_CL:1001606 total RNA-seq,,,CL:1001606,foreskin keratinocyte,primary_cell,,,,,,OutputType.SPLICE_JUNCTIONS,,,
105,junction_CL:1001608 polyA plus RNA-seq,,,CL:1001608,foreskin fibroblast,primary_cell,,,,,,OutputType.SPLICE_JUNCTIONS,,,
106,junction_CL:2000001 polyA plus RNA-seq,,,CL:2000001,peripheral blood mononuclear cell,primary_cell,,,,,,OutputType.SPLICE_JUNCTIONS,,,
107,junction_CL:2000007 total RNA-seq,,,CL:2000007,articular chondrocyte of knee joint,primary_cell,,,,,,OutputType.SPLICE_JUNCTIONS,,,
108,junction_CL:2000010 total RNA-seq,,,CL:2000010,dermis blood vessel endothelial cell,primary_cell,,,,,,OutputType.SPLICE_JUNCTIONS,,,
109,junction_CL:2000011 total RNA-seq,,,CL:2000011,dermis lymphatic vessel endothelial cell,primary_cell,,,,,,OutputType.SPLICE_JUNCTIONS,,,
110,junction_CL:2000013 polyA plus RNA-seq,,,CL:2000013,fibroblast of skin of abdomen,primary_cell,,,,,,OutputType.SPLICE_JUNCTIONS,,,
111,junction_CL:2000016 total RNA-seq,,,CL:2000016,lung microvascular endothelial cell,primary_cell,,,,,,OutputType.SPLICE_JUNCTIONS,,,
112,junction_CL:2000018 total RNA-seq,,,CL:2000018,endothelial cell of coronary artery,primary_cell,,,,,,OutputType.SPLICE_JUNCTIONS,,,
113,junction_CL:2000040 total RNA-seq,,,CL:2000040,bladder microvascular endothelial cell,primary_cell,,,,,,OutputType.SPLICE_JUNCTIONS,,,
114,junction_CL:2000041 total RNA-seq,,,CL:2000041,dermis microvascular lymphatic vessel endothelial cell,primary_cell,,,,,,OutputType.SPLICE_JUNCTIONS,,,
115,junction_CL:2000045 polyA plus RNA-seq,,,CL:2000045,foreskin melanocyte,primary_cell,,,,,,OutputType.SPLICE_JUNCTIONS,,,
116,junction_CL:2000066 total RNA-seq,,,CL:2000066,cardiac ventricle fibroblast,primary_cell,,,,,,OutputType.SPLICE_JUNCTIONS,,,
117,junction_CL:2000067 total RNA-seq,,,CL:2000067,cardiac atrium fibroblast,primary_cell,,,,,,OutputType.SPLICE_JUNCTIONS,,,
118,junction_CL:2000068 total RNA-seq,,,CL:2000068,pericardium fibroblast,primary_cell,,,,,,OutputType.SPLICE_JUNCTIONS,,,
119,junction_CL:2000071 total RNA-seq,,,CL:2000071,mammary microvascular endothelial cell,primary_cell,,,,,,OutputType.SPLICE_JUNCTIONS,,,
120,junction_CL:2000078 total RNA-seq,,,CL:2000078,placental pericyte,primary_cell,,,,,,OutputType.SPLICE_JUNCTIONS,,,
121,junction_CL:2000092 total RNA-seq,,,CL:2000092,hair follicular keratinocyte,primary_cell,,,,,,OutputType.SPLICE_JUNCTIONS,,,
122,junction_CL:2000093 total RNA-seq,,,CL:2000093,bronchus fibroblast of lung,primary_cell,,,,,,OutputType.SPLICE_JUNCTIONS,,,
123,junction_CL:2000094 total RNA-seq,,,CL:2000094,nasal cavity respiratory epithelium epithelial cell of viscerocranial mucosa,primary_cell,,,,,,OutputType.SPLICE_JUNCTIONS,,,
124,junction_CLO:0007045 polyA plus RNA-seq,,,CLO:0007045,"Jurkat, Clone E6-1",cell_line,,,,,,OutputType.SPLICE_JUNCTIONS,,,
125,junction_EFO:0000572 gtex Cells_EBV-transformed_lymphocytes polyA plus RNA-seq,,,EFO:0000572,lymphoblast,tissue,,,,,,OutputType.SPLICE_JUNCTIONS,Cells_EBV-transformed_lymphocytes,,
126,junction_EFO:0001086 polyA plus RNA-seq,,,EFO:0001086,A549,cell_line,,,,,,OutputType.SPLICE_JUNCTIONS,,,
127,junction_EFO:0001099 total RNA-seq,,,EFO:0001099,Caco-2,cell_line,,,,,,OutputType.SPLICE_JUNCTIONS,,,
128,junction_EFO:0001187 polyA plus RNA-seq,,,EFO:0001187,HepG2,cell_line,,,,,,OutputType.SPLICE_JUNCTIONS,,,
129,junction_EFO:0001187 total RNA-seq,,,EFO:0001187,HepG2,cell_line,,,,,,OutputType.SPLICE_JUNCTIONS,,,
130,junction_EFO:0001193 total RNA-seq,,,EFO:0001193,HT-29,cell_line,,,,,,OutputType.SPLICE_JUNCTIONS,,,
131,junction_EFO:0001196 polyA plus RNA-seq,,,EFO:0001196,IMR-90,cell_line,,,,,,OutputType.SPLICE_JUNCTIONS,,,
132,junction_EFO:0001196 total RNA-seq,,,EFO:0001196,IMR-90,cell_line,,,,,,OutputType.SPLICE_JUNCTIONS,,,
133,junction_EFO:0001200 total RNA-seq,,,EFO:0001200,MCF 10A,cell_line,,,,,,OutputType.SPLICE_JUNCTIONS,,,
134,junction_EFO:0001203 polyA plus RNA-seq,,,EFO:0001203,MCF-7,cell_line,,,,,,OutputType.SPLICE_JUNCTIONS,,,
135,junction_EFO:0001203 total RNA-seq,,,EFO:0001203,MCF-7,cell_line,,,,,,OutputType.SPLICE_JUNCTIONS,,,
136,junction_EFO:0002009 gtex Cells_Cultured_fibroblasts polyA plus RNA-seq,,,EFO:0002009,fibroblast derived cell line,tissue,,,,,,OutputType.SPLICE_JUNCTIONS,Cells_Cultured_fibroblasts,,
137,junction_EFO:0002059 polyA plus RNA-seq,,,EFO:0002059,HT1080,cell_line,,,,,,OutputType.SPLICE_JUNCTIONS,,,
138,junction_EFO:0002059 total RNA-seq,,,EFO:0002059,HT1080,cell_line,,,,,,OutputType.SPLICE_JUNCTIONS,,,
139,junction_EFO:0002067 polyA plus RNA-seq,,,EFO:0002067,K562,cell_line,,,,,,OutputType.SPLICE_JUNCTIONS,,,
140,junction_EFO:0002067 total RNA-seq,,,EFO:0002067,K562,cell_line,,,,,,OutputType.SPLICE_JUNCTIONS,,,
141,junction_EFO:0002074 total RNA-seq,,,EFO:0002074,PC-3,cell_line,,,,,,OutputType.SPLICE_JUNCTIONS,,,
142,junction_EFO:0002101 total RNA-seq,,,EFO:0002101,A172,cell_line,,,,,,OutputType.SPLICE_JUNCTIONS,,,
143,junction_EFO:0002103 total RNA-seq,,,EFO:0002103,A375,cell_line,,,,,,OutputType.SPLICE_JUNCTIONS,,,
144,junction_EFO:0002106 total RNA-seq,,,EFO:0002106,A673,cell_line,,,,,,OutputType.SPLICE_JUNCTIONS,,,
145,junction_EFO:0002150 total RNA-seq,,,EFO:0002150,Caki2,cell_line,,,,,,OutputType.SPLICE_JUNCTIONS,,,
146,junction_EFO:0002179 total RNA-seq,,,EFO:0002179,G401,cell_line,,,,,,OutputType.SPLICE_JUNCTIONS,,,
147,junction_EFO:0002184 total RNA-seq,,,EFO:0002184,H4,cell_line,,,,,,OutputType.SPLICE_JUNCTIONS,,,
148,junction_EFO:0002234 total RNA-seq,,,EFO:0002234,MG63,cell_line,,,,,,OutputType.SPLICE_JUNCTIONS,,,
149,junction_EFO:0002330 total RNA-seq,,,EFO:0002330,SJSA1,cell_line,,,,,,OutputType.SPLICE_JUNCTIONS,,,
150,junction_EFO:0002713 polyA plus RNA-seq,,,EFO:0002713,Panc1,cell_line,,,,,,OutputType.SPLICE_JUNCTIONS,,,
151,junction_EFO:0002713 total RNA-seq,,,EFO:0002713,Panc1,cell_line,,,,,,OutputType.SPLICE_JUNCTIONS,,,
152,junction_EFO:0002779 polyA plus RNA-seq,,,EFO:0002779,BJ,cell_line,,,,,,OutputType.SPLICE_JUNCTIONS,,,
153,junction_EFO:0002784 polyA plus RNA-seq,,,EFO:0002784,GM12878,cell_line,,,,,,OutputType.SPLICE_JUNCTIONS,,,
154,junction_EFO:0002784 total RNA-seq,,,EFO:0002784,GM12878,cell_line,,,,,,OutputType.SPLICE_JUNCTIONS,,,
155,junction_EFO:0002785 polyA plus RNA-seq,,,EFO:0002785,GM12891,cell_line,,,,,,OutputType.SPLICE_JUNCTIONS,,,
156,junction_EFO:0002786 polyA plus RNA-seq,,,EFO:0002786,GM12892,cell_line,,,,,,OutputType.SPLICE_JUNCTIONS,,,
157,junction_EFO:0002791 polyA plus RNA-seq,,,EFO:0002791,HeLa-S3,cell_line,,,,,,OutputType.SPLICE_JUNCTIONS,,,
158,junction_EFO:0002819 total RNA-seq,,,EFO:0002819,Calu3,cell_line,,,,,,OutputType.SPLICE_JUNCTIONS,,,
159,junction_EFO:0002824 polyA plus RNA-seq,,,EFO:0002824,HCT116,cell_line,,,,,,OutputType.SPLICE_JUNCTIONS,,,
160,junction_EFO:0002824 total RNA-seq,,,EFO:0002824,HCT116,cell_line,,,,,,OutputType.SPLICE_JUNCTIONS,,,
161,junction_EFO:0002847 total RNA-seq,,,EFO:0002847,PC-9,cell_line,,,,,,OutputType.SPLICE_JUNCTIONS,,,
162,junction_EFO:0003042 polyA plus RNA-seq,,,EFO:0003042,H1,cell_line,,,,,,OutputType.SPLICE_JUNCTIONS,,,
163,junction_EFO:0003042 total RNA-seq,,,EFO:0003042,H1,cell_line,,,,,,OutputType.SPLICE_JUNCTIONS,,,
164,junction_EFO:0003044 polyA plus RNA-seq,,,EFO:0003044,NCI-H460,cell_line,,,,,,OutputType.SPLICE_JUNCTIONS,,,
165,junction_EFO:0003044 total RNA-seq,,,EFO:0003044,NCI-H460,cell_line,,,,,,OutputType.SPLICE_JUNCTIONS,,,
166,junction_EFO:0003045 total RNA-seq,,,EFO:0003045,H9,cell_line,,,,,,OutputType.SPLICE_JUNCTIONS,,,
167,junction_EFO:0003072 polyA plus RNA-seq,,,EFO:0003072,SK-N-SH,cell_line,,,,,,OutputType.SPLICE_JUNCTIONS,,,
168,junction_EFO:0005234 polyA plus RNA-seq,,,EFO:0005234,PFSK-1,cell_line,,,,,,OutputType.SPLICE_JUNCTIONS,,,
169,junction_EFO:0005237 polyA plus RNA-seq,,,EFO:0005237,U-87 MG,cell_line,,,,,,OutputType.SPLICE_JUNCTIONS,,,
170,junction_EFO:0005697 total RNA-seq,,,EFO:0005697,M059J,cell_line,,,,,,OutputType.SPLICE_JUNCTIONS,,,
171,junction_EFO:0005698 total RNA-seq,,,EFO:0005698,Daoy,cell_line,,,,,,OutputType.SPLICE_JUNCTIONS,,,
172,junction_EFO:0005712 total RNA-seq,,,EFO:0005712,RPMI7951,cell_line,,,,,,OutputType.SPLICE_JUNCTIONS,,,
173,junction_EFO:0005714 polyA plus RNA-seq,,,EFO:0005714,LHCN-M2,cell_line,,,,,,OutputType.SPLICE_JUNCTIONS,,,
174,junction_EFO:0005714 total RNA-seq,,,EFO:0005714,LHCN-M2,cell_line,,,,,,OutputType.SPLICE_JUNCTIONS,,,
175,junction_EFO:0005719 total RNA-seq,,,EFO:0005719,Karpas-422,cell_line,,,,,,OutputType.SPLICE_JUNCTIONS,,,
176,junction_EFO:0005720 polyA plus RNA-seq,,,EFO:0005720,SK-MEL-5,cell_line,,,,,,OutputType.SPLICE_JUNCTIONS,,,
177,junction_EFO:0005720 total RNA-seq,,,EFO:0005720,SK-MEL-5,cell_line,,,,,,OutputType.SPLICE_JUNCTIONS,,,
178,junction_EFO:0005721 polyA plus RNA-seq,,,EFO:0005721,SK-N-DZ,cell_line,,,,,,OutputType.SPLICE_JUNCTIONS,,,
179,junction_EFO:0005722 total RNA-seq,,,EFO:0005722,SJCRH30,cell_line,,,,,,OutputType.SPLICE_JUNCTIONS,,,
180,junction_EFO:0005723 polyA plus RNA-seq,,,EFO:0005723,GM23248,cell_line,,,,,,OutputType.SPLICE_JUNCTIONS,,,
181,junction_EFO:0005723 total RNA-seq,,,EFO:0005723,GM23248,cell_line,,,,,,OutputType.SPLICE_JUNCTIONS,,,
182,junction_EFO:0005725 polyA plus RNA-seq,,,EFO:0005725,BE2C,cell_line,,,,,,OutputType.SPLICE_JUNCTIONS,,,
183,junction_EFO:0005904 total RNA-seq,,,EFO:0005904,H7,cell_line,,,,,,OutputType.SPLICE_JUNCTIONS,,,
184,junction_EFO:0006270 polyA plus RNA-seq,,,EFO:0006270,AG04450,cell_line,,,,,,OutputType.SPLICE_JUNCTIONS,,,
185,junction_EFO:0006711 total RNA-seq,,,EFO:0006711,OCI-LY7,cell_line,,,,,,OutputType.SPLICE_JUNCTIONS,,,
186,junction_EFO:0007089 polyA plus RNA-seq,,,EFO:0007089,HUES64,cell_line,,,,,,OutputType.SPLICE_JUNCTIONS,,,
187,junction_EFO:0007950 polyA plus RNA-seq,,,EFO:0007950,GM23338,cell_line,,,,,,OutputType.SPLICE_JUNCTIONS,,,
188,junction_EFO:0007950 total RNA-seq,,,EFO:0007950,GM23338,cell_line,,,,,,OutputType.SPLICE_JUNCTIONS,,,
189,junction_EFO:0009318 total RNA-seq,,,EFO:0009318,HFFc6,cell_line,,,,,,OutputType.SPLICE_JUNCTIONS,,,
190,junction_EFO:0009747 total RNA-seq,,,EFO:0009747,WTC11,cell_line,,,,,,OutputType.SPLICE_JUNCTIONS,,,
191,junction_EFO:0030018 polyA plus RNA-seq,,,EFO:0030018,BLaER1,cell_line,,,,,,OutputType.SPLICE_JUNCTIONS,,,
192,junction_NTR:0000427 polyA plus RNA-seq,,,NTR:0000427,neurosphere,primary_cell,,,,,,OutputType.SPLICE_JUNCTIONS,,,
193,junction_NTR:0000491 total RNA-seq,,,NTR:0000491,Right ventricle myocardium inferior,tissue,,,,,,OutputType.SPLICE_JUNCTIONS,,,
194,junction_NTR:0000492 total RNA-seq,,,NTR:0000492,Right ventricle myocardium superior,tissue,,,,,,OutputType.SPLICE_JUNCTIONS,,,
195,junction_NTR:0000493 total RNA-seq,,,NTR:0000493,left ventricle myocardium inferior,tissue,,,,,,OutputType.SPLICE_JUNCTIONS,,,
196,junction_NTR:0000494 total RNA-seq,,,NTR:0000494,left ventricle myocardium superior,tissue,,,,,,OutputType.SPLICE_JUNCTIONS,,,
197,junction_NTR:0000524 polyA plus RNA-seq,,,NTR:0000524,fibroblast of skin of scalp,primary_cell,,,,,,OutputType.SPLICE_JUNCTIONS,,,
198,junction_NTR:0000856 polyA plus RNA-seq,,,NTR:0000856,mesendoderm,in_vitro_differentiated_cells,,,,,,OutputType.SPLICE_JUNCTIONS,,,
199,junction_NTR:0003013 polyA plus RNA-seq,,,NTR:0003013,placental basal plate,tissue,,,,,,OutputType.SPLICE_JUNCTIONS,,,
200,junction_UBERON:0000007 gtex Pituitary polyA plus RNA-seq,,,UBERON:0000007,pituitary gland,tissue,,,,,,OutputType.SPLICE_JUNCTIONS,Pituitary,,
201,junction_UBERON:0000016 polyA plus RNA-seq,,,UBERON:0000016,endocrine pancreas,tissue,,,,,,OutputType.SPLICE_JUNCTIONS,,,
202,junction_UBERON:0000019 total RNA-seq,,,UBERON:0000019,camera-type eye,tissue,,,,,,OutputType.SPLICE_JUNCTIONS,,,
203,junction_UBERON:0000056 total RNA-seq,,,UBERON:0000056,ureter,tissue,,,,,,OutputType.SPLICE_JUNCTIONS,,,
204,junction_UBERON:0000081 total RNA-seq,,,UBERON:0000081,metanephros,tissue,,,,,,OutputType.SPLICE_JUNCTIONS,,,
205,junction_UBERON:0000088 polyA plus RNA-seq,,,UBERON:0000088,trophoblast,tissue,,,,,,OutputType.SPLICE_JUNCTIONS,,,
206,junction_UBERON:0000305 polyA plus RNA-seq,,,UBERON:0000305,amnion,tissue,,,,,,OutputType.SPLICE_JUNCTIONS,,,
207,junction_UBERON:0000317 total RNA-seq,,,UBERON:0000317,colonic mucosa,tissue,,,,,,OutputType.SPLICE_JUNCTIONS,,,
208,junction_UBERON:0000458 gtex Cervix_Endocervix polyA plus RNA-seq,,,UBERON:0000458,endocervix,tissue,,,,,,OutputType.SPLICE_JUNCTIONS,Cervix_Endocervix,,
209,junction_UBERON:0000473 gtex Testis polyA plus RNA-seq,,,UBERON:0000473,testis,tissue,,,,,,OutputType.SPLICE_JUNCTIONS,Testis,,
210,junction_UBERON:0000473 polyA plus RNA-seq,,,UBERON:0000473,testis,tissue,,,,,,OutputType.SPLICE_JUNCTIONS,,,
211,junction_UBERON:0000473 total RNA-seq,,,UBERON:0000473,testis,tissue,,,,,,OutputType.SPLICE_JUNCTIONS,,,
212,junction_UBERON:0000945 gtex Stomach polyA plus RNA-seq,,,UBERON:0000945,stomach,tissue,,,,,,OutputType.SPLICE_JUNCTIONS,Stomach,,
213,junction_UBERON:0000945 polyA plus RNA-seq,,,UBERON:0000945,stomach,tissue,,,,,,OutputType.SPLICE_JUNCTIONS,,,
214,junction_UBERON:0000945 total RNA-seq,,,UBERON:0000945,stomach,tissue,,,,,,OutputType.SPLICE_JUNCTIONS,,,
215,junction_UBERON:0000947 polyA plus RNA-seq,,,UBERON:0000947,aorta,tissue,,,,,,OutputType.SPLICE_JUNCTIONS,,,
216,junction_UBERON:0000947 total RNA-seq,,,UBERON:0000947,aorta,tissue,,,,,,OutputType.SPLICE_JUNCTIONS,,,
217,junction_UBERON:0000948 polyA plus RNA-seq,,,UBERON:0000948,heart,tissue,,,,,,OutputType.SPLICE_JUNCTIONS,,,
218,junction_UBERON:0000948 total RNA-seq,,,UBERON:0000948,heart,tissue,,,,,,OutputType.SPLICE_JUNCTIONS,,,
219,junction_UBERON:0000955 polyA plus RNA-seq,,,UBERON:0000955,brain,tissue,,,,,,OutputType.SPLICE_JUNCTIONS,,,
220,junction_UBERON:0000992 gtex Ovary polyA plus RNA-seq,,,UBERON:0000992,ovary,tissue,,,,,,OutputType.SPLICE_JUNCTIONS,Ovary,,
221,junction_UBERON:0000992 polyA plus RNA-seq,,,UBERON:0000992,ovary,tissue,,,,,,OutputType.SPLICE_JUNCTIONS,,,
222,junction_UBERON:0000992 total RNA-seq,,,UBERON:0000992,ovary,tissue,,,,,,OutputType.SPLICE_JUNCTIONS,,,
223,junction_UBERON:0000995 gtex Uterus polyA plus RNA-seq,,,UBERON:0000995,uterus,tissue,,,,,,OutputType.SPLICE_JUNCTIONS,Uterus,,
224,junction_UBERON:0000995 total RNA-seq,,,UBERON:0000995,uterus,tissue,,,,,,OutputType.SPLICE_JUNCTIONS,,,
225,junction_UBERON:0000996 gtex Vagina polyA plus RNA-seq,,,UBERON:0000996,vagina,tissue,,,,,,OutputType.SPLICE_JUNCTIONS,Vagina,,
226,junction_UBERON:0000996 total RNA-seq,,,UBERON:0000996,vagina,tissue,,,,,,OutputType.SPLICE_JUNCTIONS,,,
227,junction_UBERON:0001013 polyA plus RNA-seq,,,UBERON:0001013,adipose tissue,tissue,,,,,,OutputType.SPLICE_JUNCTIONS,,,
228,junction_UBERON:0001043 polyA plus RNA-seq,,,UBERON:0001043,esophagus,tissue,,,,,,OutputType.SPLICE_JUNCTIONS,,,
229,junction_UBERON:0001072 total RNA-seq,,,UBERON:0001072,posterior vena cava,tissue,,,,,,OutputType.SPLICE_JUNCTIONS,,,
230,junction_UBERON:0001114 gtex Liver polyA plus RNA-seq,,,UBERON:0001114,right lobe of liver,tissue,,,,,,OutputType.SPLICE_JUNCTIONS,Liver,,
231,junction_UBERON:0001114 total RNA-seq,,,UBERON:0001114,right lobe of liver,tissue,,,,,,OutputType.SPLICE_JUNCTIONS,,,
232,junction_UBERON:0001115 total RNA-seq,,,UBERON:0001115,left lobe of liver,tissue,,,,,,OutputType.SPLICE_JUNCTIONS,,,
233,junction_UBERON:0001134 total RNA-seq,,,UBERON:0001134,skeletal muscle tissue,tissue,,,,,,OutputType.SPLICE_JUNCTIONS,,,
234,junction_UBERON:0001150 gtex Pancreas polyA plus RNA-seq,,,UBERON:0001150,body of pancreas,tissue,,,,,,OutputType.SPLICE_JUNCTIONS,Pancreas,,
235,junction_UBERON:0001150 total RNA-seq,,,UBERON:0001150,body of pancreas,tissue,,,,,,OutputType.SPLICE_JUNCTIONS,,,
236,junction_UBERON:0001157 gtex Colon_Transverse polyA plus RNA-seq,,,UBERON:0001157,transverse colon,tissue,,,,,,OutputType.SPLICE_JUNCTIONS,Colon_Transverse,,
237,junction_UBERON:0001157 total RNA-seq,,,UBERON:0001157,transverse colon,tissue,,,,,,OutputType.SPLICE_JUNCTIONS,,,
238,junction_UBERON:0001159 gtex Colon_Sigmoid polyA plus RNA-seq,,,UBERON:0001159,sigmoid colon,tissue,,,,,,OutputType.SPLICE_JUNCTIONS,Colon_Sigmoid,,
239,junction_UBERON:0001159 polyA plus RNA-seq,,,UBERON:0001159,sigmoid colon,tissue,,,,,,OutputType.SPLICE_JUNCTIONS,,,
240,junction_UBERON:0001159 total RNA-seq,,,UBERON:0001159,sigmoid colon,tissue,,,,,,OutputType.SPLICE_JUNCTIONS,,,
241,junction_UBERON:0001211 gtex Small_Intestine_Terminal_Ileum polyA plus RNA-seq,,,UBERON:0001211,Peyer's patch,tissue,,,,,,OutputType.SPLICE_JUNCTIONS,Small_Intestine_Terminal_Ileum,,
242,junction_UBERON:0001211 total RNA-seq,,,UBERON:0001211,Peyer's patch,tissue,,,,,,OutputType.SPLICE_JUNCTIONS,,,
243,junction_UBERON:0001224 polyA plus RNA-seq,,,UBERON:0001224,renal pelvis,tissue,,,,,,OutputType.SPLICE_JUNCTIONS,,,
244,junction_UBERON:0001225 gtex Kidney_Cortex polyA plus RNA-seq,,,UBERON:0001225,cortex of kidney,tissue,,,,,,OutputType.SPLICE_JUNCTIONS,Kidney_Cortex,,
245,junction_UBERON:0001255 gtex Bladder polyA plus RNA-seq,,,UBERON:0001255,urinary bladder,tissue,,,,,,OutputType.SPLICE_JUNCTIONS,Bladder,,
246,junction_UBERON:0001255 polyA plus RNA-seq,,,UBERON:0001255,urinary bladder,tissue,,,,,,OutputType.SPLICE_JUNCTIONS,,,
247,junction_UBERON:0001255 total RNA-seq,,,UBERON:0001255,urinary bladder,tissue,,,,,,OutputType.SPLICE_JUNCTIONS,,,
248,junction_UBERON:0001264 polyA plus RNA-seq,,,UBERON:0001264,pancreas,tissue,,,,,,OutputType.SPLICE_JUNCTIONS,,,
249,junction_UBERON:0001264 total RNA-seq,,,UBERON:0001264,pancreas,tissue,,,,,,OutputType.SPLICE_JUNCTIONS,,,
250,junction_UBERON:0001293 gtex Kidney_Medulla polyA plus RNA-seq,,,UBERON:0001293,outer medulla of kidney,tissue,,,,,,OutputType.SPLICE_JUNCTIONS,Kidney_Medulla,,
251,junction_UBERON:0001322 total RNA-seq,,,UBERON:0001322,sciatic nerve,tissue,,,,,,OutputType.SPLICE_JUNCTIONS,,,
252,junction_UBERON:0001323 gtex Nerve_Tibial polyA plus RNA-seq,,,UBERON:0001323,tibial nerve,tissue,,,,,,OutputType.SPLICE_JUNCTIONS,Nerve_Tibial,,
253,junction_UBERON:0001323 total RNA-seq,,,UBERON:0001323,tibial nerve,tissue,,,,,,OutputType.SPLICE_JUNCTIONS,,,
254,junction_UBERON:0001383 polyA plus RNA-seq,,,UBERON:0001383,muscle of leg,tissue,,,,,,OutputType.SPLICE_JUNCTIONS,,,
255,junction_UBERON:0001496 gtex Artery_Aorta polyA plus RNA-seq,,,UBERON:0001496,ascending aorta,tissue,,,,,,OutputType.SPLICE_JUNCTIONS,Artery_Aorta,,
256,junction_UBERON:0001496 total RNA-seq,,,UBERON:0001496,ascending aorta,tissue,,,,,,OutputType.SPLICE_JUNCTIONS,,,
257,junction_UBERON:0001499 polyA plus RNA-seq,,,UBERON:0001499,muscle of arm,tissue,,,,,,OutputType.SPLICE_JUNCTIONS,,,
258,junction_UBERON:0001515 total RNA-seq,,,UBERON:0001515,thoracic aorta,tissue,,,,,,OutputType.SPLICE_JUNCTIONS,,,
259,junction_UBERON:0001621 gtex Artery_Coronary polyA plus RNA-seq,,,UBERON:0001621,coronary artery,tissue,,,,,,OutputType.SPLICE_JUNCTIONS,Artery_Coronary,,
260,junction_UBERON:0001723 total RNA-seq,,,UBERON:0001723,tongue,tissue,,,,,,OutputType.SPLICE_JUNCTIONS,,,
261,junction_UBERON:0001774 polyA plus RNA-seq,,,UBERON:0001774,muscle of trunk,tissue,,,,,,OutputType.SPLICE_JUNCTIONS,,,
262,junction_UBERON:0001870 gtex Brain_Cortex polyA plus RNA-seq,,,UBERON:0001870,frontal cortex,tissue,,,,,,OutputType.SPLICE_JUNCTIONS,Brain_Cortex,,
263,junction_UBERON:0001870 total RNA-seq,,,UBERON:0001870,frontal cortex,tissue,,,,,,OutputType.SPLICE_JUNCTIONS,,,
264,junction_UBERON:0001871 total RNA-seq,,,UBERON:0001871,temporal lobe,tissue,,,,,,OutputType.SPLICE_JUNCTIONS,,,
265,junction_UBERON:0001872 total RNA-seq,,,UBERON:0001872,parietal lobe,tissue,,,,,,OutputType.SPLICE_JUNCTIONS,,,
266,junction_UBERON:0001873 gtex Brain_Caudate_basal_ganglia polyA plus RNA-seq,,,UBERON:0001873,caudate nucleus,tissue,,,,,,OutputType.SPLICE_JUNCTIONS,Brain_Caudate_basal_ganglia,,
267,junction_UBERON:0001874 gtex Brain_Putamen_basal_ganglia polyA plus RNA-seq,,,UBERON:0001874,putamen,tissue,,,,,,OutputType.SPLICE_JUNCTIONS,Brain_Putamen_basal_ganglia,,
268,junction_UBERON:0001876 gtex Brain_Amygdala polyA plus RNA-seq,,,UBERON:0001876,amygdala,tissue,,,,,,OutputType.SPLICE_JUNCTIONS,Brain_Amygdala,,
269,junction_UBERON:0001882 gtex Brain_Nucleus_accumbens_basal_ganglia polyA plus RNA-seq,,,UBERON:0001882,nucleus accumbens,tissue,,,,,,OutputType.SPLICE_JUNCTIONS,Brain_Nucleus_accumbens_basal_ganglia,,
270,junction_UBERON:0001894 total RNA-seq,,,UBERON:0001894,diencephalon,tissue,,,,,,OutputType.SPLICE_JUNCTIONS,,,
271,junction_UBERON:0001898 gtex Brain_Hypothalamus polyA plus RNA-seq,,,UBERON:0001898,hypothalamus,tissue,,,,,,OutputType.SPLICE_JUNCTIONS,Brain_Hypothalamus,,
272,junction_UBERON:0001954 gtex Brain_Hippocampus polyA plus RNA-seq,,,UBERON:0001954,Ammon's horn,tissue,,,,,,OutputType.SPLICE_JUNCTIONS,Brain_Hippocampus,,
273,junction_UBERON:0001987 polyA plus RNA-seq,,,UBERON:0001987,placenta,tissue,,,,,,OutputType.SPLICE_JUNCTIONS,,,
274,junction_UBERON:0001987 total RNA-seq,,,UBERON:0001987,placenta,tissue,,,,,,OutputType.SPLICE_JUNCTIONS,,,
275,junction_UBERON:0002021 total RNA-seq,,,UBERON:0002021,occipital lobe,tissue,,,,,,OutputType.SPLICE_JUNCTIONS,,,
276,junction_UBERON:0002037 gtex Brain_Cerebellum polyA plus RNA-seq,,,UBERON:0002037,cerebellum,tissue,,,,,,OutputType.SPLICE_JUNCTIONS,Brain_Cerebellum,,
277,junction_UBERON:0002037 polyA plus RNA-seq,,,UBERON:0002037,cerebellum,tissue,,,,,,OutputType.SPLICE_JUNCTIONS,,,
278,junction_UBERON:0002037 total RNA-seq,,,UBERON:0002037,cerebellum,tissue,,,,,,OutputType.SPLICE_JUNCTIONS,,,
279,junction_UBERON:0002038 gtex Brain_Substantia_nigra polyA plus RNA-seq,,,UBERON:0002038,substantia nigra,tissue,,,,,,OutputType.SPLICE_JUNCTIONS,Brain_Substantia_nigra,,
280,junction_UBERON:0002046 gtex Thyroid polyA plus RNA-seq,,,UBERON:0002046,thyroid gland,tissue,,,,,,OutputType.SPLICE_JUNCTIONS,Thyroid,,
281,junction_UBERON:0002046 total RNA-seq,,,UBERON:0002046,thyroid gland,tissue,,,,,,OutputType.SPLICE_JUNCTIONS,,,
282,junction_UBERON:0002048 polyA plus RNA-seq,,,UBERON:0002048,lung,tissue,,,,,,OutputType.SPLICE_JUNCTIONS,,,
283,junction_UBERON:0002048 total RNA-seq,,,UBERON:0002048,lung,tissue,,,,,,OutputType.SPLICE_JUNCTIONS,,,
284,junction_UBERON:0002078 polyA plus RNA-seq,,,UBERON:0002078,right cardiac atrium,tissue,,,,,,OutputType.SPLICE_JUNCTIONS,,,
285,junction_UBERON:0002078 total RNA-seq,,,UBERON:0002078,right cardiac atrium,tissue,,,,,,OutputType.SPLICE_JUNCTIONS,,,
286,junction_UBERON:0002079 total RNA-seq,,,UBERON:0002079,left cardiac atrium,tissue,,,,,,OutputType.SPLICE_JUNCTIONS,,,
287,junction_UBERON:0002080 polyA plus RNA-seq,,,UBERON:0002080,heart right ventricle,tissue,,,,,,OutputType.SPLICE_JUNCTIONS,,,
288,junction_UBERON:0002080 total RNA-seq,,,UBERON:0002080,heart right ventricle,tissue,,,,,,OutputType.SPLICE_JUNCTIONS,,,
289,junction_UBERON:0002084 polyA plus RNA-seq,,,UBERON:0002084,heart left ventricle,tissue,,,,,,OutputType.SPLICE_JUNCTIONS,,,
290,junction_UBERON:0002084 total RNA-seq,,,UBERON:0002084,heart left ventricle,tissue,,,,,,OutputType.SPLICE_JUNCTIONS,,,
291,junction_UBERON:0002097 total RNA-seq,,,UBERON:0002097,skin of body,tissue,,,,,,OutputType.SPLICE_JUNCTIONS,,,
292,junction_UBERON:0002099 total RNA-seq,,,UBERON:0002099,cardiac septum,tissue,,,,,,OutputType.SPLICE_JUNCTIONS,,,
293,junction_UBERON:0002106 gtex Spleen polyA plus RNA-seq,,,UBERON:0002106,spleen,tissue,,,,,,OutputType.SPLICE_JUNCTIONS,Spleen,,
294,junction_UBERON:0002106 polyA plus RNA-seq,,,UBERON:0002106,spleen,tissue,,,,,,OutputType.SPLICE_JUNCTIONS,,,
295,junction_UBERON:0002106 total RNA-seq,,,UBERON:0002106,spleen,tissue,,,,,,OutputType.SPLICE_JUNCTIONS,,,
296,junction_UBERON:0002107 polyA plus RNA-seq,,,UBERON:0002107,liver,tissue,,,,,,OutputType.SPLICE_JUNCTIONS,,,
297,junction_UBERON:0002107 total RNA-seq,,,UBERON:0002107,liver,tissue,,,,,,OutputType.SPLICE_JUNCTIONS,,,
298,junction_UBERON:0002108 polyA plus RNA-seq,,,UBERON:0002108,small intestine,tissue,,,,,,OutputType.SPLICE_JUNCTIONS,,,
299,junction_UBERON:0002113 polyA plus RNA-seq,,,UBERON:0002113,kidney,tissue,,,,,,OutputType.SPLICE_JUNCTIONS,,,
300,junction_UBERON:0002113 total RNA-seq,,,UBERON:0002113,kidney,tissue,,,,,,OutputType.SPLICE_JUNCTIONS,,,
301,junction_UBERON:0002167 polyA plus RNA-seq,,,UBERON:0002167,right lung,tissue,,,,,,OutputType.SPLICE_JUNCTIONS,,,
302,junction_UBERON:0002168 polyA plus RNA-seq,,,UBERON:0002168,left lung,tissue,,,,,,OutputType.SPLICE_JUNCTIONS,,,
303,junction_UBERON:0002168 total RNA-seq,,,UBERON:0002168,left lung,tissue,,,,,,OutputType.SPLICE_JUNCTIONS,,,
304,junction_UBERON:0002170 total RNA-seq,,,UBERON:0002170,upper lobe of right lung,tissue,,,,,,OutputType.SPLICE_JUNCTIONS,,,
305,junction_UBERON:0002171 total RNA-seq,,,UBERON:0002171,lower lobe of right lung,tissue,,,,,,OutputType.SPLICE_JUNCTIONS,,,
306,junction_UBERON:0002190 gtex Adipose_Subcutaneous polyA plus RNA-seq,,,UBERON:0002190,subcutaneous adipose tissue,tissue,,,,,,OutputType.SPLICE_JUNCTIONS,Adipose_Subcutaneous,,
307,junction_UBERON:0002190 total RNA-seq,,,UBERON:0002190,subcutaneous adipose tissue,tissue,,,,,,OutputType.SPLICE_JUNCTIONS,,,
308,junction_UBERON:0002240 polyA plus RNA-seq,,,UBERON:0002240,spinal cord,tissue,,,,,,OutputType.SPLICE_JUNCTIONS,,,
309,junction_UBERON:0002240 total RNA-seq,,,UBERON:0002240,spinal cord,tissue,,,,,,OutputType.SPLICE_JUNCTIONS,,,
310,junction_UBERON:0002245 gtex Brain_Cerebellar_Hemisphere polyA plus RNA-seq,,,UBERON:0002245,cerebellar hemisphere,tissue,,,,,,OutputType.SPLICE_JUNCTIONS,Brain_Cerebellar_Hemisphere,,
311,junction_UBERON:0002324 polyA plus RNA-seq,,,UBERON:0002324,muscle of back,tissue,,,,,,OutputType.SPLICE_JUNCTIONS,,,
312,junction_UBERON:0002331 total RNA-seq,,,UBERON:0002331,umbilical cord,tissue,,,,,,OutputType.SPLICE_JUNCTIONS,,,
313,junction_UBERON:0002367 gtex Prostate polyA plus RNA-seq,,,UBERON:0002367,prostate gland,tissue,,,,,,OutputType.SPLICE_JUNCTIONS,Prostate,,
314,junction_UBERON:0002367 total RNA-seq,,,UBERON:0002367,prostate gland,tissue,,,,,,OutputType.SPLICE_JUNCTIONS,,,
315,junction_UBERON:0002369 gtex Adrenal_Gland polyA plus RNA-seq,,,UBERON:0002369,adrenal gland,tissue,,,,,,OutputType.SPLICE_JUNCTIONS,Adrenal_Gland,,
316,junction_UBERON:0002369 polyA plus RNA-seq,,,UBERON:0002369,adrenal gland,tissue,,,,,,OutputType.SPLICE_JUNCTIONS,,,
317,junction_UBERON:0002369 total RNA-seq,,,UBERON:0002369,adrenal gland,tissue,,,,,,OutputType.SPLICE_JUNCTIONS,,,
318,junction_UBERON:0002370 polyA plus RNA-seq,,,UBERON:0002370,thymus,tissue,,,,,,OutputType.SPLICE_JUNCTIONS,,,
319,junction_UBERON:0002469 total RNA-seq,,,UBERON:0002469,esophagus mucosa,tissue,,,,,,OutputType.SPLICE_JUNCTIONS,,,
320,junction_UBERON:0003124 polyA plus RNA-seq,,,UBERON:0003124,chorion,tissue,,,,,,OutputType.SPLICE_JUNCTIONS,,,
321,junction_UBERON:0003662 polyA plus RNA-seq,,,UBERON:0003662,forelimb muscle,tissue,,,,,,OutputType.SPLICE_JUNCTIONS,,,
322,junction_UBERON:0003663 polyA plus RNA-seq,,,UBERON:0003663,hindlimb muscle,tissue,,,,,,OutputType.SPLICE_JUNCTIONS,,,
323,junction_UBERON:0003889 gtex Fallopian_Tube polyA plus RNA-seq,,,UBERON:0003889,fallopian tube,tissue,,,,,,OutputType.SPLICE_JUNCTIONS,Fallopian_Tube,,
324,junction_UBERON:0004264 gtex Skin_Sun_Exposed_Lower_leg polyA plus RNA-seq,,,UBERON:0004264,lower leg skin,tissue,,,,,,OutputType.SPLICE_JUNCTIONS,Skin_Sun_Exposed_Lower_leg,,
325,junction_UBERON:0004264 total RNA-seq,,,UBERON:0004264,lower leg skin,tissue,,,,,,OutputType.SPLICE_JUNCTIONS,,,
326,junction_UBERON:0004538 polyA plus RNA-seq,,,UBERON:0004538,left kidney,tissue,,,,,,OutputType.SPLICE_JUNCTIONS,,,
327,junction_UBERON:0004550 gtex Esophagus_Gastroesophageal_Junction polyA plus RNA-seq,,,UBERON:0004550,gastroesophageal sphincter,tissue,,,,,,OutputType.SPLICE_JUNCTIONS,Esophagus_Gastroesophageal_Junction,,
328,junction_UBERON:0004550 total RNA-seq,,,UBERON:0004550,gastroesophageal sphincter,tissue,,,,,,OutputType.SPLICE_JUNCTIONS,,,
329,junction_UBERON:0004648 gtex Esophagus_Muscularis polyA plus RNA-seq,,,UBERON:0004648,esophagus muscularis mucosa,tissue,,,,,,OutputType.SPLICE_JUNCTIONS,Esophagus_Muscularis,,
330,junction_UBERON:0004648 total RNA-seq,,,UBERON:0004648,esophagus muscularis mucosa,tissue,,,,,,OutputType.SPLICE_JUNCTIONS,,,
331,junction_UBERON:0004992 total RNA-seq,,,UBERON:0004992,mucosa of descending colon,tissue,,,,,,OutputType.SPLICE_JUNCTIONS,,,
332,junction_UBERON:0005033 total RNA-seq,,,UBERON:0005033,mucosa of gallbladder,tissue,,,,,,OutputType.SPLICE_JUNCTIONS,,,
333,junction_UBERON:0005270 polyA plus RNA-seq,,,UBERON:0005270,renal cortex interstitium,tissue,,,,,,OutputType.SPLICE_JUNCTIONS,,,
334,junction_UBERON:0006330 gtex Minor_Salivary_Gland polyA plus RNA-seq,,,UBERON:0006330,anterior lingual gland,tissue,,,,,,OutputType.SPLICE_JUNCTIONS,Minor_Salivary_Gland,,
335,junction_UBERON:0006469 gtex Brain_Spinal_cord_cervical_c-1 polyA plus RNA-seq,,,UBERON:0006469,C1 segment of cervical spinal cord,tissue,,,,,,OutputType.SPLICE_JUNCTIONS,Brain_Spinal_cord_cervical_c-1,,
336,junction_UBERON:0006566 gtex Heart_Left_Ventricle polyA plus RNA-seq,,,UBERON:0006566,left ventricle myocardium,tissue,,,,,,OutputType.SPLICE_JUNCTIONS,Heart_Left_Ventricle,,
337,junction_UBERON:0006631 gtex Heart_Atrial_Appendage polyA plus RNA-seq,,,UBERON:0006631,right atrium auricular region,tissue,,,,,,OutputType.SPLICE_JUNCTIONS,Heart_Atrial_Appendage,,
338,junction_UBERON:0006631 total RNA-seq,,,UBERON:0006631,right atrium auricular region,tissue,,,,,,OutputType.SPLICE_JUNCTIONS,,,
339,junction_UBERON:0006920 gtex Esophagus_Mucosa polyA plus RNA-seq,,,UBERON:0006920,esophagus squamous epithelium,tissue,,,,,,OutputType.SPLICE_JUNCTIONS,Esophagus_Mucosa,,
340,junction_UBERON:0006920 total RNA-seq,,,UBERON:0006920,esophagus squamous epithelium,tissue,,,,,,OutputType.SPLICE_JUNCTIONS,,,
341,junction_UBERON:0007106 polyA plus RNA-seq,,,UBERON:0007106,chorionic villus,tissue,,,,,,OutputType.SPLICE_JUNCTIONS,,,
342,junction_UBERON:0007610 gtex Artery_Tibial polyA plus RNA-seq,,,UBERON:0007610,tibial artery,tissue,,,,,,OutputType.SPLICE_JUNCTIONS,Artery_Tibial,,
343,junction_UBERON:0008367 gtex Breast_Mammary_Tissue polyA plus RNA-seq,,,UBERON:0008367,breast epithelium,tissue,,,,,,OutputType.SPLICE_JUNCTIONS,Breast_Mammary_Tissue,,
344,junction_UBERON:0008367 total RNA-seq,,,UBERON:0008367,breast epithelium,tissue,,,,,,OutputType.SPLICE_JUNCTIONS,,,
345,junction_UBERON:0008450 polyA plus RNA-seq,,,UBERON:0008450,psoas muscle,tissue,,,,,,OutputType.SPLICE_JUNCTIONS,,,
346,junction_UBERON:0008450 total RNA-seq,,,UBERON:0008450,psoas muscle,tissue,,,,,,OutputType.SPLICE_JUNCTIONS,,,
347,junction_UBERON:0008952 gtex Lung polyA plus RNA-seq,,,UBERON:0008952,upper lobe of left lung,tissue,,,,,,OutputType.SPLICE_JUNCTIONS,Lung,,
348,junction_UBERON:0008952 total RNA-seq,,,UBERON:0008952,upper lobe of left lung,tissue,,,,,,OutputType.SPLICE_JUNCTIONS,,,
349,junction_UBERON:0008953 total RNA-seq,,,UBERON:0008953,lower lobe of left lung,tissue,,,,,,OutputType.SPLICE_JUNCTIONS,,,
350,junction_UBERON:0008971 total RNA-seq,,,UBERON:0008971,left colon,tissue,,,,,,OutputType.SPLICE_JUNCTIONS,,,
351,junction_UBERON:0009834 gtex Brain_Frontal_Cortex_BA9 polyA plus RNA-seq,,,UBERON:0009834,dorsolateral prefrontal cortex,tissue,,,,,,OutputType.SPLICE_JUNCTIONS,Brain_Frontal_Cortex_BA9,,
352,junction_UBERON:0009834 total RNA-seq,,,UBERON:0009834,dorsolateral prefrontal cortex,tissue,,,,,,OutputType.SPLICE_JUNCTIONS,,,
353,junction_UBERON:0009835 gtex Brain_Anterior_cingulate_cortex_BA24 polyA plus RNA-seq,,,UBERON:0009835,anterior cingulate cortex,tissue,,,,,,OutputType.SPLICE_JUNCTIONS,Brain_Anterior_cingulate_cortex_BA24,,
354,junction_UBERON:0010414 gtex Adipose_Visceral_Omentum polyA plus RNA-seq,,,UBERON:0010414,omental fat pad,tissue,,,,,,OutputType.SPLICE_JUNCTIONS,Adipose_Visceral_Omentum,,
355,junction_UBERON:0010414 total RNA-seq,,,UBERON:0010414,omental fat pad,tissue,,,,,,OutputType.SPLICE_JUNCTIONS,,,
356,junction_UBERON:0011907 gtex Muscle_Skeletal polyA plus RNA-seq,,,UBERON:0011907,gastrocnemius medialis,tissue,,,,,,OutputType.SPLICE_JUNCTIONS,Muscle_Skeletal,,
357,junction_UBERON:0011907 total RNA-seq,,,UBERON:0011907,gastrocnemius medialis,tissue,,,,,,OutputType.SPLICE_JUNCTIONS,,,
358,junction_UBERON:0012249 gtex Cervix_Ectocervix polyA plus RNA-seq,,,UBERON:0012249,ectocervix,tissue,,,,,,OutputType.SPLICE_JUNCTIONS,Cervix_Ectocervix,,
359,junction_UBERON:0013756 gtex Whole_Blood polyA plus RNA-seq,,,UBERON:0013756,venous blood,tissue,,,,,,OutputType.SPLICE_JUNCTIONS,Whole_Blood,,
360,junction_UBERON:0015143 total RNA-seq,,,UBERON:0015143,mesenteric fat pad,tissue,,,,,,OutputType.SPLICE_JUNCTIONS,,,
361,junction_UBERON:0018115 polyA plus RNA-seq,,,UBERON:0018115,left renal pelvis,tissue,,,,,,OutputType.SPLICE_JUNCTIONS,,,
362,junction_UBERON:0018116 polyA plus RNA-seq,,,UBERON:0018116,right renal pelvis,tissue,,,,,,OutputType.SPLICE_JUNCTIONS,,,
363,junction_UBERON:0018117 polyA plus RNA-seq,,,UBERON:0018117,left renal cortex interstitium,tissue,,,,,,OutputType.SPLICE_JUNCTIONS,,,
364,junction_UBERON:0018118 polyA plus RNA-seq,,,UBERON:0018118,right renal cortex interstitium,tissue,,,,,,OutputType.SPLICE_JUNCTIONS,,,
365,junction_UBERON:0036149 gtex Skin_Not_Sun_Exposed_Suprapubic polyA plus RNA-seq,,,UBERON:0036149,suprapubic skin,tissue,,,,,,OutputType.SPLICE_JUNCTIONS,Skin_Not_Sun_Exposed_Suprapubic,,
366,junction_UBERON:0036149 total RNA-seq,,,UBERON:0036149,suprapubic skin,tissue,,,,,,OutputType.SPLICE_JUNCTIONS,,,
0,4dn:4DNFI9GMP2J8,.,Micro-C,EFO:0003042,H1-hESC,cell_line,,4dnucleome,,,,OutputType.CONTACT_MAPS,,,
1,4dn:4DNFI9FVHJZQ,.,Micro-C,EFO:0009318,HFFc6,cell_line,,4dnucleome,,,,OutputType.CONTACT_MAPS,,,
2,4dn:4DNFIFLDVASC,.,in situ Hi-C,EFO:0002824,HCT116,cell_line,,4dnucleome,,,,OutputType.CONTACT_MAPS,,,
3,4dn:4DNFIJTOIGOI,.,in situ Hi-C,EFO:0001196,IMR-90,cell_line,,4dnucleome,,,,OutputType.CONTACT_MAPS,,,
4,4dn:4DNFIXP4QG5B,.,in situ Hi-C,EFO:0002784,GM12878,cell_line,,4dnucleome,,,,OutputType.CONTACT_MAPS,,,
5,4dn:4DNFI2VYSX9M,.,in situ Hi-C,EFO:0007073,CyT49,cell_line,,4dnucleome,,,,OutputType.CONTACT_MAPS,,,
6,4dn:4DNFI4DCV74I,.,in situ Hi-C,EFO:0003045,H9,cell_line,,4dnucleome,,,,OutputType.CONTACT_MAPS,,,
7,4dn:4DNFI5IHU27G,.,in situ Hi-C,EFO:0005903,KBM-7,cell_line,,4dnucleome,,,,OutputType.CONTACT_MAPS,,,
8,4dn:4DNFI6HDY7WZ,.,in situ Hi-C,EFO:0003042,H1-hESC,cell_line,,4dnucleome,,,,OutputType.CONTACT_MAPS,,,
9,4dn:4DNFI82R42AD,.,in situ Hi-C,EFO:0003042,H1-hESC,cell_line,,4dnucleome,,,,OutputType.CONTACT_MAPS,,,
10,4dn:4DNFI8RH55DO,.,in situ Hi-C,EFO:0003045,H9,cell_line,,4dnucleome,,,,OutputType.CONTACT_MAPS,,,
11,4dn:4DNFIB59T7NN,.,in situ Hi-C,EFO:0009318,HFFc6,cell_line,,4dnucleome,,,,OutputType.CONTACT_MAPS,,,
12,4dn:4DNFIBM9QCFG,.,in situ Hi-C,EFO:0002791,HeLa-S3,cell_line,,4dnucleome,,,,OutputType.CONTACT_MAPS,,,
13,4dn:4DNFIIOUG5RF,.,in situ Hi-C,EFO:0003045,H9,cell_line,,4dnucleome,,,,OutputType.CONTACT_MAPS,,,
14,4dn:4DNFIK3NF6R2,.,in situ Hi-C,EFO:0007073,CyT49,cell_line,,4dnucleome,,,,OutputType.CONTACT_MAPS,,,
15,4dn:4DNFILP99QJS,.,in situ Hi-C,EFO:0002824,HCT116,cell_line,,4dnucleome,,,,OutputType.CONTACT_MAPS,,,
16,4dn:4DNFIMDOXUT8,.,Dilution Hi-C,CL:0002620,skin fibroblast,cell_line,,4dnucleome,,,,OutputType.CONTACT_MAPS,,,
17,4dn:4DNFINFQV712,.,in situ Hi-C,EFO:0003042,H1-hESC,cell_line,,4dnucleome,,,,OutputType.CONTACT_MAPS,,,
18,4dn:4DNFINQYW56E,.,Micro-C,EFO:0003042,H1-hESC,cell_line,,4dnucleome,,,,OutputType.CONTACT_MAPS,,,
19,4dn:4DNFINXSKZ4F,.,in situ Hi-C,EFO:0007073,CyT49,cell_line,,4dnucleome,,,,OutputType.CONTACT_MAPS,,,
20,4dn:4DNFIPO1DGLH,.,in situ Hi-C,EFO:0003045,H9,cell_line,,4dnucleome,,,,OutputType.CONTACT_MAPS,,,
21,4dn:4DNFIRO3DQCO,.,in situ Hi-C,EFO:0003045,H9,cell_line,,4dnucleome,,,,OutputType.CONTACT_MAPS,,,
22,4dn:4DNFIS6HAUPP,.,in situ Hi-C,EFO:0001187,HepG2,cell_line,,4dnucleome,,,,OutputType.CONTACT_MAPS,,,
23,4dn:4DNFIT5YVTLO,.,in situ Hi-C,EFO:0003045,H9,cell_line,,4dnucleome,,,,OutputType.CONTACT_MAPS,,,
24,4dn:4DNFIVKQADWM,.,in situ Hi-C,EFO:0009747,GM25256,in_vitro_differentiated_cells,,4dnucleome,,,,OutputType.CONTACT_MAPS,,,
25,4dn:4DNFIW8IXCX1,.,in situ Hi-C,EFO:0003042,H1-hESC,cell_line,,4dnucleome,,,,OutputType.CONTACT_MAPS,,,
26,4dn:4DNFIXOWKAM6,.,in situ Hi-C,EFO:0007073,CyT49,cell_line,,4dnucleome,,,,OutputType.CONTACT_MAPS,,,
27,4dn:4DNFIYGPDLKF,.,in situ Hi-C,EFO:0009747,GM25256,in_vitro_differentiated_cells,,4dnucleome,,,,OutputType.CONTACT_MAPS,,,
0,ENCSR072YCM,+,PRO-cap,EFO:0002106,A673,cell_line,,encode,,False,13.30830192565918,OutputType.PROCAP,,,
1,ENCSR182QNJ,+,PRO-cap,EFO:0001099,Caco-2,cell_line,,encode,,False,14.002802848815918,OutputType.PROCAP,,,
2,ENCSR740IPL,+,PRO-cap,EFO:0002067,K562,cell_line,,encode,,False,15.765458106994629,OutputType.PROCAP,,,
3,ENCSR797DEF,+,PRO-cap,EFO:0002819,Calu3,cell_line,,encode,,False,12.281320571899414,OutputType.PROCAP,,,
4,ENCSR801ECP,+,PRO-cap,CL:0002618,endothelial cell of umbilical vein,primary_cell,,encode,,False,13.973691940307617,OutputType.PROCAP,,,
5,ENCSR860TYZ,+,PRO-cap,EFO:0001200,MCF 10A,cell_line,,encode,,False,8.229501724243164,OutputType.PROCAP,,,
6,ENCSR072YCM,-,PRO-cap,EFO:0002106,A673,cell_line,,encode,,False,13.30830192565918,OutputType.PROCAP,,,
7,ENCSR182QNJ,-,PRO-cap,EFO:0001099,Caco-2,cell_line,,encode,,False,14.002802848815918,OutputType.PROCAP,,,
8,ENCSR740IPL,-,PRO-cap,EFO:0002067,K562,cell_line,,encode,,False,15.765458106994629,OutputType.PROCAP,,,
9,ENCSR797DEF,-,PRO-cap,EFO:0002819,Calu3,cell_line,,encode,,False,12.281320571899414,OutputType.PROCAP,,,
10,ENCSR801ECP,-,PRO-cap,CL:0002618,endothelial cell of umbilical vein,primary_cell,,encode,,False,13.973691940307617,OutputType.PROCAP,,,
11,ENCSR860TYZ,-,PRO-cap,EFO:0001200,MCF 10A,cell_line,,encode,,False,8.229501724243164,OutputType.PROCAP,,,
